text,label
"100% confirmed: lab practical cancelled. Don't ignore this, forward to everyone now! Do not ignore this message.",0
Official communication: workshop on machine learning result will be declared on Tuesday 9AM. Check the official website for updates. — Principal's Office,1
Breaking news: Secret information about viva examination - they don't want you to know this! Do not ignore this message.,0
Notice: The project viva has been rescheduled to 15th May 2026 at 2:00 PM. Please check the official portal for details. — Department of Information Technology,1
Don't attend viva examination! It has been banned due to administrative decision. Spread the word! Please verify and share.,0
Alert from higher authorities: seminar cancelled with immediate effect. Share urgently! Received from department WhatsApp group.,0
"Dear Students, The workshop on machine learning scheduled for Monday 10AM will be held as per the original timetable in Examination Hall. — Dr. Mehta, Dean Academic Affairs",1
"Update: mid-semester examination originally scheduled for 25th May 2026 stands confirmed. No changes have been made. — Prof. Sharma, HOD Computer Science",1
Breaking news: Secret information about sports day - they don't want you to know this! Please verify and share.,0
"Last minute information: project submission tomorrow is rescheduled. Stay home, forward this message. Passed on from group admin.",0
"Academic Notice: result declaration will be conducted online via the college portal on 20th May 2026. — Dr. Mehta, Dean Academic Affairs",1
"Students are informed that mid-semester examination will commence from 1st June 2026 as per the academic calendar. — Prof. Sharma, HOD Computer Science",1
Alert from higher authorities: exam delayed indefinitely with immediate effect. Share urgently! This is 100% real information.,0
Notice: The annual cultural fest has been rescheduled to 25th May 2026 at 2:00 PM. Please check the official portal for details. — Student Affairs Office,1
Reminder: result declaration registration deadline is 1st June 2026. Visit the administrative office for further queries. — Academic Section,1
Hidden truth revealed: exam is not what they tell you. Spread awareness now! This is 100% real information.,0
You won't believe this! class has been rescheduled. The truth is shocking! Passed on from group admin.,0
"The Dr. Mehta, Dean Academic Affairs hereby informs students that alumni meet is scheduled on Monday 10AM in Auditorium A. Be present on time.",1
Student Affairs Office announces the commencement of seminar on cybersecurity from 1st June 2026. All students are requested to prepare accordingly.,1
Reminder: alumni meet registration deadline is Friday 11AM. Visit the administrative office for further queries. — Student Affairs Office,1
"Dr. Mehta, Dean Academic Affairs: The timetable for end-semester examination is now available on the college website. Check before 20th May 2026.",1
Official communication: alumni meet result will be declared on 15th May 2026. Check the official website for updates. — Academic Section,1
Principal's Office announces the commencement of workshop on machine learning from Tuesday 9AM. All students are requested to prepare accordingly.,1
Reminder: convocation ceremony registration deadline is Monday 10AM. Visit the administrative office for further queries. — Academic Section,1
MUST SHARE!!! project submission has been unexpectedly cancelled. All students must know NOW!!! Received from department WhatsApp group.,0
"Circular No. 418: convocation ceremony will be held as per schedule on 20th May 2026. Carry your ID cards. — Prof. Sharma, HOD Computer Science",1
Update: convocation ceremony originally scheduled for 1st June 2026 stands confirmed. No changes have been made. — The Registrar,1
"Dear Students, The fee payment scheduled for Friday 11AM will be held as per the original timetable in Seminar Hall. — The Registrar",1
The Academic Section hereby informs students that seminar on cybersecurity is scheduled on Wednesday 2PM in Room 204. Be present on time.,1
"Last minute information: fest tomorrow is moved online. Stay home, forward this message. Do not ignore this message.",0
"IMPORTANT MESSAGE: Due to COVID protocol, project submission is now suspended. Share immediately! Passed on from group admin.",0
Official communication: project viva result will be declared on Wednesday 2PM. Check the official website for updates. — The Registrar,1
"IMPORTANT MESSAGE: Due to administrative decision, annual function is now banned. Share immediately! Received from department WhatsApp group.",0
Students are informed that project viva will commence from 20th May 2026 as per the academic calendar. — Student Affairs Office,1
EXCLUSIVE LEAKED INFO: workshop is completely merged with another event. Share before it gets deleted! This is 100% real information.,0
Students are informed that convocation ceremony will commence from 20th May 2026 as per the academic calendar. — Academic Section,1
Notice from Academic Section: seminar on cybersecurity registration is now open. Last date to apply is 1st June 2026.,1
The Principal's Office hereby informs students that sports meet is scheduled on 20th May 2026 in Examination Hall. Be present on time.,1
"Reminder: alumni meet registration deadline is 20th May 2026. Visit the administrative office for further queries. — Prof. Sharma, HOD Computer Science",1
Principal's Office announces the commencement of end-semester examination from 20th May 2026. All students are requested to prepare accordingly.,1
"Important: The venue for project viva has been changed to Main Hall. All other details remain the same. — Dr. Mehta, Dean Academic Affairs",1
Important: The venue for end-semester examination has been changed to Seminar Hall. All other details remain the same. — The Registrar,1
Notice: The alumni meet has been rescheduled to 20th May 2026 at 11:00 AM. Please check the official portal for details. — The Examination Controller,1
🚨🚨 ALERT: sports day is suspended until further notice. Tell everyone ASAP! 🚨🚨 Do not ignore this message.,0
Update: convocation ceremony originally scheduled for 20th May 2026 stands confirmed. No changes have been made. — The Registrar,1
The The Registrar hereby informs students that annual cultural fest is scheduled on 25th May 2026 in Main Hall. Be present on time.,1
Breaking news: Secret information about lab practical - they don't want you to know this! Passed on from group admin.,0
"Last minute information: lab practical tomorrow is banned. Stay home, forward this message. Passed on from group admin.",0
Department of Information Technology announces the commencement of workshop on machine learning from 20th May 2026. All students are requested to prepare accordingly.,1
This is to inform all students that annual cultural fest will take place on 1st June 2026 as announced. Attendance is mandatory. — The Registrar,1
"Dr. Mehta, Dean Academic Affairs announces the commencement of fee payment from Monday 10AM. All students are requested to prepare accordingly.",1
"IMPORTANT MESSAGE: Due to unexpected maintenance, annual function is now cancelled. Share immediately! Received from department WhatsApp group.",0
"Reminder: scholarship application registration deadline is Friday 11AM. Visit the administrative office for further queries. — Prof. Sharma, HOD Computer Science",1
Principal's Office: The timetable for convocation ceremony is now available on the college website. Check before 20th May 2026.,1
Hidden truth revealed: workshop is not what they tell you. Spread awareness now! Do not ignore this message.,0
BREAKING: result declaration postponed due to COVID protocol. Share with everyone immediately! Passed on from group admin.,0
Shocking revelation: annual function is a complete fraud. Share this viral truth immediately! Please verify and share.,0
Students of first year are reminded that alumni meet is compulsory. Contact the office for any clarifications. — Student Affairs Office,1
"This is to inform all students that sports meet will take place on Tuesday 9AM as announced. Attendance is mandatory. — Prof. Sharma, HOD Computer Science",1
Don't attend workshop! It has been rescheduled due to power failure. Spread the word! Please verify and share.,0
BREAKING: fest postponed due to safety hazard. Share with everyone immediately! Received from department WhatsApp group.,0
Hidden truth revealed: result declaration is not what they tell you. Spread awareness now! Do not ignore this message.,0
Message from reliable source: convocation cancelled without prior notice. Tell everyone. Received from department WhatsApp group.,0
"100% confirmed: class postponed. Don't ignore this, forward to everyone now! Passed on from group admin.",0
Shocking revelation: lab practical is a complete fraud. Share this viral truth immediately! Please verify and share.,0
Breaking news: Secret information about fest - they don't want you to know this! Passed on from group admin.,0
The Registrar announces the commencement of convocation ceremony from 25th May 2026. All students are requested to prepare accordingly.,1
Don't attend viva examination! It has been suspended due to power failure. Spread the word! Do not ignore this message.,0
URGENT!!! workshop has been CANCELLED immediately. Forward this to all students NOW!!! Please verify and share.,0
*Forwarded as received* workshop will not happen tomorrow. Reliable source confirmed. This is 100% real information.,0
Breaking news: Secret information about university event - they don't want you to know this! Please verify and share.,0
Important: The venue for seminar on cybersecurity has been changed to Seminar Hall. All other details remain the same. — Academic Section,1
"Dear Students, The fee payment scheduled for 25th May 2026 will be held as per the original timetable in Examination Hall. — The Examination Controller",1
"100% confirmed: viva examination banned. Don't ignore this, forward to everyone now! Do not ignore this message.",0
This is to inform all students that project viva will take place on Friday 11AM as announced. Attendance is mandatory. — The Registrar,1
Principal's Office: The timetable for alumni meet is now available on the college website. Check before 25th May 2026.,1
Confirmed by insiders: seminar is called off. The real reason will shock you! This is 100% real information.,0
Message from reliable source: workshop cancelled without prior notice. Tell everyone. Received from department WhatsApp group.,0
Important: The venue for end-semester examination has been changed to Main Hall. All other details remain the same. — The Examination Controller,1
Official communication: scholarship application result will be declared on Wednesday 2PM. Check the official website for updates. — The Registrar,1
This is to inform all students that sports meet will take place on Wednesday 2PM as announced. Attendance is mandatory. — Principal's Office,1
Important: The venue for fee payment has been changed to Auditorium A. All other details remain the same. — The Registrar,1
Notice: The sports meet has been rescheduled to 20th May 2026 at 10:00 AM. Please check the official portal for details. — Student Affairs Office,1
"Important: The venue for end-semester examination has been changed to Computer Centre. All other details remain the same. — Dr. Mehta, Dean Academic Affairs",1
Notice from Department of Information Technology: library book submission registration is now open. Last date to apply is 20th May 2026.,1
This is to inform all students that annual cultural fest will take place on Wednesday 2PM as announced. Attendance is mandatory. — Principal's Office,1
"Dear Students, The alumni meet scheduled for 15th May 2026 will be held as per the original timetable in Seminar Hall. — Academic Section",1
MUST SHARE!!! exam has been unexpectedly called off. All students must know NOW!!! Received from department WhatsApp group.,0
Notice from The Examination Controller: mid-semester examination registration is now open. Last date to apply is 20th May 2026.,1
EXCLUSIVE LEAKED INFO: annual function is completely delayed indefinitely. Share before it gets deleted! Passed on from group admin.,0
Notice from Student Affairs Office: project viva registration is now open. Last date to apply is 25th May 2026.,1
Urgent warning: annual function is dangerous. Forward this to protect everyone you know. Do not ignore this message.,0
Hidden truth revealed: workshop is not what they tell you. Spread awareness now! Passed on from group admin.,0
Notice from Principal's Office: practical examination registration is now open. Last date to apply is Wednesday 2PM.,1
"Important: The venue for seminar on cybersecurity has been changed to Room 204. All other details remain the same. — Prof. Sharma, HOD Computer Science",1
"IMPORTANT MESSAGE: Due to staff absence, college is now postponed. Share immediately! Please verify and share.",0
You won't believe this! fest has been delayed indefinitely. The truth is shocking! This is 100% real information.,0
Department of Information Technology announces the commencement of workshop on machine learning from Tuesday 9AM. All students are requested to prepare accordingly.,1
"Students are informed that result declaration will commence from Monday 10AM as per the academic calendar. — Prof. Sharma, HOD Computer Science",1
"Last minute information: workshop tomorrow is cancelled. Stay home, forward this message. Please verify and share.",0
"Last minute information: seminar tomorrow is cancelled. Stay home, forward this message. Please verify and share.",0
Confirmed by insiders: exam is cancelled. The real reason will shock you! Passed on from group admin.,0
Hidden truth revealed: convocation is not what they tell you. Spread awareness now! Please verify and share.,0
Notice: The convocation ceremony has been rescheduled to Wednesday 2PM at 2:00 PM. Please check the official portal for details. — Academic Section,1
"Dear Students, The project viva scheduled for Friday 11AM will be held as per the original timetable in Auditorium A. — Department of Information Technology",1
You won't believe this! workshop has been rescheduled. The truth is shocking! This is 100% real information.,0
You won't believe this! workshop has been rescheduled. The truth is shocking! Do not ignore this message.,0
"100% confirmed: viva examination rescheduled. Don't ignore this, forward to everyone now! Passed on from group admin.",0
Urgent warning: sports day is dangerous. Forward this to protect everyone you know. This is 100% real information.,0
Reminder: annual cultural fest registration deadline is 15th May 2026. Visit the administrative office for further queries. — Department of Information Technology,1
URGENT!!! annual function has been CANCELLED immediately. Forward this to all students NOW!!! Passed on from group admin.,0
"Academic Notice: scholarship application will be conducted online via the college portal on Tuesday 9AM. — Dr. Mehta, Dean Academic Affairs",1
"Reminder: end-semester examination registration deadline is 20th May 2026. Visit the administrative office for further queries. — Dr. Mehta, Dean Academic Affairs",1
Academic Section: The timetable for seminar on cybersecurity is now available on the college website. Check before Wednesday 2PM.,1
"Notice: The seminar on cybersecurity has been rescheduled to Friday 11AM at 10:00 AM. Please check the official portal for details. — Dr. Mehta, Dean Academic Affairs",1
Urgent warning: class is dangerous. Forward this to protect everyone you know. Do not ignore this message.,0
Notice from Department of Information Technology: sports meet registration is now open. Last date to apply is Tuesday 9AM.,1
WARNING: If you attend seminar tomorrow you might technical issues. Share to save people! Please verify and share.,0
Important: The venue for end-semester examination has been changed to Auditorium A. All other details remain the same. — The Registrar,1
"100% confirmed: university event cancelled. Don't ignore this, forward to everyone now! Received from department WhatsApp group.",0
URGENT!!! class has been CANCELLED immediately. Forward this to all students NOW!!! Please verify and share.,0
"The Dr. Mehta, Dean Academic Affairs hereby informs students that result declaration is scheduled on 20th May 2026 in Main Hall. Be present on time.",1
"Prof. Sharma, HOD Computer Science: The timetable for fee payment is now available on the college website. Check before Monday 10AM.",1
"Last minute information: result declaration tomorrow is rescheduled. Stay home, forward this message. This is 100% real information.",0
Students are informed that industrial visit will commence from 25th May 2026 as per the academic calendar. — Department of Information Technology,1
Notice: The workshop on machine learning has been rescheduled to 1st June 2026 at 2:00 PM. Please check the official portal for details. — Academic Section,1
URGENT!!! fest has been CANCELLED immediately. Forward this to all students NOW!!! Do not ignore this message.,0
Circular No. 101: annual cultural fest will be held as per schedule on Wednesday 2PM. Carry your ID cards. — Principal's Office,1
Official communication: end-semester examination result will be declared on Tuesday 9AM. Check the official website for updates. — The Registrar,1
"This is to inform all students that scholarship application will take place on Wednesday 2PM as announced. Attendance is mandatory. — Dr. Mehta, Dean Academic Affairs",1
Department of Information Technology announces the commencement of fee payment from 1st June 2026. All students are requested to prepare accordingly.,1
MUST SHARE!!! annual function has been unexpectedly cancelled. All students must know NOW!!! Please verify and share.,0
Students of first year are reminded that sports meet is compulsory. Contact the office for any clarifications. — Academic Section,1
Message from reliable source: convocation cancelled without prior notice. Tell everyone. Received from department WhatsApp group.,0
Student Affairs Office announces the commencement of annual cultural fest from Friday 11AM. All students are requested to prepare accordingly.,1
Breaking news: Secret information about exam - they don't want you to know this! Do not ignore this message.,0
The Principal's Office hereby informs students that scholarship application is scheduled on Tuesday 9AM in Lab Block 3. Be present on time.,1
Academic Notice: result declaration will be conducted online via the college portal on Friday 11AM. — Academic Section,1
This is to inform all students that annual cultural fest will take place on 25th May 2026 as announced. Attendance is mandatory. — Student Affairs Office,1
Urgent warning: workshop is dangerous. Forward this to protect everyone you know. Do not ignore this message.,0
Students are informed that end-semester examination will commence from Wednesday 2PM as per the academic calendar. — Department of Information Technology,1
Student Affairs Office announces the commencement of industrial visit from 25th May 2026. All students are requested to prepare accordingly.,1
Urgent warning: college is dangerous. Forward this to protect everyone you know. Please verify and share.,0
Alert from higher authorities: sports day moved online with immediate effect. Share urgently! This is 100% real information.,0
BREAKING: result declaration postponed due to water shortage. Share with everyone immediately! This is 100% real information.,0
Academic Notice: scholarship application will be conducted online via the college portal on 1st June 2026. — Department of Information Technology,1
Breaking news: Secret information about class - they don't want you to know this! Do not ignore this message.,0
Academic Notice: annual cultural fest will be conducted online via the college portal on Wednesday 2PM. — Student Affairs Office,1
Don't attend sports day! It has been delayed indefinitely due to water shortage. Spread the word! Please verify and share.,0
URGENT!!! lab practical has been CANCELLED immediately. Forward this to all students NOW!!! Do not ignore this message.,0
Academic Notice: practical examination will be conducted online via the college portal on Monday 10AM. — Student Affairs Office,1
Academic Notice: alumni meet will be conducted online via the college portal on Friday 11AM. — Academic Section,1
Notice from Student Affairs Office: scholarship application registration is now open. Last date to apply is Monday 10AM.,1
Update: result declaration originally scheduled for Monday 10AM stands confirmed. No changes have been made. — The Registrar,1
BREAKING: exam postponed due to government order. Share with everyone immediately! Please verify and share.,0
"Dr. Mehta, Dean Academic Affairs: The timetable for fee payment is now available on the college website. Check before Tuesday 9AM.",1
URGENT!!! result declaration has been CANCELLED immediately. Forward this to all students NOW!!! This is 100% real information.,0
Notice: The project viva has been rescheduled to Tuesday 9AM at 9:30 AM. Please check the official portal for details. — Academic Section,1
"Dear Students, The annual cultural fest scheduled for Friday 11AM will be held as per the original timetable in Computer Centre. — Academic Section",1
BREAKING: annual function postponed due to safety hazard. Share with everyone immediately! Do not ignore this message.,0
Message from reliable source: result declaration cancelled without prior notice. Tell everyone. Passed on from group admin.,0
"Dear Students, The library book submission scheduled for Monday 10AM will be held as per the original timetable in Seminar Hall. — Academic Section",1
VIRAL: lab practical suspended - government trying to hide this. Share before its deleted! This is 100% real information.,0
The The Examination Controller hereby informs students that sports meet is scheduled on 20th May 2026 in Main Hall. Be present on time.,1
"100% confirmed: class banned. Don't ignore this, forward to everyone now! This is 100% real information.",0
"Dear Students, The fee payment scheduled for Monday 10AM will be held as per the original timetable in Seminar Hall. — The Examination Controller",1
Students of second year are reminded that alumni meet is compulsory. Contact the office for any clarifications. — Department of Information Technology,1
The Academic Section hereby informs students that scholarship application is scheduled on Wednesday 2PM in Computer Centre. Be present on time.,1
VIRAL: viva examination suspended - government trying to hide this. Share before its deleted! Received from department WhatsApp group.,0
Confirmed by insiders: project submission is called off. The real reason will shock you! Passed on from group admin.,0
MUST SHARE!!! fest has been unexpectedly rescheduled. All students must know NOW!!! This is 100% real information.,0
MUST SHARE!!! class has been unexpectedly delayed indefinitely. All students must know NOW!!! This is 100% real information.,0
The Registrar: The timetable for industrial visit is now available on the college website. Check before Friday 11AM.,1
"Update: annual cultural fest originally scheduled for 15th May 2026 stands confirmed. No changes have been made. — Prof. Sharma, HOD Computer Science",1
Confirmed by insiders: project submission is merged with another event. The real reason will shock you! Passed on from group admin.,0
MUST SHARE!!! result declaration has been unexpectedly banned. All students must know NOW!!! This is 100% real information.,0
"100% confirmed: seminar merged with another event. Don't ignore this, forward to everyone now! Please verify and share.",0
"Notice: The industrial visit has been rescheduled to Monday 10AM at 9:30 AM. Please check the official portal for details. — Dr. Mehta, Dean Academic Affairs",1
MUST SHARE!!! seminar has been unexpectedly rescheduled. All students must know NOW!!! Do not ignore this message.,0
Students of second year are reminded that practical examination is compulsory. Contact the office for any clarifications. — Student Affairs Office,1
Confirmed by insiders: project submission is suspended. The real reason will shock you! Passed on from group admin.,0
Students are informed that end-semester examination will commence from 20th May 2026 as per the academic calendar. — Department of Information Technology,1
Hidden truth revealed: convocation is not what they tell you. Spread awareness now! Received from department WhatsApp group.,0
*Forwarded as received* college will not happen tomorrow. Reliable source confirmed. Received from department WhatsApp group.,0
Reminder: annual cultural fest registration deadline is 25th May 2026. Visit the administrative office for further queries. — The Registrar,1
Alert from higher authorities: workshop merged with another event with immediate effect. Share urgently! Passed on from group admin.,0
Notice from Department of Information Technology: project viva registration is now open. Last date to apply is 20th May 2026.,1
Official communication: practical examination result will be declared on Friday 11AM. Check the official website for updates. — The Examination Controller,1
"Last minute information: workshop tomorrow is called off. Stay home, forward this message. Passed on from group admin.",0
BREAKING: fest postponed due to staff absence. Share with everyone immediately! Received from department WhatsApp group.,0
Update: library book submission originally scheduled for 25th May 2026 stands confirmed. No changes have been made. — Student Affairs Office,1
"IMPORTANT MESSAGE: Due to administrative decision, viva examination is now cancelled. Share immediately! Do not ignore this message.",0
Alert from higher authorities: annual function delayed indefinitely with immediate effect. Share urgently! Received from department WhatsApp group.,0
"100% confirmed: annual function suspended. Don't ignore this, forward to everyone now! Please verify and share.",0
URGENT!!! exam has been CANCELLED immediately. Forward this to all students NOW!!! This is 100% real information.,0
Update: sports meet originally scheduled for 20th May 2026 stands confirmed. No changes have been made. — Academic Section,1
"Last minute information: exam tomorrow is merged with another event. Stay home, forward this message. Please verify and share.",0
Notice from The Registrar: workshop on machine learning registration is now open. Last date to apply is 1st June 2026.,1
Students of all are reminded that alumni meet is compulsory. Contact the office for any clarifications. — Department of Information Technology,1
Don't attend sports day! It has been delayed indefinitely due to power failure. Spread the word! Do not ignore this message.,0
"IMPORTANT MESSAGE: Due to unexpected maintenance, result declaration is now rescheduled. Share immediately! Please verify and share.",0
"100% confirmed: class merged with another event. Don't ignore this, forward to everyone now! Passed on from group admin.",0
"100% confirmed: college suspended. Don't ignore this, forward to everyone now! Received from department WhatsApp group.",0
Principal's Office: The timetable for workshop on machine learning is now available on the college website. Check before 15th May 2026.,1
The Registrar: The timetable for project viva is now available on the college website. Check before 1st June 2026.,1
Notice from The Registrar: mid-semester examination registration is now open. Last date to apply is 1st June 2026.,1
"Dear Students, The industrial visit scheduled for 25th May 2026 will be held as per the original timetable in Computer Centre. — Student Affairs Office",1
Notice from Principal's Office: result declaration registration is now open. Last date to apply is 20th May 2026.,1
"100% confirmed: convocation cancelled. Don't ignore this, forward to everyone now! Passed on from group admin.",0
"100% confirmed: workshop banned. Don't ignore this, forward to everyone now! Passed on from group admin.",0
"Official communication: industrial visit result will be declared on 1st June 2026. Check the official website for updates. — Prof. Sharma, HOD Computer Science",1
Alert from higher authorities: sports day banned with immediate effect. Share urgently! Passed on from group admin.,0
Circular No. 305: mid-semester examination will be held as per schedule on Tuesday 9AM. Carry your ID cards. — The Examination Controller,1
URGENT!!! convocation has been CANCELLED immediately. Forward this to all students NOW!!! Please verify and share.,0
"This is to inform all students that industrial visit will take place on 15th May 2026 as announced. Attendance is mandatory. — Prof. Sharma, HOD Computer Science",1
Alert from higher authorities: workshop delayed indefinitely with immediate effect. Share urgently! Received from department WhatsApp group.,0
"Dr. Mehta, Dean Academic Affairs announces the commencement of sports meet from Friday 11AM. All students are requested to prepare accordingly.",1
"Important: The venue for alumni meet has been changed to Auditorium A. All other details remain the same. — Dr. Mehta, Dean Academic Affairs",1
Circular No. 202: sports meet will be held as per schedule on 1st June 2026. Carry your ID cards. — The Examination Controller,1
"Dear Students, The seminar on cybersecurity scheduled for 25th May 2026 will be held as per the original timetable in Examination Hall. — Student Affairs Office",1
Don't attend class! It has been merged with another event due to government order. Spread the word! Received from department WhatsApp group.,0
Message from reliable source: class cancelled without prior notice. Tell everyone. Received from department WhatsApp group.,0
The Academic Section hereby informs students that annual cultural fest is scheduled on 20th May 2026 in Auditorium A. Be present on time.,1
"Students are informed that fee payment will commence from 1st June 2026 as per the academic calendar. — Prof. Sharma, HOD Computer Science",1
BREAKING: sports day postponed due to security concerns. Share with everyone immediately! Received from department WhatsApp group.,0
"100% confirmed: convocation delayed indefinitely. Don't ignore this, forward to everyone now! This is 100% real information.",0
MUST SHARE!!! workshop has been unexpectedly suspended. All students must know NOW!!! Passed on from group admin.,0
"This is to inform all students that seminar on cybersecurity will take place on Wednesday 2PM as announced. Attendance is mandatory. — Prof. Sharma, HOD Computer Science",1
BREAKING: annual function postponed due to technical issues. Share with everyone immediately! Passed on from group admin.,0
Urgent warning: project submission is dangerous. Forward this to protect everyone you know. This is 100% real information.,0
*Forwarded as received* project submission will not happen tomorrow. Reliable source confirmed. Received from department WhatsApp group.,0
🚨🚨 ALERT: result declaration is suspended until further notice. Tell everyone ASAP! 🚨🚨 Passed on from group admin.,0
*Forwarded as received* sports day will not happen tomorrow. Reliable source confirmed. Do not ignore this message.,0
EXCLUSIVE LEAKED INFO: university event is completely called off. Share before it gets deleted! Passed on from group admin.,0
"Academic Notice: scholarship application will be conducted online via the college portal on 20th May 2026. — Dr. Mehta, Dean Academic Affairs",1
"This is to inform all students that end-semester examination will take place on Friday 11AM as announced. Attendance is mandatory. — Prof. Sharma, HOD Computer Science",1
This is to inform all students that end-semester examination will take place on Wednesday 2PM as announced. Attendance is mandatory. — Department of Information Technology,1
VIRAL: annual function cancelled - government trying to hide this. Share before its deleted! Received from department WhatsApp group.,0
"Last minute information: university event tomorrow is called off. Stay home, forward this message. Please verify and share.",0
EXCLUSIVE LEAKED INFO: college is completely postponed. Share before it gets deleted! Received from department WhatsApp group.,0
Important: The venue for scholarship application has been changed to Main Hall. All other details remain the same. — Student Affairs Office,1
BREAKING: seminar postponed due to technical issues. Share with everyone immediately! Please verify and share.,0
Message from reliable source: viva examination cancelled without prior notice. Tell everyone. Please verify and share.,0
BREAKING: viva examination postponed due to government order. Share with everyone immediately! Passed on from group admin.,0
"Notice: The practical examination has been rescheduled to 1st June 2026 at 2:00 PM. Please check the official portal for details. — Dr. Mehta, Dean Academic Affairs",1
Circular No. 305: alumni meet will be held as per schedule on 1st June 2026. Carry your ID cards. — The Registrar,1
Notice: The mid-semester examination has been rescheduled to Wednesday 2PM at 9:30 AM. Please check the official portal for details. — Principal's Office,1
"Reminder: practical examination registration deadline is 20th May 2026. Visit the administrative office for further queries. — Prof. Sharma, HOD Computer Science",1
WARNING: If you attend sports day tomorrow you might water shortage. Share to save people! Passed on from group admin.,0
Notice: The industrial visit has been rescheduled to Friday 11AM at 10:00 AM. Please check the official portal for details. — Department of Information Technology,1
Confirmed by insiders: project submission is delayed indefinitely. The real reason will shock you! Received from department WhatsApp group.,0
Important: The venue for workshop on machine learning has been changed to Seminar Hall. All other details remain the same. — Academic Section,1
Students are informed that fee payment will commence from Friday 11AM as per the academic calendar. — The Registrar,1
BREAKING: viva examination postponed due to water shortage. Share with everyone immediately! Do not ignore this message.,0
Academic Notice: project viva will be conducted online via the college portal on 25th May 2026. — Department of Information Technology,1
Shocking revelation: fest is a complete fraud. Share this viral truth immediately! Do not ignore this message.,0
Message from reliable source: seminar cancelled without prior notice. Tell everyone. Do not ignore this message.,0
Message from reliable source: project submission cancelled without prior notice. Tell everyone. Do not ignore this message.,0
"This is to inform all students that project viva will take place on Friday 11AM as announced. Attendance is mandatory. — Prof. Sharma, HOD Computer Science",1
URGENT!!! result declaration has been CANCELLED immediately. Forward this to all students NOW!!! Please verify and share.,0
*Forwarded as received* lab practical will not happen tomorrow. Reliable source confirmed. Please verify and share.,0
"Dear Students, The result declaration scheduled for Monday 10AM will be held as per the original timetable in Auditorium A. — Principal's Office",1
"Academic Notice: annual cultural fest will be conducted online via the college portal on 1st June 2026. — Prof. Sharma, HOD Computer Science",1
MUST SHARE!!! lab practical has been unexpectedly merged with another event. All students must know NOW!!! Please verify and share.,0
"Last minute information: annual function tomorrow is moved online. Stay home, forward this message. This is 100% real information.",0
Alert from higher authorities: university event rescheduled with immediate effect. Share urgently! This is 100% real information.,0
Alert from higher authorities: college suspended with immediate effect. Share urgently! Do not ignore this message.,0
Update: annual cultural fest originally scheduled for Friday 11AM stands confirmed. No changes have been made. — Student Affairs Office,1
VIRAL: sports day suspended - government trying to hide this. Share before its deleted! Received from department WhatsApp group.,0
Alert from higher authorities: college delayed indefinitely with immediate effect. Share urgently! This is 100% real information.,0
This is to inform all students that workshop on machine learning will take place on Friday 11AM as announced. Attendance is mandatory. — Academic Section,1
The Examination Controller: The timetable for library book submission is now available on the college website. Check before 25th May 2026.,1
Academic Notice: fee payment will be conducted online via the college portal on Friday 11AM. — Academic Section,1
EXCLUSIVE LEAKED INFO: exam is completely suspended. Share before it gets deleted! Received from department WhatsApp group.,0
Important: The venue for industrial visit has been changed to Auditorium A. All other details remain the same. — The Registrar,1
Students are informed that mid-semester examination will commence from Friday 11AM as per the academic calendar. — Student Affairs Office,1
Important: The venue for fee payment has been changed to Lab Block 3. All other details remain the same. — The Examination Controller,1
Important: The venue for seminar on cybersecurity has been changed to Room 204. All other details remain the same. — Student Affairs Office,1
VIRAL: fest merged with another event - government trying to hide this. Share before its deleted! Please verify and share.,0
Shocking revelation: fest is a complete fraud. Share this viral truth immediately! Received from department WhatsApp group.,0
Notice from Student Affairs Office: convocation ceremony registration is now open. Last date to apply is Tuesday 9AM.,1
Breaking news: Secret information about exam - they don't want you to know this! Received from department WhatsApp group.,0
Alert from higher authorities: viva examination postponed with immediate effect. Share urgently! Received from department WhatsApp group.,0
Circular No. 202: practical examination will be held as per schedule on 25th May 2026. Carry your ID cards. — Principal's Office,1
"Notice from Prof. Sharma, HOD Computer Science: annual cultural fest registration is now open. Last date to apply is Monday 10AM.",1
Notice from Department of Information Technology: alumni meet registration is now open. Last date to apply is Monday 10AM.,1
Students are informed that seminar on cybersecurity will commence from 20th May 2026 as per the academic calendar. — Student Affairs Office,1
Urgent warning: viva examination is dangerous. Forward this to protect everyone you know. Please verify and share.,0
Important: The venue for industrial visit has been changed to Examination Hall. All other details remain the same. — The Registrar,1
MUST SHARE!!! project submission has been unexpectedly merged with another event. All students must know NOW!!! This is 100% real information.,0
Important: The venue for result declaration has been changed to Main Hall. All other details remain the same. — Academic Section,1
Students are informed that fee payment will commence from 1st June 2026 as per the academic calendar. — Department of Information Technology,1
Notice from The Examination Controller: scholarship application registration is now open. Last date to apply is 25th May 2026.,1
Academic Section announces the commencement of library book submission from 20th May 2026. All students are requested to prepare accordingly.,1
Notice from The Examination Controller: annual cultural fest registration is now open. Last date to apply is Friday 11AM.,1
Alert from higher authorities: viva examination delayed indefinitely with immediate effect. Share urgently! Received from department WhatsApp group.,0
Shocking revelation: university event is a complete fraud. Share this viral truth immediately! Received from department WhatsApp group.,0
Circular No. 523: result declaration will be held as per schedule on Friday 11AM. Carry your ID cards. — Department of Information Technology,1
Academic Notice: library book submission will be conducted online via the college portal on Friday 11AM. — Academic Section,1
The Academic Section hereby informs students that project viva is scheduled on Wednesday 2PM in Lab Block 3. Be present on time.,1
This is to inform all students that project viva will take place on 25th May 2026 as announced. Attendance is mandatory. — Student Affairs Office,1
"Students are informed that industrial visit will commence from 15th May 2026 as per the academic calendar. — Dr. Mehta, Dean Academic Affairs",1
"Students are informed that convocation ceremony will commence from Wednesday 2PM as per the academic calendar. — Prof. Sharma, HOD Computer Science",1
Breaking news: Secret information about fest - they don't want you to know this! Passed on from group admin.,0
The The Examination Controller hereby informs students that practical examination is scheduled on 20th May 2026 in Room 204. Be present on time.,1
Students of second year are reminded that seminar on cybersecurity is compulsory. Contact the office for any clarifications. — The Examination Controller,1
"100% confirmed: viva examination called off. Don't ignore this, forward to everyone now! Do not ignore this message.",0
Notice from The Registrar: convocation ceremony registration is now open. Last date to apply is Tuesday 9AM.,1
"The Prof. Sharma, HOD Computer Science hereby informs students that scholarship application is scheduled on Monday 10AM in Main Hall. Be present on time.",1
Reminder: fee payment registration deadline is 1st June 2026. Visit the administrative office for further queries. — Department of Information Technology,1
URGENT!!! college has been CANCELLED immediately. Forward this to all students NOW!!! This is 100% real information.,0
"The Prof. Sharma, HOD Computer Science hereby informs students that seminar on cybersecurity is scheduled on 1st June 2026 in Seminar Hall. Be present on time.",1
"IMPORTANT MESSAGE: Due to technical issues, seminar is now cancelled. Share immediately! This is 100% real information.",0
"Academic Notice: seminar on cybersecurity will be conducted online via the college portal on Friday 11AM. — Prof. Sharma, HOD Computer Science",1
URGENT!!! lab practical has been CANCELLED immediately. Forward this to all students NOW!!! This is 100% real information.,0
"Update: end-semester examination originally scheduled for Friday 11AM stands confirmed. No changes have been made. — Prof. Sharma, HOD Computer Science",1
Academic Notice: convocation ceremony will be conducted online via the college portal on Tuesday 9AM. — Academic Section,1
Academic Notice: scholarship application will be conducted online via the college portal on 15th May 2026. — Academic Section,1
Reminder: end-semester examination registration deadline is 25th May 2026. Visit the administrative office for further queries. — Principal's Office,1
"Dear Students, The convocation ceremony scheduled for 25th May 2026 will be held as per the original timetable in Lab Block 3. — Prof. Sharma, HOD Computer Science",1
Notice from Student Affairs Office: annual cultural fest registration is now open. Last date to apply is Friday 11AM.,1
Reminder: result declaration registration deadline is Friday 11AM. Visit the administrative office for further queries. — Department of Information Technology,1
Breaking news: Secret information about result declaration - they don't want you to know this! Passed on from group admin.,0
"Prof. Sharma, HOD Computer Science: The timetable for mid-semester examination is now available on the college website. Check before Tuesday 9AM.",1
Update: mid-semester examination originally scheduled for 1st June 2026 stands confirmed. No changes have been made. — Academic Section,1
WARNING: If you attend result declaration tomorrow you might COVID protocol. Share to save people! Received from department WhatsApp group.,0
Students of second year are reminded that sports meet is compulsory. Contact the office for any clarifications. — Academic Section,1
Update: seminar on cybersecurity originally scheduled for 20th May 2026 stands confirmed. No changes have been made. — The Registrar,1
The Examination Controller announces the commencement of mid-semester examination from Tuesday 9AM. All students are requested to prepare accordingly.,1
Update: workshop on machine learning originally scheduled for 1st June 2026 stands confirmed. No changes have been made. — Student Affairs Office,1
"IMPORTANT MESSAGE: Due to security concerns, sports day is now delayed indefinitely. Share immediately! Received from department WhatsApp group.",0
"Update: seminar on cybersecurity originally scheduled for 15th May 2026 stands confirmed. No changes have been made. — Prof. Sharma, HOD Computer Science",1
URGENT!!! annual function has been CANCELLED immediately. Forward this to all students NOW!!! Received from department WhatsApp group.,0
"Dr. Mehta, Dean Academic Affairs announces the commencement of end-semester examination from Monday 10AM. All students are requested to prepare accordingly.",1
BREAKING: class postponed due to staff absence. Share with everyone immediately! This is 100% real information.,0
MUST SHARE!!! seminar has been unexpectedly merged with another event. All students must know NOW!!! Do not ignore this message.,0
Official communication: result declaration result will be declared on Wednesday 2PM. Check the official website for updates. — Principal's Office,1
Official communication: practical examination result will be declared on Tuesday 9AM. Check the official website for updates. — Student Affairs Office,1
Breaking news: Secret information about annual function - they don't want you to know this! This is 100% real information.,0
URGENT!!! project submission has been CANCELLED immediately. Forward this to all students NOW!!! Received from department WhatsApp group.,0
VIRAL: workshop merged with another event - government trying to hide this. Share before its deleted! Do not ignore this message.,0
Alert from higher authorities: fest suspended with immediate effect. Share urgently! Passed on from group admin.,0
Breaking news: Secret information about viva examination - they don't want you to know this! Do not ignore this message.,0
"Students of first year are reminded that sports meet is compulsory. Contact the office for any clarifications. — Prof. Sharma, HOD Computer Science",1
URGENT!!! workshop has been CANCELLED immediately. Forward this to all students NOW!!! Passed on from group admin.,0
"IMPORTANT MESSAGE: Due to power failure, lab practical is now moved online. Share immediately! Passed on from group admin.",0
"Notice: The industrial visit has been rescheduled to 15th May 2026 at 11:00 AM. Please check the official portal for details. — Prof. Sharma, HOD Computer Science",1
You won't believe this! seminar has been merged with another event. The truth is shocking! Do not ignore this message.,0
"Official communication: annual cultural fest result will be declared on Wednesday 2PM. Check the official website for updates. — Prof. Sharma, HOD Computer Science",1
Update: end-semester examination originally scheduled for 15th May 2026 stands confirmed. No changes have been made. — Department of Information Technology,1
Update: mid-semester examination originally scheduled for 1st June 2026 stands confirmed. No changes have been made. — The Examination Controller,1
Notice: The library book submission has been rescheduled to Wednesday 2PM at 11:00 AM. Please check the official portal for details. — The Registrar,1
"Notice: The convocation ceremony has been rescheduled to Monday 10AM at 10:00 AM. Please check the official portal for details. — Dr. Mehta, Dean Academic Affairs",1
Important: The venue for project viva has been changed to Examination Hall. All other details remain the same. — Academic Section,1
"Notice from Prof. Sharma, HOD Computer Science: convocation ceremony registration is now open. Last date to apply is Tuesday 9AM.",1
Message from reliable source: class cancelled without prior notice. Tell everyone. Received from department WhatsApp group.,0
"Students are informed that project viva will commence from 15th May 2026 as per the academic calendar. — Dr. Mehta, Dean Academic Affairs",1
"Circular No. 101: result declaration will be held as per schedule on Tuesday 9AM. Carry your ID cards. — Dr. Mehta, Dean Academic Affairs",1
Notice from The Registrar: scholarship application registration is now open. Last date to apply is 25th May 2026.,1
"Notice: The mid-semester examination has been rescheduled to Tuesday 9AM at 11:00 AM. Please check the official portal for details. — Dr. Mehta, Dean Academic Affairs",1
Shocking revelation: annual function is a complete fraud. Share this viral truth immediately! Do not ignore this message.,0
Confirmed by insiders: result declaration is cancelled. The real reason will shock you! Received from department WhatsApp group.,0
"Dear Students, The convocation ceremony scheduled for Wednesday 2PM will be held as per the original timetable in Lab Block 3. — Student Affairs Office",1
Breaking news: Secret information about seminar - they don't want you to know this! Please verify and share.,0
URGENT!!! lab practical has been CANCELLED immediately. Forward this to all students NOW!!! This is 100% real information.,0
The Registrar announces the commencement of mid-semester examination from Monday 10AM. All students are requested to prepare accordingly.,1
"100% confirmed: annual function suspended. Don't ignore this, forward to everyone now! This is 100% real information.",0
Confirmed by insiders: workshop is suspended. The real reason will shock you! This is 100% real information.,0
WARNING: If you attend project submission tomorrow you might power failure. Share to save people! Please verify and share.,0
*Forwarded as received* exam will not happen tomorrow. Reliable source confirmed. Received from department WhatsApp group.,0
BREAKING: convocation postponed due to security concerns. Share with everyone immediately! Passed on from group admin.,0
Official communication: workshop on machine learning result will be declared on 1st June 2026. Check the official website for updates. — The Examination Controller,1
"Dr. Mehta, Dean Academic Affairs announces the commencement of alumni meet from 25th May 2026. All students are requested to prepare accordingly.",1
EXCLUSIVE LEAKED INFO: class is completely postponed. Share before it gets deleted! Passed on from group admin.,0
Confirmed by insiders: college is merged with another event. The real reason will shock you! Passed on from group admin.,0
"100% confirmed: viva examination called off. Don't ignore this, forward to everyone now! Please verify and share.",0
"Dear Students, The industrial visit scheduled for Monday 10AM will be held as per the original timetable in Main Hall. — Department of Information Technology",1
VIRAL: viva examination moved online - government trying to hide this. Share before its deleted! Passed on from group admin.,0
Academic Section: The timetable for library book submission is now available on the college website. Check before Friday 11AM.,1
"100% confirmed: convocation cancelled. Don't ignore this, forward to everyone now! Received from department WhatsApp group.",0
BREAKING: sports day postponed due to safety hazard. Share with everyone immediately! Received from department WhatsApp group.,0
Update: alumni meet originally scheduled for 15th May 2026 stands confirmed. No changes have been made. — The Registrar,1
Urgent warning: fest is dangerous. Forward this to protect everyone you know. This is 100% real information.,0
You won't believe this! college has been delayed indefinitely. The truth is shocking! This is 100% real information.,0
"Dear Students, The seminar on cybersecurity scheduled for Monday 10AM will be held as per the original timetable in Seminar Hall. — Department of Information Technology",1
You won't believe this! seminar has been moved online. The truth is shocking! Received from department WhatsApp group.,0
VIRAL: fest merged with another event - government trying to hide this. Share before its deleted! Please verify and share.,0
EXCLUSIVE LEAKED INFO: lab practical is completely delayed indefinitely. Share before it gets deleted! Please verify and share.,0
BREAKING: lab practical postponed due to staff absence. Share with everyone immediately! Passed on from group admin.,0
Urgent warning: fest is dangerous. Forward this to protect everyone you know. Passed on from group admin.,0
"Notice from Prof. Sharma, HOD Computer Science: scholarship application registration is now open. Last date to apply is 1st June 2026.",1
This is to inform all students that practical examination will take place on Friday 11AM as announced. Attendance is mandatory. — Principal's Office,1
This is to inform all students that seminar on cybersecurity will take place on 25th May 2026 as announced. Attendance is mandatory. — The Registrar,1
Reminder: annual cultural fest registration deadline is Tuesday 9AM. Visit the administrative office for further queries. — Academic Section,1
VIRAL: lab practical delayed indefinitely - government trying to hide this. Share before its deleted! Do not ignore this message.,0
Notice from Department of Information Technology: convocation ceremony registration is now open. Last date to apply is Monday 10AM.,1
Circular No. 202: result declaration will be held as per schedule on 1st June 2026. Carry your ID cards. — The Registrar,1
Notice: The mid-semester examination has been rescheduled to 1st June 2026 at 2:00 PM. Please check the official portal for details. — Principal's Office,1
Important: The venue for industrial visit has been changed to Room 204. All other details remain the same. — Principal's Office,1
You won't believe this! lab practical has been postponed. The truth is shocking! Received from department WhatsApp group.,0
"Circular No. 523: convocation ceremony will be held as per schedule on 15th May 2026. Carry your ID cards. — Prof. Sharma, HOD Computer Science",1
URGENT!!! annual function has been CANCELLED immediately. Forward this to all students NOW!!! Please verify and share.,0
Urgent warning: viva examination is dangerous. Forward this to protect everyone you know. Do not ignore this message.,0
Important: The venue for practical examination has been changed to Computer Centre. All other details remain the same. — Principal's Office,1
MUST SHARE!!! convocation has been unexpectedly suspended. All students must know NOW!!! Please verify and share.,0
Notice: The fee payment has been rescheduled to 15th May 2026 at 11:00 AM. Please check the official portal for details. — The Examination Controller,1
Official communication: result declaration result will be declared on 20th May 2026. Check the official website for updates. — Department of Information Technology,1
"IMPORTANT MESSAGE: Due to power failure, convocation is now rescheduled. Share immediately! Received from department WhatsApp group.",0
Confirmed by insiders: class is rescheduled. The real reason will shock you! Passed on from group admin.,0
Notice: The fee payment has been rescheduled to 1st June 2026 at 9:30 AM. Please check the official portal for details. — The Registrar,1
Notice from Student Affairs Office: sports meet registration is now open. Last date to apply is 15th May 2026.,1
"Notice: The library book submission has been rescheduled to 1st June 2026 at 2:00 PM. Please check the official portal for details. — Prof. Sharma, HOD Computer Science",1
WARNING: If you attend sports day tomorrow you might security concerns. Share to save people! Please verify and share.,0
Department of Information Technology announces the commencement of annual cultural fest from 25th May 2026. All students are requested to prepare accordingly.,1
Important: The venue for library book submission has been changed to Computer Centre. All other details remain the same. — Student Affairs Office,1
"100% confirmed: result declaration called off. Don't ignore this, forward to everyone now! Passed on from group admin.",0
Students of all are reminded that library book submission is compulsory. Contact the office for any clarifications. — Department of Information Technology,1
Confirmed by insiders: sports day is delayed indefinitely. The real reason will shock you! This is 100% real information.,0
"100% confirmed: workshop moved online. Don't ignore this, forward to everyone now! Please verify and share.",0
Important: The venue for project viva has been changed to Seminar Hall. All other details remain the same. — Principal's Office,1
"Dr. Mehta, Dean Academic Affairs announces the commencement of mid-semester examination from 25th May 2026. All students are requested to prepare accordingly.",1
URGENT!!! annual function has been CANCELLED immediately. Forward this to all students NOW!!! Do not ignore this message.,0
WARNING: If you attend university event tomorrow you might water shortage. Share to save people! Received from department WhatsApp group.,0
BREAKING: exam postponed due to unexpected maintenance. Share with everyone immediately! Do not ignore this message.,0
URGENT!!! university event has been CANCELLED immediately. Forward this to all students NOW!!! Please verify and share.,0
Hidden truth revealed: annual function is not what they tell you. Spread awareness now! Do not ignore this message.,0
"100% confirmed: convocation suspended. Don't ignore this, forward to everyone now! Received from department WhatsApp group.",0
Shocking revelation: result declaration is a complete fraud. Share this viral truth immediately! Received from department WhatsApp group.,0
Breaking news: Secret information about convocation - they don't want you to know this! Do not ignore this message.,0
Update: sports meet originally scheduled for Friday 11AM stands confirmed. No changes have been made. — Student Affairs Office,1
URGENT!!! seminar has been CANCELLED immediately. Forward this to all students NOW!!! Received from department WhatsApp group.,0
Reminder: industrial visit registration deadline is 20th May 2026. Visit the administrative office for further queries. — Academic Section,1
Shocking revelation: class is a complete fraud. Share this viral truth immediately! Please verify and share.,0
The The Examination Controller hereby informs students that alumni meet is scheduled on 15th May 2026 in Room 204. Be present on time.,1
Important: The venue for end-semester examination has been changed to Examination Hall. All other details remain the same. — Student Affairs Office,1
Confirmed by insiders: class is cancelled. The real reason will shock you! Please verify and share.,0
You won't believe this! seminar has been merged with another event. The truth is shocking! This is 100% real information.,0
Reminder: mid-semester examination registration deadline is Tuesday 9AM. Visit the administrative office for further queries. — Principal's Office,1
Students are informed that scholarship application will commence from Tuesday 9AM as per the academic calendar. — The Examination Controller,1
Official communication: library book submission result will be declared on Friday 11AM. Check the official website for updates. — Department of Information Technology,1
EXCLUSIVE LEAKED INFO: exam is completely merged with another event. Share before it gets deleted! Received from department WhatsApp group.,0
Students of first year are reminded that industrial visit is compulsory. Contact the office for any clarifications. — Department of Information Technology,1
VIRAL: class merged with another event - government trying to hide this. Share before its deleted! Passed on from group admin.,0
"Reminder: seminar on cybersecurity registration deadline is 1st June 2026. Visit the administrative office for further queries. — Prof. Sharma, HOD Computer Science",1
Academic Notice: alumni meet will be conducted online via the college portal on Friday 11AM. — Principal's Office,1
Don't attend sports day! It has been delayed indefinitely due to unexpected maintenance. Spread the word! Passed on from group admin.,0
"100% confirmed: project submission called off. Don't ignore this, forward to everyone now! This is 100% real information.",0
"Notice: The result declaration has been rescheduled to Wednesday 2PM at 2:00 PM. Please check the official portal for details. — Dr. Mehta, Dean Academic Affairs",1
MUST SHARE!!! university event has been unexpectedly suspended. All students must know NOW!!! This is 100% real information.,0
"Dear Students, The annual cultural fest scheduled for Monday 10AM will be held as per the original timetable in Main Hall. — Principal's Office",1
Don't attend university event! It has been banned due to safety hazard. Spread the word! Received from department WhatsApp group.,0
Urgent warning: fest is dangerous. Forward this to protect everyone you know. Passed on from group admin.,0
Hidden truth revealed: result declaration is not what they tell you. Spread awareness now! Please verify and share.,0
Circular No. 523: convocation ceremony will be held as per schedule on 1st June 2026. Carry your ID cards. — Principal's Office,1
"Academic Notice: library book submission will be conducted online via the college portal on 20th May 2026. — Dr. Mehta, Dean Academic Affairs",1
*Forwarded as received* class will not happen tomorrow. Reliable source confirmed. This is 100% real information.,0
Academic Section announces the commencement of scholarship application from Friday 11AM. All students are requested to prepare accordingly.,1
This is to inform all students that result declaration will take place on Tuesday 9AM as announced. Attendance is mandatory. — Student Affairs Office,1
Students of second year are reminded that alumni meet is compulsory. Contact the office for any clarifications. — Department of Information Technology,1
You won't believe this! convocation has been banned. The truth is shocking! This is 100% real information.,0
MUST SHARE!!! fest has been unexpectedly called off. All students must know NOW!!! Please verify and share.,0
Students of first year are reminded that alumni meet is compulsory. Contact the office for any clarifications. — Student Affairs Office,1
WARNING: If you attend fest tomorrow you might water shortage. Share to save people! This is 100% real information.,0
Important: The venue for industrial visit has been changed to Lab Block 3. All other details remain the same. — The Examination Controller,1
The Department of Information Technology hereby informs students that end-semester examination is scheduled on Wednesday 2PM in Lab Block 3. Be present on time.,1
The Examination Controller: The timetable for result declaration is now available on the college website. Check before 20th May 2026.,1
The Examination Controller announces the commencement of annual cultural fest from Monday 10AM. All students are requested to prepare accordingly.,1
Hidden truth revealed: annual function is not what they tell you. Spread awareness now! Passed on from group admin.,0
The Student Affairs Office hereby informs students that workshop on machine learning is scheduled on Friday 11AM in Main Hall. Be present on time.,1
Official communication: seminar on cybersecurity result will be declared on Monday 10AM. Check the official website for updates. — Principal's Office,1
Shocking revelation: college is a complete fraud. Share this viral truth immediately! Passed on from group admin.,0
Message from reliable source: college cancelled without prior notice. Tell everyone. This is 100% real information.,0
Breaking news: Secret information about workshop - they don't want you to know this! This is 100% real information.,0
Students are informed that fee payment will commence from Tuesday 9AM as per the academic calendar. — The Registrar,1
This is to inform all students that project viva will take place on 20th May 2026 as announced. Attendance is mandatory. — Principal's Office,1
"Dear Students, The annual cultural fest scheduled for Friday 11AM will be held as per the original timetable in Seminar Hall. — Department of Information Technology",1
WARNING: If you attend annual function tomorrow you might staff absence. Share to save people! This is 100% real information.,0
Shocking revelation: annual function is a complete fraud. Share this viral truth immediately! Please verify and share.,0
Confirmed by insiders: fest is called off. The real reason will shock you! This is 100% real information.,0
This is to inform all students that industrial visit will take place on Friday 11AM as announced. Attendance is mandatory. — The Examination Controller,1
Students of second year are reminded that library book submission is compulsory. Contact the office for any clarifications. — Student Affairs Office,1
This is to inform all students that workshop on machine learning will take place on 20th May 2026 as announced. Attendance is mandatory. — The Registrar,1
"Students are informed that alumni meet will commence from 1st June 2026 as per the academic calendar. — Prof. Sharma, HOD Computer Science",1
Students of all are reminded that library book submission is compulsory. Contact the office for any clarifications. — Student Affairs Office,1
"Last minute information: fest tomorrow is called off. Stay home, forward this message. Received from department WhatsApp group.",0
Student Affairs Office announces the commencement of workshop on machine learning from 1st June 2026. All students are requested to prepare accordingly.,1
Notice: The seminar on cybersecurity has been rescheduled to Monday 10AM at 10:00 AM. Please check the official portal for details. — Principal's Office,1
Alert from higher authorities: viva examination rescheduled with immediate effect. Share urgently! Please verify and share.,0
"Dear Students, The convocation ceremony scheduled for Tuesday 9AM will be held as per the original timetable in Main Hall. — Principal's Office",1
You won't believe this! college has been called off. The truth is shocking! Passed on from group admin.,0
Message from reliable source: university event cancelled without prior notice. Tell everyone. This is 100% real information.,0
You won't believe this! class has been suspended. The truth is shocking! Passed on from group admin.,0
URGENT!!! exam has been CANCELLED immediately. Forward this to all students NOW!!! This is 100% real information.,0
EXCLUSIVE LEAKED INFO: workshop is completely suspended. Share before it gets deleted! Passed on from group admin.,0
"Dear Students, The practical examination scheduled for Tuesday 9AM will be held as per the original timetable in Seminar Hall. — The Examination Controller",1
The Registrar announces the commencement of industrial visit from 15th May 2026. All students are requested to prepare accordingly.,1
🚨🚨 ALERT: university event is suspended until further notice. Tell everyone ASAP! 🚨🚨 Do not ignore this message.,0
Shocking revelation: annual function is a complete fraud. Share this viral truth immediately! Please verify and share.,0
"Dear Students, The alumni meet scheduled for Friday 11AM will be held as per the original timetable in Computer Centre. — Principal's Office",1
🚨🚨 ALERT: annual function is suspended until further notice. Tell everyone ASAP! 🚨🚨 Passed on from group admin.,0
Update: fee payment originally scheduled for 25th May 2026 stands confirmed. No changes have been made. — Department of Information Technology,1
"100% confirmed: college moved online. Don't ignore this, forward to everyone now! Do not ignore this message.",0
Circular No. 305: annual cultural fest will be held as per schedule on 20th May 2026. Carry your ID cards. — Student Affairs Office,1
Principal's Office: The timetable for workshop on machine learning is now available on the college website. Check before Wednesday 2PM.,1
Update: alumni meet originally scheduled for 1st June 2026 stands confirmed. No changes have been made. — Academic Section,1
"IMPORTANT MESSAGE: Due to water shortage, exam is now rescheduled. Share immediately! Do not ignore this message.",0
"IMPORTANT MESSAGE: Due to staff absence, seminar is now postponed. Share immediately! Do not ignore this message.",0
Notice: The library book submission has been rescheduled to 15th May 2026 at 2:00 PM. Please check the official portal for details. — Principal's Office,1
"Last minute information: project submission tomorrow is suspended. Stay home, forward this message. Passed on from group admin.",0
URGENT!!! university event has been CANCELLED immediately. Forward this to all students NOW!!! Please verify and share.,0
Official communication: end-semester examination result will be declared on 20th May 2026. Check the official website for updates. — Department of Information Technology,1
Student Affairs Office announces the commencement of mid-semester examination from Wednesday 2PM. All students are requested to prepare accordingly.,1
VIRAL: sports day moved online - government trying to hide this. Share before its deleted! Please verify and share.,0
Don't attend lab practical! It has been rescheduled due to COVID protocol. Spread the word! Please verify and share.,0
"Circular No. 202: mid-semester examination will be held as per schedule on Tuesday 9AM. Carry your ID cards. — Dr. Mehta, Dean Academic Affairs",1
Shocking revelation: project submission is a complete fraud. Share this viral truth immediately! Received from department WhatsApp group.,0
MUST SHARE!!! fest has been unexpectedly delayed indefinitely. All students must know NOW!!! Received from department WhatsApp group.,0
"Dear Students, The end-semester examination scheduled for 25th May 2026 will be held as per the original timetable in Main Hall. — Prof. Sharma, HOD Computer Science",1
VIRAL: lab practical postponed - government trying to hide this. Share before its deleted! This is 100% real information.,0
Circular No. 202: project viva will be held as per schedule on Tuesday 9AM. Carry your ID cards. — The Registrar,1
"100% confirmed: university event moved online. Don't ignore this, forward to everyone now! Do not ignore this message.",0
Urgent warning: lab practical is dangerous. Forward this to protect everyone you know. Do not ignore this message.,0
Students are informed that practical examination will commence from Wednesday 2PM as per the academic calendar. — Department of Information Technology,1
"Last minute information: seminar tomorrow is rescheduled. Stay home, forward this message. Do not ignore this message.",0
Students of all are reminded that alumni meet is compulsory. Contact the office for any clarifications. — Academic Section,1
Breaking news: Secret information about college - they don't want you to know this! This is 100% real information.,0
Update: seminar on cybersecurity originally scheduled for 20th May 2026 stands confirmed. No changes have been made. — Academic Section,1
"Notice from Prof. Sharma, HOD Computer Science: convocation ceremony registration is now open. Last date to apply is Tuesday 9AM.",1
Confirmed by insiders: result declaration is delayed indefinitely. The real reason will shock you! This is 100% real information.,0
The Academic Section hereby informs students that fee payment is scheduled on Wednesday 2PM in Room 204. Be present on time.,1
"The Prof. Sharma, HOD Computer Science hereby informs students that industrial visit is scheduled on Tuesday 9AM in Room 204. Be present on time.",1
Reminder: seminar on cybersecurity registration deadline is Tuesday 9AM. Visit the administrative office for further queries. — Principal's Office,1
Student Affairs Office: The timetable for result declaration is now available on the college website. Check before 25th May 2026.,1
"Academic Notice: mid-semester examination will be conducted online via the college portal on Tuesday 9AM. — Prof. Sharma, HOD Computer Science",1
"100% confirmed: project submission delayed indefinitely. Don't ignore this, forward to everyone now! Do not ignore this message.",0
Notice: The fee payment has been rescheduled to Tuesday 9AM at 10:00 AM. Please check the official portal for details. — Student Affairs Office,1
URGENT!!! convocation has been CANCELLED immediately. Forward this to all students NOW!!! This is 100% real information.,0
Students are informed that alumni meet will commence from Wednesday 2PM as per the academic calendar. — The Examination Controller,1
MUST SHARE!!! result declaration has been unexpectedly cancelled. All students must know NOW!!! Received from department WhatsApp group.,0
"Last minute information: result declaration tomorrow is cancelled. Stay home, forward this message. Do not ignore this message.",0
EXCLUSIVE LEAKED INFO: fest is completely cancelled. Share before it gets deleted! Received from department WhatsApp group.,0
Principal's Office announces the commencement of fee payment from Wednesday 2PM. All students are requested to prepare accordingly.,1
"Circular No. 101: workshop on machine learning will be held as per schedule on Tuesday 9AM. Carry your ID cards. — Dr. Mehta, Dean Academic Affairs",1
You won't believe this! college has been called off. The truth is shocking! Do not ignore this message.,0
Don't attend project submission! It has been called off due to safety hazard. Spread the word! Do not ignore this message.,0
BREAKING: annual function postponed due to security concerns. Share with everyone immediately! This is 100% real information.,0
Department of Information Technology announces the commencement of convocation ceremony from Tuesday 9AM. All students are requested to prepare accordingly.,1
This is to inform all students that fee payment will take place on 1st June 2026 as announced. Attendance is mandatory. — Student Affairs Office,1
EXCLUSIVE LEAKED INFO: exam is completely rescheduled. Share before it gets deleted! Received from department WhatsApp group.,0
Circular No. 101: mid-semester examination will be held as per schedule on 20th May 2026. Carry your ID cards. — Student Affairs Office,1
Important: The venue for convocation ceremony has been changed to Lab Block 3. All other details remain the same. — Student Affairs Office,1
Don't attend workshop! It has been rescheduled due to technical issues. Spread the word! Please verify and share.,0
The The Examination Controller hereby informs students that fee payment is scheduled on Friday 11AM in Examination Hall. Be present on time.,1
"Update: result declaration originally scheduled for Wednesday 2PM stands confirmed. No changes have been made. — Dr. Mehta, Dean Academic Affairs",1
"The Prof. Sharma, HOD Computer Science hereby informs students that convocation ceremony is scheduled on Wednesday 2PM in Room 204. Be present on time.",1
Important: The venue for end-semester examination has been changed to Computer Centre. All other details remain the same. — Department of Information Technology,1
Urgent warning: college is dangerous. Forward this to protect everyone you know. Passed on from group admin.,0
*Forwarded as received* viva examination will not happen tomorrow. Reliable source confirmed. Please verify and share.,0
EXCLUSIVE LEAKED INFO: college is completely postponed. Share before it gets deleted! Passed on from group admin.,0
"Dear Students, The library book submission scheduled for 25th May 2026 will be held as per the original timetable in Computer Centre. — Academic Section",1
"100% confirmed: college suspended. Don't ignore this, forward to everyone now! Please verify and share.",0
"Reminder: seminar on cybersecurity registration deadline is Monday 10AM. Visit the administrative office for further queries. — Dr. Mehta, Dean Academic Affairs",1
The Registrar: The timetable for sports meet is now available on the college website. Check before Monday 10AM.,1
This is to inform all students that annual cultural fest will take place on Friday 11AM as announced. Attendance is mandatory. — The Examination Controller,1
Principal's Office: The timetable for annual cultural fest is now available on the college website. Check before 1st June 2026.,1
Students of all are reminded that alumni meet is compulsory. Contact the office for any clarifications. — The Examination Controller,1
The Registrar announces the commencement of fee payment from Tuesday 9AM. All students are requested to prepare accordingly.,1
"Dear Students, The fee payment scheduled for Tuesday 9AM will be held as per the original timetable in Room 204. — Dr. Mehta, Dean Academic Affairs",1
"Dear Students, The sports meet scheduled for Wednesday 2PM will be held as per the original timetable in Examination Hall. — Prof. Sharma, HOD Computer Science",1
Breaking news: Secret information about workshop - they don't want you to know this! Passed on from group admin.,0
"100% confirmed: seminar merged with another event. Don't ignore this, forward to everyone now! Do not ignore this message.",0
Don't attend exam! It has been rescheduled due to security concerns. Spread the word! Do not ignore this message.,0
Hidden truth revealed: annual function is not what they tell you. Spread awareness now! Passed on from group admin.,0
WARNING: If you attend fest tomorrow you might water shortage. Share to save people! Received from department WhatsApp group.,0
MUST SHARE!!! college has been unexpectedly suspended. All students must know NOW!!! Please verify and share.,0
Official communication: workshop on machine learning result will be declared on 20th May 2026. Check the official website for updates. — Principal's Office,1
This is to inform all students that annual cultural fest will take place on Monday 10AM as announced. Attendance is mandatory. — Principal's Office,1
Students are informed that mid-semester examination will commence from Monday 10AM as per the academic calendar. — Principal's Office,1
"Circular No. 523: scholarship application will be held as per schedule on Wednesday 2PM. Carry your ID cards. — Prof. Sharma, HOD Computer Science",1
Hidden truth revealed: convocation is not what they tell you. Spread awareness now! Passed on from group admin.,0
Urgent warning: fest is dangerous. Forward this to protect everyone you know. Do not ignore this message.,0
Academic Section announces the commencement of practical examination from 1st June 2026. All students are requested to prepare accordingly.,1
MUST SHARE!!! convocation has been unexpectedly postponed. All students must know NOW!!! Please verify and share.,0
"This is to inform all students that alumni meet will take place on Friday 11AM as announced. Attendance is mandatory. — Dr. Mehta, Dean Academic Affairs",1
"Dear Students, The fee payment scheduled for Monday 10AM will be held as per the original timetable in Auditorium A. — Dr. Mehta, Dean Academic Affairs",1
Breaking news: Secret information about convocation - they don't want you to know this! Please verify and share.,0
Notice from Student Affairs Office: workshop on machine learning registration is now open. Last date to apply is Wednesday 2PM.,1
Reminder: library book submission registration deadline is Monday 10AM. Visit the administrative office for further queries. — Department of Information Technology,1
The Student Affairs Office hereby informs students that annual cultural fest is scheduled on Friday 11AM in Lab Block 3. Be present on time.,1
"Students are informed that convocation ceremony will commence from 25th May 2026 as per the academic calendar. — Dr. Mehta, Dean Academic Affairs",1
"Last minute information: result declaration tomorrow is rescheduled. Stay home, forward this message. Received from department WhatsApp group.",0
Breaking news: Secret information about college - they don't want you to know this! This is 100% real information.,0
This is to inform all students that practical examination will take place on 15th May 2026 as announced. Attendance is mandatory. — Department of Information Technology,1
"The Dr. Mehta, Dean Academic Affairs hereby informs students that industrial visit is scheduled on Wednesday 2PM in Auditorium A. Be present on time.",1
Notice from Student Affairs Office: library book submission registration is now open. Last date to apply is 25th May 2026.,1
VIRAL: annual function suspended - government trying to hide this. Share before its deleted! Received from department WhatsApp group.,0
Notice: The alumni meet has been rescheduled to Tuesday 9AM at 2:00 PM. Please check the official portal for details. — The Examination Controller,1
"Students are informed that workshop on machine learning will commence from Tuesday 9AM as per the academic calendar. — Prof. Sharma, HOD Computer Science",1
Confirmed by insiders: sports day is banned. The real reason will shock you! Please verify and share.,0
Reminder: mid-semester examination registration deadline is Monday 10AM. Visit the administrative office for further queries. — Student Affairs Office,1
Shocking revelation: college is a complete fraud. Share this viral truth immediately! Please verify and share.,0
Shocking revelation: viva examination is a complete fraud. Share this viral truth immediately! Please verify and share.,0
Confirmed by insiders: college is called off. The real reason will shock you! Please verify and share.,0
Alert from higher authorities: project submission moved online with immediate effect. Share urgently! Received from department WhatsApp group.,0
EXCLUSIVE LEAKED INFO: seminar is completely delayed indefinitely. Share before it gets deleted! Received from department WhatsApp group.,0
WARNING: If you attend university event tomorrow you might COVID protocol. Share to save people! Received from department WhatsApp group.,0
"Circular No. 101: annual cultural fest will be held as per schedule on Monday 10AM. Carry your ID cards. — Dr. Mehta, Dean Academic Affairs",1
"Reminder: library book submission registration deadline is Tuesday 9AM. Visit the administrative office for further queries. — Dr. Mehta, Dean Academic Affairs",1
Circular No. 305: scholarship application will be held as per schedule on 15th May 2026. Carry your ID cards. — Department of Information Technology,1
"100% confirmed: convocation delayed indefinitely. Don't ignore this, forward to everyone now! Received from department WhatsApp group.",0
BREAKING: workshop postponed due to COVID protocol. Share with everyone immediately! This is 100% real information.,0
Important: The venue for end-semester examination has been changed to Examination Hall. All other details remain the same. — Academic Section,1
This is to inform all students that library book submission will take place on 20th May 2026 as announced. Attendance is mandatory. — Principal's Office,1
"Dear Students, The alumni meet scheduled for 15th May 2026 will be held as per the original timetable in Examination Hall. — Principal's Office",1
The Examination Controller announces the commencement of industrial visit from Tuesday 9AM. All students are requested to prepare accordingly.,1
"Reminder: library book submission registration deadline is Monday 10AM. Visit the administrative office for further queries. — Prof. Sharma, HOD Computer Science",1
Shocking revelation: sports day is a complete fraud. Share this viral truth immediately! Received from department WhatsApp group.,0
Urgent warning: lab practical is dangerous. Forward this to protect everyone you know. Received from department WhatsApp group.,0
Students of all are reminded that end-semester examination is compulsory. Contact the office for any clarifications. — Academic Section,1
Important: The venue for fee payment has been changed to Seminar Hall. All other details remain the same. — Academic Section,1
Message from reliable source: class cancelled without prior notice. Tell everyone. This is 100% real information.,0
BREAKING: project submission postponed due to safety hazard. Share with everyone immediately! This is 100% real information.,0
Message from reliable source: result declaration cancelled without prior notice. Tell everyone. Passed on from group admin.,0
Confirmed by insiders: college is cancelled. The real reason will shock you! Passed on from group admin.,0
This is to inform all students that alumni meet will take place on Tuesday 9AM as announced. Attendance is mandatory. — Principal's Office,1
BREAKING: class postponed due to government order. Share with everyone immediately! Passed on from group admin.,0
BREAKING: viva examination postponed due to COVID protocol. Share with everyone immediately! Please verify and share.,0
Hidden truth revealed: lab practical is not what they tell you. Spread awareness now! Passed on from group admin.,0
Official communication: annual cultural fest result will be declared on Monday 10AM. Check the official website for updates. — The Examination Controller,1
Students are informed that industrial visit will commence from 1st June 2026 as per the academic calendar. — Department of Information Technology,1
Students are informed that industrial visit will commence from 15th May 2026 as per the academic calendar. — Department of Information Technology,1
Message from reliable source: exam cancelled without prior notice. Tell everyone. Do not ignore this message.,0
Update: fee payment originally scheduled for 15th May 2026 stands confirmed. No changes have been made. — The Examination Controller,1
Message from reliable source: fest cancelled without prior notice. Tell everyone. Do not ignore this message.,0
Students are informed that workshop on machine learning will commence from Friday 11AM as per the academic calendar. — The Registrar,1
"This is to inform all students that annual cultural fest will take place on Tuesday 9AM as announced. Attendance is mandatory. — Prof. Sharma, HOD Computer Science",1
Notice from Student Affairs Office: library book submission registration is now open. Last date to apply is 25th May 2026.,1
MUST SHARE!!! lab practical has been unexpectedly delayed indefinitely. All students must know NOW!!! This is 100% real information.,0
BREAKING: college postponed due to water shortage. Share with everyone immediately! Please verify and share.,0
"Dear Students, The alumni meet scheduled for 25th May 2026 will be held as per the original timetable in Main Hall. — The Registrar",1
*Forwarded as received* class will not happen tomorrow. Reliable source confirmed. Received from department WhatsApp group.,0
Department of Information Technology announces the commencement of seminar on cybersecurity from 25th May 2026. All students are requested to prepare accordingly.,1
Don't attend project submission! It has been cancelled due to staff absence. Spread the word! Passed on from group admin.,0
Notice from Department of Information Technology: library book submission registration is now open. Last date to apply is Monday 10AM.,1
Students are informed that end-semester examination will commence from Wednesday 2PM as per the academic calendar. — The Registrar,1
Academic Notice: alumni meet will be conducted online via the college portal on 20th May 2026. — Student Affairs Office,1
"Prof. Sharma, HOD Computer Science: The timetable for workshop on machine learning is now available on the college website. Check before 15th May 2026.",1
EXCLUSIVE LEAKED INFO: viva examination is completely banned. Share before it gets deleted! This is 100% real information.,0
"Academic Notice: library book submission will be conducted online via the college portal on 25th May 2026. — Dr. Mehta, Dean Academic Affairs",1
"Official communication: alumni meet result will be declared on Friday 11AM. Check the official website for updates. — Prof. Sharma, HOD Computer Science",1
"Dear Students, The library book submission scheduled for 1st June 2026 will be held as per the original timetable in Room 204. — Principal's Office",1
Reminder: annual cultural fest registration deadline is Monday 10AM. Visit the administrative office for further queries. — Principal's Office,1
Notice: The workshop on machine learning has been rescheduled to Monday 10AM at 10:00 AM. Please check the official portal for details. — Academic Section,1
"Last minute information: annual function tomorrow is cancelled. Stay home, forward this message. Do not ignore this message.",0
"Academic Notice: library book submission will be conducted online via the college portal on 25th May 2026. — Prof. Sharma, HOD Computer Science",1
Update: project viva originally scheduled for Friday 11AM stands confirmed. No changes have been made. — Student Affairs Office,1
Breaking news: Secret information about result declaration - they don't want you to know this! Received from department WhatsApp group.,0
Urgent warning: annual function is dangerous. Forward this to protect everyone you know. This is 100% real information.,0
"Dear Students, The library book submission scheduled for Friday 11AM will be held as per the original timetable in Seminar Hall. — Student Affairs Office",1
VIRAL: university event cancelled - government trying to hide this. Share before its deleted! Do not ignore this message.,0
MUST SHARE!!! project submission has been unexpectedly banned. All students must know NOW!!! This is 100% real information.,0
"Dr. Mehta, Dean Academic Affairs announces the commencement of fee payment from 15th May 2026. All students are requested to prepare accordingly.",1
*Forwarded as received* lab practical will not happen tomorrow. Reliable source confirmed. This is 100% real information.,0
"Update: scholarship application originally scheduled for Wednesday 2PM stands confirmed. No changes have been made. — Prof. Sharma, HOD Computer Science",1
VIRAL: seminar rescheduled - government trying to hide this. Share before its deleted! This is 100% real information.,0
"Dear Students, The project viva scheduled for 1st June 2026 will be held as per the original timetable in Auditorium A. — Prof. Sharma, HOD Computer Science",1
🚨🚨 ALERT: convocation is suspended until further notice. Tell everyone ASAP! 🚨🚨 Received from department WhatsApp group.,0
"This is to inform all students that workshop on machine learning will take place on Friday 11AM as announced. Attendance is mandatory. — Prof. Sharma, HOD Computer Science",1
Message from reliable source: annual function cancelled without prior notice. Tell everyone. Passed on from group admin.,0
Urgent warning: viva examination is dangerous. Forward this to protect everyone you know. Do not ignore this message.,0
This is to inform all students that industrial visit will take place on 20th May 2026 as announced. Attendance is mandatory. — The Registrar,1
*Forwarded as received* result declaration will not happen tomorrow. Reliable source confirmed. Passed on from group admin.,0
Students are informed that sports meet will commence from Monday 10AM as per the academic calendar. — Academic Section,1
"Dear Students, The project viva scheduled for 20th May 2026 will be held as per the original timetable in Computer Centre. — Prof. Sharma, HOD Computer Science",1
Shocking revelation: convocation is a complete fraud. Share this viral truth immediately! This is 100% real information.,0
BREAKING: result declaration postponed due to technical issues. Share with everyone immediately! Received from department WhatsApp group.,0
Academic Section: The timetable for library book submission is now available on the college website. Check before 25th May 2026.,1
Academic Notice: industrial visit will be conducted online via the college portal on 15th May 2026. — Principal's Office,1
Alert from higher authorities: viva examination merged with another event with immediate effect. Share urgently! Received from department WhatsApp group.,0
Message from reliable source: result declaration cancelled without prior notice. Tell everyone. Please verify and share.,0
EXCLUSIVE LEAKED INFO: annual function is completely banned. Share before it gets deleted! Received from department WhatsApp group.,0
"Last minute information: lab practical tomorrow is moved online. Stay home, forward this message. Received from department WhatsApp group.",0
Confirmed by insiders: lab practical is called off. The real reason will shock you! Please verify and share.,0
Reminder: project viva registration deadline is Wednesday 2PM. Visit the administrative office for further queries. — Principal's Office,1
This is to inform all students that workshop on machine learning will take place on 20th May 2026 as announced. Attendance is mandatory. — Principal's Office,1
Breaking news: Secret information about college - they don't want you to know this! Passed on from group admin.,0
You won't believe this! lab practical has been postponed. The truth is shocking! Passed on from group admin.,0
Notice from Academic Section: alumni meet registration is now open. Last date to apply is Friday 11AM.,1
This is to inform all students that alumni meet will take place on 15th May 2026 as announced. Attendance is mandatory. — Academic Section,1
Don't attend college! It has been delayed indefinitely due to COVID protocol. Spread the word! Please verify and share.,0
Students are informed that library book submission will commence from Wednesday 2PM as per the academic calendar. — Academic Section,1
Academic Section announces the commencement of scholarship application from 15th May 2026. All students are requested to prepare accordingly.,1
"Reminder: convocation ceremony registration deadline is 1st June 2026. Visit the administrative office for further queries. — Dr. Mehta, Dean Academic Affairs",1
You won't believe this! convocation has been postponed. The truth is shocking! Received from department WhatsApp group.,0
MUST SHARE!!! sports day has been unexpectedly delayed indefinitely. All students must know NOW!!! This is 100% real information.,0
Notice: The fee payment has been rescheduled to 15th May 2026 at 9:30 AM. Please check the official portal for details. — Academic Section,1
Students of all are reminded that workshop on machine learning is compulsory. Contact the office for any clarifications. — Department of Information Technology,1
Notice from Principal's Office: seminar on cybersecurity registration is now open. Last date to apply is Wednesday 2PM.,1
"Dear Students, The practical examination scheduled for Tuesday 9AM will be held as per the original timetable in Auditorium A. — The Registrar",1
This is to inform all students that fee payment will take place on Wednesday 2PM as announced. Attendance is mandatory. — The Examination Controller,1
"Dear Students, The end-semester examination scheduled for 20th May 2026 will be held as per the original timetable in Main Hall. — The Examination Controller",1
Update: seminar on cybersecurity originally scheduled for Wednesday 2PM stands confirmed. No changes have been made. — Student Affairs Office,1
🚨🚨 ALERT: project submission is suspended until further notice. Tell everyone ASAP! 🚨🚨 Do not ignore this message.,0
Circular No. 101: annual cultural fest will be held as per schedule on 15th May 2026. Carry your ID cards. — Student Affairs Office,1
VIRAL: result declaration called off - government trying to hide this. Share before its deleted! Please verify and share.,0
Students are informed that fee payment will commence from 15th May 2026 as per the academic calendar. — The Examination Controller,1
MUST SHARE!!! annual function has been unexpectedly moved online. All students must know NOW!!! Please verify and share.,0
"Important: The venue for industrial visit has been changed to Main Hall. All other details remain the same. — Dr. Mehta, Dean Academic Affairs",1
"100% confirmed: annual function cancelled. Don't ignore this, forward to everyone now! Passed on from group admin.",0
"Dear Students, The result declaration scheduled for 15th May 2026 will be held as per the original timetable in Auditorium A. — The Examination Controller",1
Confirmed by insiders: annual function is merged with another event. The real reason will shock you! Do not ignore this message.,0
Students of third year are reminded that industrial visit is compulsory. Contact the office for any clarifications. — Academic Section,1
Student Affairs Office: The timetable for scholarship application is now available on the college website. Check before Wednesday 2PM.,1
The The Examination Controller hereby informs students that annual cultural fest is scheduled on Tuesday 9AM in Main Hall. Be present on time.,1
Reminder: project viva registration deadline is Monday 10AM. Visit the administrative office for further queries. — Student Affairs Office,1
Notice: The convocation ceremony has been rescheduled to 1st June 2026 at 2:00 PM. Please check the official portal for details. — Academic Section,1
Student Affairs Office: The timetable for fee payment is now available on the college website. Check before Wednesday 2PM.,1
Academic Notice: fee payment will be conducted online via the college portal on Friday 11AM. — Academic Section,1
BREAKING: annual function postponed due to administrative decision. Share with everyone immediately! This is 100% real information.,0
You won't believe this! seminar has been cancelled. The truth is shocking! Passed on from group admin.,0
"Dear Students, The fee payment scheduled for 25th May 2026 will be held as per the original timetable in Main Hall. — The Examination Controller",1
This is to inform all students that seminar on cybersecurity will take place on 1st June 2026 as announced. Attendance is mandatory. — Principal's Office,1
Shocking revelation: exam is a complete fraud. Share this viral truth immediately! Please verify and share.,0
Students are informed that scholarship application will commence from 20th May 2026 as per the academic calendar. — Student Affairs Office,1
You won't believe this! class has been suspended. The truth is shocking! Please verify and share.,0
Students are informed that annual cultural fest will commence from Friday 11AM as per the academic calendar. — Academic Section,1
"Dear Students, The end-semester examination scheduled for Friday 11AM will be held as per the original timetable in Auditorium A. — Dr. Mehta, Dean Academic Affairs",1
The Academic Section hereby informs students that practical examination is scheduled on 20th May 2026 in Computer Centre. Be present on time.,1
Message from reliable source: project submission cancelled without prior notice. Tell everyone. Passed on from group admin.,0
Department of Information Technology announces the commencement of industrial visit from 15th May 2026. All students are requested to prepare accordingly.,1
Principal's Office: The timetable for seminar on cybersecurity is now available on the college website. Check before 25th May 2026.,1
Hidden truth revealed: class is not what they tell you. Spread awareness now! Please verify and share.,0
Urgent warning: result declaration is dangerous. Forward this to protect everyone you know. Do not ignore this message.,0
Academic Section announces the commencement of library book submission from Tuesday 9AM. All students are requested to prepare accordingly.,1
EXCLUSIVE LEAKED INFO: convocation is completely banned. Share before it gets deleted! Passed on from group admin.,0
Principal's Office announces the commencement of end-semester examination from 25th May 2026. All students are requested to prepare accordingly.,1
"Notice from Prof. Sharma, HOD Computer Science: alumni meet registration is now open. Last date to apply is Friday 11AM.",1
"Last minute information: viva examination tomorrow is suspended. Stay home, forward this message. This is 100% real information.",0
Don't attend viva examination! It has been suspended due to unexpected maintenance. Spread the word! Passed on from group admin.,0
Students of all are reminded that alumni meet is compulsory. Contact the office for any clarifications. — Student Affairs Office,1
"Important: The venue for project viva has been changed to Lab Block 3. All other details remain the same. — Dr. Mehta, Dean Academic Affairs",1
Message from reliable source: lab practical cancelled without prior notice. Tell everyone. Do not ignore this message.,0
"The Dr. Mehta, Dean Academic Affairs hereby informs students that library book submission is scheduled on Tuesday 9AM in Lab Block 3. Be present on time.",1
*Forwarded as received* class will not happen tomorrow. Reliable source confirmed. Please verify and share.,0
Department of Information Technology announces the commencement of library book submission from Wednesday 2PM. All students are requested to prepare accordingly.,1
Students of all are reminded that convocation ceremony is compulsory. Contact the office for any clarifications. — Department of Information Technology,1
Shocking revelation: viva examination is a complete fraud. Share this viral truth immediately! Do not ignore this message.,0
EXCLUSIVE LEAKED INFO: seminar is completely suspended. Share before it gets deleted! Received from department WhatsApp group.,0
WARNING: If you attend convocation tomorrow you might government order. Share to save people! Do not ignore this message.,0
Alert from higher authorities: class banned with immediate effect. Share urgently! Passed on from group admin.,0
Don't attend seminar! It has been postponed due to administrative decision. Spread the word! Do not ignore this message.,0
The The Registrar hereby informs students that convocation ceremony is scheduled on 15th May 2026 in Seminar Hall. Be present on time.,1
Update: scholarship application originally scheduled for 25th May 2026 stands confirmed. No changes have been made. — Student Affairs Office,1
The Registrar: The timetable for result declaration is now available on the college website. Check before Tuesday 9AM.,1
URGENT!!! result declaration has been CANCELLED immediately. Forward this to all students NOW!!! Passed on from group admin.,0
VIRAL: college called off - government trying to hide this. Share before its deleted! Do not ignore this message.,0
Breaking news: Secret information about sports day - they don't want you to know this! Received from department WhatsApp group.,0
"Dear Students, The annual cultural fest scheduled for 25th May 2026 will be held as per the original timetable in Computer Centre. — Academic Section",1
Hidden truth revealed: workshop is not what they tell you. Spread awareness now! Passed on from group admin.,0
"Reminder: library book submission registration deadline is 1st June 2026. Visit the administrative office for further queries. — Prof. Sharma, HOD Computer Science",1
Urgent warning: viva examination is dangerous. Forward this to protect everyone you know. Please verify and share.,0
Don't attend lab practical! It has been called off due to administrative decision. Spread the word! Passed on from group admin.,0
Don't attend annual function! It has been rescheduled due to safety hazard. Spread the word! Do not ignore this message.,0
"Last minute information: viva examination tomorrow is merged with another event. Stay home, forward this message. Received from department WhatsApp group.",0
Urgent warning: lab practical is dangerous. Forward this to protect everyone you know. Do not ignore this message.,0
Urgent warning: project submission is dangerous. Forward this to protect everyone you know. This is 100% real information.,0
Urgent warning: college is dangerous. Forward this to protect everyone you know. Please verify and share.,0
This is to inform all students that scholarship application will take place on 25th May 2026 as announced. Attendance is mandatory. — The Registrar,1
The Academic Section hereby informs students that project viva is scheduled on Tuesday 9AM in Room 204. Be present on time.,1
Student Affairs Office: The timetable for fee payment is now available on the college website. Check before Tuesday 9AM.,1
Notice: The sports meet has been rescheduled to 15th May 2026 at 10:00 AM. Please check the official portal for details. — Academic Section,1
This is to inform all students that convocation ceremony will take place on 20th May 2026 as announced. Attendance is mandatory. — Student Affairs Office,1
"This is to inform all students that end-semester examination will take place on 25th May 2026 as announced. Attendance is mandatory. — Dr. Mehta, Dean Academic Affairs",1
"Dear Students, The fee payment scheduled for Tuesday 9AM will be held as per the original timetable in Room 204. — Principal's Office",1
"Reminder: project viva registration deadline is Tuesday 9AM. Visit the administrative office for further queries. — Dr. Mehta, Dean Academic Affairs",1
Academic Notice: convocation ceremony will be conducted online via the college portal on 25th May 2026. — The Examination Controller,1
Shocking revelation: fest is a complete fraud. Share this viral truth immediately! Please verify and share.,0
Principal's Office announces the commencement of alumni meet from Friday 11AM. All students are requested to prepare accordingly.,1
Confirmed by insiders: university event is called off. The real reason will shock you! Do not ignore this message.,0
MUST SHARE!!! result declaration has been unexpectedly rescheduled. All students must know NOW!!! Do not ignore this message.,0
"Last minute information: viva examination tomorrow is called off. Stay home, forward this message. Received from department WhatsApp group.",0
VIRAL: lab practical called off - government trying to hide this. Share before its deleted! Please verify and share.,0
Urgent warning: project submission is dangerous. Forward this to protect everyone you know. Do not ignore this message.,0
Hidden truth revealed: lab practical is not what they tell you. Spread awareness now! Do not ignore this message.,0
"Notice: The industrial visit has been rescheduled to Tuesday 9AM at 2:00 PM. Please check the official portal for details. — Dr. Mehta, Dean Academic Affairs",1
Hidden truth revealed: convocation is not what they tell you. Spread awareness now! This is 100% real information.,0
EXCLUSIVE LEAKED INFO: annual function is completely rescheduled. Share before it gets deleted! Please verify and share.,0
Hidden truth revealed: sports day is not what they tell you. Spread awareness now! Do not ignore this message.,0
The Examination Controller: The timetable for scholarship application is now available on the college website. Check before Wednesday 2PM.,1
You won't believe this! viva examination has been postponed. The truth is shocking! Do not ignore this message.,0
This is to inform all students that scholarship application will take place on 15th May 2026 as announced. Attendance is mandatory. — The Examination Controller,1
Students of first year are reminded that practical examination is compulsory. Contact the office for any clarifications. — The Registrar,1
BREAKING: exam postponed due to administrative decision. Share with everyone immediately! Please verify and share.,0
"Official communication: industrial visit result will be declared on Wednesday 2PM. Check the official website for updates. — Dr. Mehta, Dean Academic Affairs",1
WARNING: If you attend seminar tomorrow you might administrative decision. Share to save people! This is 100% real information.,0
The Student Affairs Office hereby informs students that sports meet is scheduled on Monday 10AM in Examination Hall. Be present on time.,1
🚨🚨 ALERT: university event is suspended until further notice. Tell everyone ASAP! 🚨🚨 This is 100% real information.,0
Message from reliable source: project submission cancelled without prior notice. Tell everyone. Please verify and share.,0
"100% confirmed: sports day cancelled. Don't ignore this, forward to everyone now! Please verify and share.",0
Notice: The workshop on machine learning has been rescheduled to 15th May 2026 at 9:30 AM. Please check the official portal for details. — Department of Information Technology,1
URGENT!!! college has been CANCELLED immediately. Forward this to all students NOW!!! Passed on from group admin.,0
Alert from higher authorities: convocation cancelled with immediate effect. Share urgently! Received from department WhatsApp group.,0
"IMPORTANT MESSAGE: Due to technical issues, university event is now merged with another event. Share immediately! This is 100% real information.",0
"Important: The venue for sports meet has been changed to Computer Centre. All other details remain the same. — Prof. Sharma, HOD Computer Science",1
Circular No. 418: practical examination will be held as per schedule on Monday 10AM. Carry your ID cards. — Academic Section,1
The Student Affairs Office hereby informs students that scholarship application is scheduled on 15th May 2026 in Main Hall. Be present on time.,1
"Students are informed that scholarship application will commence from 15th May 2026 as per the academic calendar. — Dr. Mehta, Dean Academic Affairs",1
"IMPORTANT MESSAGE: Due to water shortage, college is now banned. Share immediately! Please verify and share.",0
Official communication: annual cultural fest result will be declared on 15th May 2026. Check the official website for updates. — Principal's Office,1
Breaking news: Secret information about workshop - they don't want you to know this! This is 100% real information.,0
Alert from higher authorities: class cancelled with immediate effect. Share urgently! Passed on from group admin.,0
"Last minute information: class tomorrow is suspended. Stay home, forward this message. This is 100% real information.",0
"Academic Notice: scholarship application will be conducted online via the college portal on Monday 10AM. — Dr. Mehta, Dean Academic Affairs",1
Update: library book submission originally scheduled for Wednesday 2PM stands confirmed. No changes have been made. — The Registrar,1
Hidden truth revealed: class is not what they tell you. Spread awareness now! Do not ignore this message.,0
Urgent warning: seminar is dangerous. Forward this to protect everyone you know. Do not ignore this message.,0
🚨🚨 ALERT: sports day is suspended until further notice. Tell everyone ASAP! 🚨🚨 Please verify and share.,0
"Last minute information: lab practical tomorrow is suspended. Stay home, forward this message. Passed on from group admin.",0
*Forwarded as received* result declaration will not happen tomorrow. Reliable source confirmed. Do not ignore this message.,0
Reminder: annual cultural fest registration deadline is 25th May 2026. Visit the administrative office for further queries. — Academic Section,1
Official communication: practical examination result will be declared on 1st June 2026. Check the official website for updates. — Academic Section,1
"Notice from Dr. Mehta, Dean Academic Affairs: annual cultural fest registration is now open. Last date to apply is Monday 10AM.",1
VIRAL: fest rescheduled - government trying to hide this. Share before its deleted! Received from department WhatsApp group.,0
"Dear Students, The end-semester examination scheduled for 15th May 2026 will be held as per the original timetable in Lab Block 3. — Department of Information Technology",1
Official communication: mid-semester examination result will be declared on Monday 10AM. Check the official website for updates. — Principal's Office,1
Circular No. 202: scholarship application will be held as per schedule on Wednesday 2PM. Carry your ID cards. — The Registrar,1
"Notice from Dr. Mehta, Dean Academic Affairs: alumni meet registration is now open. Last date to apply is 1st June 2026.",1
Message from reliable source: college cancelled without prior notice. Tell everyone. Passed on from group admin.,0
Important: The venue for end-semester examination has been changed to Examination Hall. All other details remain the same. — Student Affairs Office,1
Hidden truth revealed: seminar is not what they tell you. Spread awareness now! Passed on from group admin.,0
"Prof. Sharma, HOD Computer Science announces the commencement of workshop on machine learning from 20th May 2026. All students are requested to prepare accordingly.",1
The The Examination Controller hereby informs students that annual cultural fest is scheduled on Tuesday 9AM in Auditorium A. Be present on time.,1
*Forwarded as received* seminar will not happen tomorrow. Reliable source confirmed. Please verify and share.,0
Notice from The Examination Controller: mid-semester examination registration is now open. Last date to apply is 1st June 2026.,1
WARNING: If you attend viva examination tomorrow you might staff absence. Share to save people! Passed on from group admin.,0
"Students of second year are reminded that annual cultural fest is compulsory. Contact the office for any clarifications. — Dr. Mehta, Dean Academic Affairs",1
Shocking revelation: exam is a complete fraud. Share this viral truth immediately! Please verify and share.,0
Student Affairs Office announces the commencement of industrial visit from 20th May 2026. All students are requested to prepare accordingly.,1
Hidden truth revealed: class is not what they tell you. Spread awareness now! Please verify and share.,0
"Dear Students, The mid-semester examination scheduled for Wednesday 2PM will be held as per the original timetable in Main Hall. — Principal's Office",1
"Circular No. 305: end-semester examination will be held as per schedule on 15th May 2026. Carry your ID cards. — Prof. Sharma, HOD Computer Science",1
"Dear Students, The project viva scheduled for 20th May 2026 will be held as per the original timetable in Computer Centre. — Academic Section",1
"Last minute information: viva examination tomorrow is banned. Stay home, forward this message. Received from department WhatsApp group.",0
Notice: The scholarship application has been rescheduled to Tuesday 9AM at 9:30 AM. Please check the official portal for details. — The Registrar,1
"Students are informed that library book submission will commence from Tuesday 9AM as per the academic calendar. — Dr. Mehta, Dean Academic Affairs",1
This is to inform all students that alumni meet will take place on 15th May 2026 as announced. Attendance is mandatory. — Student Affairs Office,1
WARNING: If you attend class tomorrow you might water shortage. Share to save people! Do not ignore this message.,0
Circular No. 305: annual cultural fest will be held as per schedule on 20th May 2026. Carry your ID cards. — Department of Information Technology,1
Confirmed by insiders: exam is merged with another event. The real reason will shock you! Please verify and share.,0
BREAKING: workshop postponed due to safety hazard. Share with everyone immediately! Received from department WhatsApp group.,0
VIRAL: convocation moved online - government trying to hide this. Share before its deleted! Do not ignore this message.,0
Official communication: annual cultural fest result will be declared on Wednesday 2PM. Check the official website for updates. — Principal's Office,1
Circular No. 305: industrial visit will be held as per schedule on Tuesday 9AM. Carry your ID cards. — Academic Section,1
EXCLUSIVE LEAKED INFO: sports day is completely merged with another event. Share before it gets deleted! Received from department WhatsApp group.,0
The Examination Controller: The timetable for scholarship application is now available on the college website. Check before 20th May 2026.,1
Student Affairs Office: The timetable for practical examination is now available on the college website. Check before Monday 10AM.,1
Message from reliable source: result declaration cancelled without prior notice. Tell everyone. Received from department WhatsApp group.,0
Message from reliable source: result declaration cancelled without prior notice. Tell everyone. Please verify and share.,0
Reminder: industrial visit registration deadline is Monday 10AM. Visit the administrative office for further queries. — Principal's Office,1
"Notice from Dr. Mehta, Dean Academic Affairs: library book submission registration is now open. Last date to apply is 20th May 2026.",1
Message from reliable source: exam cancelled without prior notice. Tell everyone. Do not ignore this message.,0
MUST SHARE!!! project submission has been unexpectedly banned. All students must know NOW!!! This is 100% real information.,0
"Academic Notice: scholarship application will be conducted online via the college portal on Tuesday 9AM. — Prof. Sharma, HOD Computer Science",1
"Dear Students, The convocation ceremony scheduled for Tuesday 9AM will be held as per the original timetable in Seminar Hall. — The Registrar",1
Urgent warning: exam is dangerous. Forward this to protect everyone you know. Please verify and share.,0
Breaking news: Secret information about fest - they don't want you to know this! Received from department WhatsApp group.,0
"IMPORTANT MESSAGE: Due to power failure, workshop is now banned. Share immediately! Do not ignore this message.",0
"Dear Students, The project viva scheduled for Wednesday 2PM will be held as per the original timetable in Room 204. — Student Affairs Office",1
"IMPORTANT MESSAGE: Due to security concerns, seminar is now postponed. Share immediately! Passed on from group admin.",0
Academic Notice: alumni meet will be conducted online via the college portal on 20th May 2026. — The Examination Controller,1
"100% confirmed: lab practical delayed indefinitely. Don't ignore this, forward to everyone now! Do not ignore this message.",0
Hidden truth revealed: project submission is not what they tell you. Spread awareness now! Do not ignore this message.,0
🚨🚨 ALERT: college is suspended until further notice. Tell everyone ASAP! 🚨🚨 Please verify and share.,0
"Dear Students, The annual cultural fest scheduled for Wednesday 2PM will be held as per the original timetable in Computer Centre. — Student Affairs Office",1
Breaking news: Secret information about university event - they don't want you to know this! Passed on from group admin.,0
Notice from Department of Information Technology: seminar on cybersecurity registration is now open. Last date to apply is Monday 10AM.,1
The Department of Information Technology hereby informs students that end-semester examination is scheduled on Wednesday 2PM in Computer Centre. Be present on time.,1
Hidden truth revealed: workshop is not what they tell you. Spread awareness now! Do not ignore this message.,0
"IMPORTANT MESSAGE: Due to technical issues, university event is now postponed. Share immediately! Received from department WhatsApp group.",0
Student Affairs Office announces the commencement of seminar on cybersecurity from Wednesday 2PM. All students are requested to prepare accordingly.,1
Alert from higher authorities: project submission cancelled with immediate effect. Share urgently! Passed on from group admin.,0
"Dear Students, The annual cultural fest scheduled for 25th May 2026 will be held as per the original timetable in Main Hall. — Department of Information Technology",1
Alert from higher authorities: workshop delayed indefinitely with immediate effect. Share urgently! This is 100% real information.,0
Notice: The industrial visit has been rescheduled to 1st June 2026 at 9:30 AM. Please check the official portal for details. — The Registrar,1
Important: The venue for industrial visit has been changed to Lab Block 3. All other details remain the same. — Department of Information Technology,1
URGENT!!! fest has been CANCELLED immediately. Forward this to all students NOW!!! Passed on from group admin.,0
"Notice: The fee payment has been rescheduled to Wednesday 2PM at 10:00 AM. Please check the official portal for details. — Prof. Sharma, HOD Computer Science",1
Confirmed by insiders: annual function is suspended. The real reason will shock you! This is 100% real information.,0
"Last minute information: seminar tomorrow is banned. Stay home, forward this message. Received from department WhatsApp group.",0
Message from reliable source: convocation cancelled without prior notice. Tell everyone. This is 100% real information.,0
The Principal's Office hereby informs students that workshop on machine learning is scheduled on Monday 10AM in Computer Centre. Be present on time.,1
Alert from higher authorities: class banned with immediate effect. Share urgently! Please verify and share.,0
Academic Section: The timetable for scholarship application is now available on the college website. Check before 15th May 2026.,1
*Forwarded as received* seminar will not happen tomorrow. Reliable source confirmed. Passed on from group admin.,0
Reminder: industrial visit registration deadline is 20th May 2026. Visit the administrative office for further queries. — The Registrar,1
"IMPORTANT MESSAGE: Due to staff absence, sports day is now merged with another event. Share immediately! Received from department WhatsApp group.",0
Update: alumni meet originally scheduled for 20th May 2026 stands confirmed. No changes have been made. — Student Affairs Office,1
EXCLUSIVE LEAKED INFO: viva examination is completely moved online. Share before it gets deleted! Do not ignore this message.,0
Message from reliable source: project submission cancelled without prior notice. Tell everyone. Do not ignore this message.,0
EXCLUSIVE LEAKED INFO: exam is completely rescheduled. Share before it gets deleted! This is 100% real information.,0
"Circular No. 418: convocation ceremony will be held as per schedule on Monday 10AM. Carry your ID cards. — Dr. Mehta, Dean Academic Affairs",1
Confirmed by insiders: viva examination is postponed. The real reason will shock you! This is 100% real information.,0
Breaking news: Secret information about lab practical - they don't want you to know this! Passed on from group admin.,0
"Academic Notice: scholarship application will be conducted online via the college portal on 25th May 2026. — Prof. Sharma, HOD Computer Science",1
Don't attend university event! It has been rescheduled due to security concerns. Spread the word! Passed on from group admin.,0
Students are informed that convocation ceremony will commence from 15th May 2026 as per the academic calendar. — Academic Section,1
Official communication: annual cultural fest result will be declared on Tuesday 9AM. Check the official website for updates. — Academic Section,1
Important: The venue for library book submission has been changed to Main Hall. All other details remain the same. — The Registrar,1
Shocking revelation: viva examination is a complete fraud. Share this viral truth immediately! Received from department WhatsApp group.,0
"Students are informed that convocation ceremony will commence from Wednesday 2PM as per the academic calendar. — Prof. Sharma, HOD Computer Science",1
Academic Notice: industrial visit will be conducted online via the college portal on Monday 10AM. — Department of Information Technology,1
Academic Notice: fee payment will be conducted online via the college portal on Tuesday 9AM. — Student Affairs Office,1
Alert from higher authorities: fest postponed with immediate effect. Share urgently! This is 100% real information.,0
VIRAL: annual function rescheduled - government trying to hide this. Share before its deleted! Do not ignore this message.,0
Urgent warning: exam is dangerous. Forward this to protect everyone you know. Passed on from group admin.,0
"The Dr. Mehta, Dean Academic Affairs hereby informs students that library book submission is scheduled on 25th May 2026 in Lab Block 3. Be present on time.",1
"Dr. Mehta, Dean Academic Affairs announces the commencement of fee payment from 25th May 2026. All students are requested to prepare accordingly.",1
Breaking news: Secret information about sports day - they don't want you to know this! Received from department WhatsApp group.,0
Important: The venue for alumni meet has been changed to Lab Block 3. All other details remain the same. — Department of Information Technology,1
Shocking revelation: sports day is a complete fraud. Share this viral truth immediately! Do not ignore this message.,0
Students of third year are reminded that sports meet is compulsory. Contact the office for any clarifications. — Academic Section,1
BREAKING: convocation postponed due to technical issues. Share with everyone immediately! Passed on from group admin.,0
*Forwarded as received* university event will not happen tomorrow. Reliable source confirmed. Received from department WhatsApp group.,0
🚨🚨 ALERT: college is suspended until further notice. Tell everyone ASAP! 🚨🚨 Passed on from group admin.,0
The Examination Controller: The timetable for alumni meet is now available on the college website. Check before 20th May 2026.,1
Confirmed by insiders: project submission is cancelled. The real reason will shock you! Passed on from group admin.,0
VIRAL: fest rescheduled - government trying to hide this. Share before its deleted! This is 100% real information.,0
Update: workshop on machine learning originally scheduled for Monday 10AM stands confirmed. No changes have been made. — The Examination Controller,1
MUST SHARE!!! fest has been unexpectedly delayed indefinitely. All students must know NOW!!! Do not ignore this message.,0
"Last minute information: viva examination tomorrow is suspended. Stay home, forward this message. Received from department WhatsApp group.",0
"Circular No. 523: mid-semester examination will be held as per schedule on Wednesday 2PM. Carry your ID cards. — Dr. Mehta, Dean Academic Affairs",1
The Registrar announces the commencement of project viva from 20th May 2026. All students are requested to prepare accordingly.,1
Academic Section announces the commencement of practical examination from Wednesday 2PM. All students are requested to prepare accordingly.,1
"Official communication: project viva result will be declared on 15th May 2026. Check the official website for updates. — Dr. Mehta, Dean Academic Affairs",1
"Last minute information: class tomorrow is delayed indefinitely. Stay home, forward this message. Please verify and share.",0
Circular No. 202: mid-semester examination will be held as per schedule on Monday 10AM. Carry your ID cards. — The Examination Controller,1
"Dear Students, The mid-semester examination scheduled for 1st June 2026 will be held as per the original timetable in Room 204. — The Examination Controller",1
"100% confirmed: annual function moved online. Don't ignore this, forward to everyone now! Passed on from group admin.",0
"100% confirmed: annual function merged with another event. Don't ignore this, forward to everyone now! Please verify and share.",0
Don't attend fest! It has been cancelled due to safety hazard. Spread the word! Please verify and share.,0
VIRAL: workshop moved online - government trying to hide this. Share before its deleted! Received from department WhatsApp group.,0
Notice: The result declaration has been rescheduled to 25th May 2026 at 2:00 PM. Please check the official portal for details. — Student Affairs Office,1
URGENT!!! exam has been CANCELLED immediately. Forward this to all students NOW!!! Please verify and share.,0
Don't attend sports day! It has been rescheduled due to technical issues. Spread the word! Please verify and share.,0
"Update: practical examination originally scheduled for Wednesday 2PM stands confirmed. No changes have been made. — Dr. Mehta, Dean Academic Affairs",1
WARNING: If you attend seminar tomorrow you might security concerns. Share to save people! Received from department WhatsApp group.,0
EXCLUSIVE LEAKED INFO: workshop is completely banned. Share before it gets deleted! Received from department WhatsApp group.,0
This is to inform all students that project viva will take place on Wednesday 2PM as announced. Attendance is mandatory. — The Examination Controller,1
Shocking revelation: fest is a complete fraud. Share this viral truth immediately! Received from department WhatsApp group.,0
"IMPORTANT MESSAGE: Due to water shortage, seminar is now suspended. Share immediately! Received from department WhatsApp group.",0
"Update: seminar on cybersecurity originally scheduled for Friday 11AM stands confirmed. No changes have been made. — Prof. Sharma, HOD Computer Science",1
BREAKING: annual function postponed due to safety hazard. Share with everyone immediately! Do not ignore this message.,0
🚨🚨 ALERT: university event is suspended until further notice. Tell everyone ASAP! 🚨🚨 This is 100% real information.,0
EXCLUSIVE LEAKED INFO: convocation is completely rescheduled. Share before it gets deleted! Passed on from group admin.,0
Circular No. 418: sports meet will be held as per schedule on 25th May 2026. Carry your ID cards. — Academic Section,1
🚨🚨 ALERT: workshop is suspended until further notice. Tell everyone ASAP! 🚨🚨 Please verify and share.,0
Breaking news: Secret information about exam - they don't want you to know this! Do not ignore this message.,0
"IMPORTANT MESSAGE: Due to water shortage, class is now merged with another event. Share immediately! Received from department WhatsApp group.",0
Notice from Academic Section: alumni meet registration is now open. Last date to apply is Tuesday 9AM.,1
"This is to inform all students that industrial visit will take place on 15th May 2026 as announced. Attendance is mandatory. — Prof. Sharma, HOD Computer Science",1
"Dear Students, The convocation ceremony scheduled for 15th May 2026 will be held as per the original timetable in Computer Centre. — The Examination Controller",1
Important: The venue for convocation ceremony has been changed to Main Hall. All other details remain the same. — Student Affairs Office,1
The The Registrar hereby informs students that industrial visit is scheduled on Tuesday 9AM in Examination Hall. Be present on time.,1
*Forwarded as received* college will not happen tomorrow. Reliable source confirmed. Received from department WhatsApp group.,0
This is to inform all students that sports meet will take place on Wednesday 2PM as announced. Attendance is mandatory. — Department of Information Technology,1
Circular No. 418: seminar on cybersecurity will be held as per schedule on 25th May 2026. Carry your ID cards. — Department of Information Technology,1
"Official communication: practical examination result will be declared on 1st June 2026. Check the official website for updates. — Prof. Sharma, HOD Computer Science",1
"100% confirmed: university event delayed indefinitely. Don't ignore this, forward to everyone now! Received from department WhatsApp group.",0
Students are informed that annual cultural fest will commence from 15th May 2026 as per the academic calendar. — Student Affairs Office,1
"Last minute information: result declaration tomorrow is rescheduled. Stay home, forward this message. This is 100% real information.",0
Don't attend workshop! It has been postponed due to COVID protocol. Spread the word! Received from department WhatsApp group.,0
🚨🚨 ALERT: lab practical is suspended until further notice. Tell everyone ASAP! 🚨🚨 Received from department WhatsApp group.,0
URGENT!!! college has been CANCELLED immediately. Forward this to all students NOW!!! This is 100% real information.,0
Breaking news: Secret information about lab practical - they don't want you to know this! Please verify and share.,0
🚨🚨 ALERT: workshop is suspended until further notice. Tell everyone ASAP! 🚨🚨 Passed on from group admin.,0
Alert from higher authorities: seminar suspended with immediate effect. Share urgently! Please verify and share.,0
Notice: The annual cultural fest has been rescheduled to Tuesday 9AM at 10:00 AM. Please check the official portal for details. — Principal's Office,1
MUST SHARE!!! workshop has been unexpectedly merged with another event. All students must know NOW!!! Do not ignore this message.,0
Hidden truth revealed: sports day is not what they tell you. Spread awareness now! Do not ignore this message.,0
*Forwarded as received* fest will not happen tomorrow. Reliable source confirmed. Passed on from group admin.,0
Confirmed by insiders: convocation is delayed indefinitely. The real reason will shock you! Passed on from group admin.,0
The Examination Controller: The timetable for sports meet is now available on the college website. Check before 25th May 2026.,1
"Last minute information: college tomorrow is suspended. Stay home, forward this message. Do not ignore this message.",0
Notice from Department of Information Technology: practical examination registration is now open. Last date to apply is 20th May 2026.,1
You won't believe this! exam has been moved online. The truth is shocking! Do not ignore this message.,0
Update: scholarship application originally scheduled for 1st June 2026 stands confirmed. No changes have been made. — Principal's Office,1
VIRAL: university event rescheduled - government trying to hide this. Share before its deleted! Please verify and share.,0
Department of Information Technology announces the commencement of fee payment from 15th May 2026. All students are requested to prepare accordingly.,1
"Important: The venue for project viva has been changed to Main Hall. All other details remain the same. — Prof. Sharma, HOD Computer Science",1
Students of final year are reminded that practical examination is compulsory. Contact the office for any clarifications. — Student Affairs Office,1
Breaking news: Secret information about sports day - they don't want you to know this! Received from department WhatsApp group.,0
🚨🚨 ALERT: class is suspended until further notice. Tell everyone ASAP! 🚨🚨 Do not ignore this message.,0
*Forwarded as received* college will not happen tomorrow. Reliable source confirmed. Received from department WhatsApp group.,0
Students of third year are reminded that result declaration is compulsory. Contact the office for any clarifications. — Principal's Office,1
Students of final year are reminded that industrial visit is compulsory. Contact the office for any clarifications. — Department of Information Technology,1
VIRAL: sports day delayed indefinitely - government trying to hide this. Share before its deleted! Received from department WhatsApp group.,0
The Department of Information Technology hereby informs students that library book submission is scheduled on 15th May 2026 in Room 204. Be present on time.,1
Shocking revelation: exam is a complete fraud. Share this viral truth immediately! Received from department WhatsApp group.,0
Hidden truth revealed: convocation is not what they tell you. Spread awareness now! Received from department WhatsApp group.,0
"Dear Students, The practical examination scheduled for Tuesday 9AM will be held as per the original timetable in Seminar Hall. — Dr. Mehta, Dean Academic Affairs",1
Message from reliable source: college cancelled without prior notice. Tell everyone. Please verify and share.,0
Official communication: sports meet result will be declared on 25th May 2026. Check the official website for updates. — Academic Section,1
🚨🚨 ALERT: fest is suspended until further notice. Tell everyone ASAP! 🚨🚨 Please verify and share.,0
BREAKING: project submission postponed due to unexpected maintenance. Share with everyone immediately! Please verify and share.,0
Confirmed by insiders: project submission is rescheduled. The real reason will shock you! Do not ignore this message.,0
Update: alumni meet originally scheduled for 20th May 2026 stands confirmed. No changes have been made. — The Registrar,1
MUST SHARE!!! lab practical has been unexpectedly cancelled. All students must know NOW!!! Passed on from group admin.,0
Important: The venue for mid-semester examination has been changed to Room 204. All other details remain the same. — The Registrar,1
Alert from higher authorities: class banned with immediate effect. Share urgently! Do not ignore this message.,0
🚨🚨 ALERT: college is suspended until further notice. Tell everyone ASAP! 🚨🚨 Please verify and share.,0
URGENT!!! sports day has been CANCELLED immediately. Forward this to all students NOW!!! Please verify and share.,0
*Forwarded as received* project submission will not happen tomorrow. Reliable source confirmed. Please verify and share.,0
"Academic Notice: library book submission will be conducted online via the college portal on Tuesday 9AM. — Prof. Sharma, HOD Computer Science",1
Students are informed that alumni meet will commence from Tuesday 9AM as per the academic calendar. — The Examination Controller,1
"Important: The venue for library book submission has been changed to Room 204. All other details remain the same. — Dr. Mehta, Dean Academic Affairs",1
Breaking news: Secret information about exam - they don't want you to know this! Received from department WhatsApp group.,0
Academic Notice: seminar on cybersecurity will be conducted online via the college portal on Monday 10AM. — Principal's Office,1
URGENT!!! college has been CANCELLED immediately. Forward this to all students NOW!!! Do not ignore this message.,0
Important: The venue for mid-semester examination has been changed to Seminar Hall. All other details remain the same. — The Registrar,1
You won't believe this! exam has been delayed indefinitely. The truth is shocking! Passed on from group admin.,0
Confirmed by insiders: class is called off. The real reason will shock you! Do not ignore this message.,0
EXCLUSIVE LEAKED INFO: workshop is completely banned. Share before it gets deleted! Please verify and share.,0
"100% confirmed: university event merged with another event. Don't ignore this, forward to everyone now! Passed on from group admin.",0
Official communication: sports meet result will be declared on Friday 11AM. Check the official website for updates. — Student Affairs Office,1
Message from reliable source: sports day cancelled without prior notice. Tell everyone. Received from department WhatsApp group.,0
Academic Notice: scholarship application will be conducted online via the college portal on Monday 10AM. — Department of Information Technology,1
VIRAL: lab practical moved online - government trying to hide this. Share before its deleted! Do not ignore this message.,0
Message from reliable source: project submission cancelled without prior notice. Tell everyone. This is 100% real information.,0
Notice: The industrial visit has been rescheduled to Wednesday 2PM at 2:00 PM. Please check the official portal for details. — Student Affairs Office,1
The Examination Controller: The timetable for workshop on machine learning is now available on the college website. Check before Friday 11AM.,1
Department of Information Technology: The timetable for convocation ceremony is now available on the college website. Check before 25th May 2026.,1
Hidden truth revealed: result declaration is not what they tell you. Spread awareness now! Please verify and share.,0
Alert from higher authorities: exam delayed indefinitely with immediate effect. Share urgently! Please verify and share.,0
VIRAL: workshop called off - government trying to hide this. Share before its deleted! Do not ignore this message.,0
Students of third year are reminded that scholarship application is compulsory. Contact the office for any clarifications. — Student Affairs Office,1
URGENT!!! seminar has been CANCELLED immediately. Forward this to all students NOW!!! This is 100% real information.,0
URGENT!!! convocation has been CANCELLED immediately. Forward this to all students NOW!!! Please verify and share.,0
Academic Notice: library book submission will be conducted online via the college portal on 25th May 2026. — Department of Information Technology,1
"Dear Students, The mid-semester examination scheduled for 25th May 2026 will be held as per the original timetable in Computer Centre. — Prof. Sharma, HOD Computer Science",1
Notice from The Registrar: project viva registration is now open. Last date to apply is Monday 10AM.,1
Urgent warning: project submission is dangerous. Forward this to protect everyone you know. Received from department WhatsApp group.,0
WARNING: If you attend fest tomorrow you might administrative decision. Share to save people! Received from department WhatsApp group.,0
"Notice from Dr. Mehta, Dean Academic Affairs: fee payment registration is now open. Last date to apply is Monday 10AM.",1
Department of Information Technology: The timetable for alumni meet is now available on the college website. Check before 20th May 2026.,1
This is to inform all students that workshop on machine learning will take place on Friday 11AM as announced. Attendance is mandatory. — Principal's Office,1
"Dear Students, The practical examination scheduled for 25th May 2026 will be held as per the original timetable in Computer Centre. — The Examination Controller",1
Breaking news: Secret information about workshop - they don't want you to know this! Do not ignore this message.,0
Notice: The workshop on machine learning has been rescheduled to 25th May 2026 at 10:00 AM. Please check the official portal for details. — The Examination Controller,1
"Students of third year are reminded that result declaration is compulsory. Contact the office for any clarifications. — Dr. Mehta, Dean Academic Affairs",1
"Dear Students, The fee payment scheduled for Friday 11AM will be held as per the original timetable in Main Hall. — Principal's Office",1
You won't believe this! sports day has been suspended. The truth is shocking! Please verify and share.,0
*Forwarded as received* college will not happen tomorrow. Reliable source confirmed. Please verify and share.,0
Urgent warning: annual function is dangerous. Forward this to protect everyone you know. Do not ignore this message.,0
MUST SHARE!!! convocation has been unexpectedly delayed indefinitely. All students must know NOW!!! Received from department WhatsApp group.,0
Shocking revelation: exam is a complete fraud. Share this viral truth immediately! Received from department WhatsApp group.,0
Students are informed that industrial visit will commence from Monday 10AM as per the academic calendar. — Academic Section,1
Notice from Principal's Office: fee payment registration is now open. Last date to apply is 15th May 2026.,1
🚨🚨 ALERT: viva examination is suspended until further notice. Tell everyone ASAP! 🚨🚨 This is 100% real information.,0
This is to inform all students that practical examination will take place on 15th May 2026 as announced. Attendance is mandatory. — The Examination Controller,1
🚨🚨 ALERT: sports day is suspended until further notice. Tell everyone ASAP! 🚨🚨 Please verify and share.,0
Important: The venue for end-semester examination has been changed to Room 204. All other details remain the same. — The Registrar,1
The The Examination Controller hereby informs students that end-semester examination is scheduled on 1st June 2026 in Computer Centre. Be present on time.,1
Academic Notice: end-semester examination will be conducted online via the college portal on Monday 10AM. — Department of Information Technology,1
"Circular No. 101: result declaration will be held as per schedule on Monday 10AM. Carry your ID cards. — Prof. Sharma, HOD Computer Science",1
Update: alumni meet originally scheduled for Wednesday 2PM stands confirmed. No changes have been made. — Student Affairs Office,1
"Circular No. 305: result declaration will be held as per schedule on 1st June 2026. Carry your ID cards. — Prof. Sharma, HOD Computer Science",1
"Notice from Prof. Sharma, HOD Computer Science: practical examination registration is now open. Last date to apply is Wednesday 2PM.",1
"IMPORTANT MESSAGE: Due to water shortage, class is now banned. Share immediately! Do not ignore this message.",0
Students are informed that fee payment will commence from 15th May 2026 as per the academic calendar. — Department of Information Technology,1
Urgent warning: result declaration is dangerous. Forward this to protect everyone you know. Received from department WhatsApp group.,0
Urgent warning: project submission is dangerous. Forward this to protect everyone you know. Do not ignore this message.,0
Urgent warning: class is dangerous. Forward this to protect everyone you know. Passed on from group admin.,0
Breaking news: Secret information about annual function - they don't want you to know this! Do not ignore this message.,0
"IMPORTANT MESSAGE: Due to water shortage, college is now postponed. Share immediately! Please verify and share.",0
MUST SHARE!!! exam has been unexpectedly postponed. All students must know NOW!!! Passed on from group admin.,0
"Dear Students, The library book submission scheduled for 15th May 2026 will be held as per the original timetable in Examination Hall. — Department of Information Technology",1
Confirmed by insiders: seminar is rescheduled. The real reason will shock you! Received from department WhatsApp group.,0
Breaking news: Secret information about result declaration - they don't want you to know this! Passed on from group admin.,0
Don't attend viva examination! It has been merged with another event due to power failure. Spread the word! Received from department WhatsApp group.,0
Confirmed by insiders: fest is moved online. The real reason will shock you! Received from department WhatsApp group.,0
Important: The venue for end-semester examination has been changed to Seminar Hall. All other details remain the same. — Department of Information Technology,1
Notice from Student Affairs Office: mid-semester examination registration is now open. Last date to apply is 20th May 2026.,1
MUST SHARE!!! fest has been unexpectedly called off. All students must know NOW!!! This is 100% real information.,0
"The Prof. Sharma, HOD Computer Science hereby informs students that industrial visit is scheduled on Monday 10AM in Examination Hall. Be present on time.",1
URGENT!!! lab practical has been CANCELLED immediately. Forward this to all students NOW!!! Please verify and share.,0
Confirmed by insiders: fest is called off. The real reason will shock you! Do not ignore this message.,0
"Students are informed that sports meet will commence from Wednesday 2PM as per the academic calendar. — Dr. Mehta, Dean Academic Affairs",1
Update: alumni meet originally scheduled for 25th May 2026 stands confirmed. No changes have been made. — The Registrar,1
The Student Affairs Office hereby informs students that practical examination is scheduled on 20th May 2026 in Seminar Hall. Be present on time.,1
Students are informed that industrial visit will commence from Wednesday 2PM as per the academic calendar. — Principal's Office,1
Notice: The industrial visit has been rescheduled to 15th May 2026 at 11:00 AM. Please check the official portal for details. — Department of Information Technology,1
"Students of all are reminded that fee payment is compulsory. Contact the office for any clarifications. — Prof. Sharma, HOD Computer Science",1
Reminder: annual cultural fest registration deadline is Wednesday 2PM. Visit the administrative office for further queries. — Department of Information Technology,1
Official communication: project viva result will be declared on Wednesday 2PM. Check the official website for updates. — Academic Section,1
Hidden truth revealed: college is not what they tell you. Spread awareness now! Received from department WhatsApp group.,0
The The Examination Controller hereby informs students that library book submission is scheduled on 15th May 2026 in Auditorium A. Be present on time.,1
Department of Information Technology announces the commencement of scholarship application from Friday 11AM. All students are requested to prepare accordingly.,1
Important: The venue for convocation ceremony has been changed to Computer Centre. All other details remain the same. — Academic Section,1
🚨🚨 ALERT: seminar is suspended until further notice. Tell everyone ASAP! 🚨🚨 This is 100% real information.,0
VIRAL: lab practical postponed - government trying to hide this. Share before its deleted! Do not ignore this message.,0
Notice from Principal's Office: fee payment registration is now open. Last date to apply is Wednesday 2PM.,1
Important: The venue for library book submission has been changed to Room 204. All other details remain the same. — The Registrar,1
Notice from Student Affairs Office: sports meet registration is now open. Last date to apply is 25th May 2026.,1
Don't attend lab practical! It has been delayed indefinitely due to security concerns. Spread the word! Please verify and share.,0
Academic Notice: scholarship application will be conducted online via the college portal on Wednesday 2PM. — The Registrar,1
Circular No. 418: practical examination will be held as per schedule on 1st June 2026. Carry your ID cards. — Department of Information Technology,1
"Dear Students, The annual cultural fest scheduled for Wednesday 2PM will be held as per the original timetable in Seminar Hall. — Student Affairs Office",1
Important: The venue for end-semester examination has been changed to Room 204. All other details remain the same. — Academic Section,1
Notice from The Registrar: result declaration registration is now open. Last date to apply is Tuesday 9AM.,1
"IMPORTANT MESSAGE: Due to security concerns, convocation is now cancelled. Share immediately! Passed on from group admin.",0
Circular No. 202: fee payment will be held as per schedule on Friday 11AM. Carry your ID cards. — Student Affairs Office,1
EXCLUSIVE LEAKED INFO: college is completely delayed indefinitely. Share before it gets deleted! This is 100% real information.,0
Official communication: convocation ceremony result will be declared on Tuesday 9AM. Check the official website for updates. — The Registrar,1
URGENT!!! project submission has been CANCELLED immediately. Forward this to all students NOW!!! Received from department WhatsApp group.,0
Update: workshop on machine learning originally scheduled for Tuesday 9AM stands confirmed. No changes have been made. — Student Affairs Office,1
WARNING: If you attend class tomorrow you might COVID protocol. Share to save people! Do not ignore this message.,0
Students are informed that convocation ceremony will commence from Tuesday 9AM as per the academic calendar. — Academic Section,1
Notice: The scholarship application has been rescheduled to Wednesday 2PM at 2:00 PM. Please check the official portal for details. — The Registrar,1
Urgent warning: university event is dangerous. Forward this to protect everyone you know. Please verify and share.,0
Update: result declaration originally scheduled for 15th May 2026 stands confirmed. No changes have been made. — Principal's Office,1
Message from reliable source: annual function cancelled without prior notice. Tell everyone. Received from department WhatsApp group.,0
Update: end-semester examination originally scheduled for 20th May 2026 stands confirmed. No changes have been made. — Principal's Office,1
*Forwarded as received* annual function will not happen tomorrow. Reliable source confirmed. Please verify and share.,0
"Reminder: library book submission registration deadline is 25th May 2026. Visit the administrative office for further queries. — Prof. Sharma, HOD Computer Science",1
MUST SHARE!!! college has been unexpectedly merged with another event. All students must know NOW!!! Received from department WhatsApp group.,0
You won't believe this! result declaration has been postponed. The truth is shocking! Do not ignore this message.,0
Shocking revelation: project submission is a complete fraud. Share this viral truth immediately! Passed on from group admin.,0
Urgent warning: exam is dangerous. Forward this to protect everyone you know. This is 100% real information.,0
"Dear Students, The industrial visit scheduled for 1st June 2026 will be held as per the original timetable in Seminar Hall. — Prof. Sharma, HOD Computer Science",1
This is to inform all students that scholarship application will take place on Friday 11AM as announced. Attendance is mandatory. — Principal's Office,1
"Academic Notice: annual cultural fest will be conducted online via the college portal on Friday 11AM. — Prof. Sharma, HOD Computer Science",1
Alert from higher authorities: university event postponed with immediate effect. Share urgently! Received from department WhatsApp group.,0
"Dear Students, The seminar on cybersecurity scheduled for 1st June 2026 will be held as per the original timetable in Computer Centre. — The Registrar",1
MUST SHARE!!! result declaration has been unexpectedly banned. All students must know NOW!!! This is 100% real information.,0
Reminder: result declaration registration deadline is 1st June 2026. Visit the administrative office for further queries. — Principal's Office,1
"Notice from Prof. Sharma, HOD Computer Science: end-semester examination registration is now open. Last date to apply is 15th May 2026.",1
Confirmed by insiders: class is merged with another event. The real reason will shock you! Do not ignore this message.,0
WARNING: If you attend lab practical tomorrow you might unexpected maintenance. Share to save people! Passed on from group admin.,0
"Notice: The mid-semester examination has been rescheduled to Wednesday 2PM at 9:30 AM. Please check the official portal for details. — Dr. Mehta, Dean Academic Affairs",1
"Last minute information: exam tomorrow is called off. Stay home, forward this message. Received from department WhatsApp group.",0
This is to inform all students that industrial visit will take place on 25th May 2026 as announced. Attendance is mandatory. — Academic Section,1
VIRAL: college banned - government trying to hide this. Share before its deleted! Received from department WhatsApp group.,0
Shocking revelation: exam is a complete fraud. Share this viral truth immediately! This is 100% real information.,0
"Students are informed that result declaration will commence from Monday 10AM as per the academic calendar. — Prof. Sharma, HOD Computer Science",1
Don't attend exam! It has been suspended due to unexpected maintenance. Spread the word! Do not ignore this message.,0
*Forwarded as received* project submission will not happen tomorrow. Reliable source confirmed. Received from department WhatsApp group.,0
"Update: annual cultural fest originally scheduled for 1st June 2026 stands confirmed. No changes have been made. — Dr. Mehta, Dean Academic Affairs",1
WARNING: If you attend class tomorrow you might unexpected maintenance. Share to save people! Passed on from group admin.,0
This is to inform all students that practical examination will take place on 1st June 2026 as announced. Attendance is mandatory. — The Examination Controller,1
"Dear Students, The mid-semester examination scheduled for 1st June 2026 will be held as per the original timetable in Room 204. — Dr. Mehta, Dean Academic Affairs",1
*Forwarded as received* sports day will not happen tomorrow. Reliable source confirmed. Do not ignore this message.,0
Academic Section announces the commencement of industrial visit from 25th May 2026. All students are requested to prepare accordingly.,1
*Forwarded as received* class will not happen tomorrow. Reliable source confirmed. Received from department WhatsApp group.,0
"Dr. Mehta, Dean Academic Affairs announces the commencement of annual cultural fest from 15th May 2026. All students are requested to prepare accordingly.",1
"Students are informed that annual cultural fest will commence from 20th May 2026 as per the academic calendar. — Prof. Sharma, HOD Computer Science",1
The Academic Section hereby informs students that industrial visit is scheduled on Monday 10AM in Computer Centre. Be present on time.,1
Breaking news: Secret information about exam - they don't want you to know this! Received from department WhatsApp group.,0
Students are informed that end-semester examination will commence from Wednesday 2PM as per the academic calendar. — The Examination Controller,1
Academic Notice: scholarship application will be conducted online via the college portal on 25th May 2026. — Student Affairs Office,1
Reminder: industrial visit registration deadline is 1st June 2026. Visit the administrative office for further queries. — Academic Section,1
"Notice from Dr. Mehta, Dean Academic Affairs: library book submission registration is now open. Last date to apply is Monday 10AM.",1
VIRAL: college suspended - government trying to hide this. Share before its deleted! Please verify and share.,0
"IMPORTANT MESSAGE: Due to government order, university event is now delayed indefinitely. Share immediately! Please verify and share.",0
*Forwarded as received* fest will not happen tomorrow. Reliable source confirmed. Please verify and share.,0
"Last minute information: exam tomorrow is banned. Stay home, forward this message. This is 100% real information.",0
Principal's Office announces the commencement of workshop on machine learning from 20th May 2026. All students are requested to prepare accordingly.,1
Students are informed that library book submission will commence from 20th May 2026 as per the academic calendar. — The Examination Controller,1
Important: The venue for result declaration has been changed to Main Hall. All other details remain the same. — The Examination Controller,1
Students are informed that scholarship application will commence from 1st June 2026 as per the academic calendar. — Academic Section,1
Alert from higher authorities: convocation rescheduled with immediate effect. Share urgently! This is 100% real information.,0
Circular No. 305: sports meet will be held as per schedule on Tuesday 9AM. Carry your ID cards. — Student Affairs Office,1
Shocking revelation: result declaration is a complete fraud. Share this viral truth immediately! Received from department WhatsApp group.,0
Circular No. 101: sports meet will be held as per schedule on Monday 10AM. Carry your ID cards. — Principal's Office,1
Students are informed that alumni meet will commence from Wednesday 2PM as per the academic calendar. — Student Affairs Office,1
The The Registrar hereby informs students that project viva is scheduled on 1st June 2026 in Computer Centre. Be present on time.,1
Students are informed that result declaration will commence from 25th May 2026 as per the academic calendar. — Academic Section,1
"Official communication: alumni meet result will be declared on Monday 10AM. Check the official website for updates. — Prof. Sharma, HOD Computer Science",1
Important: The venue for scholarship application has been changed to Computer Centre. All other details remain the same. — Department of Information Technology,1
Official communication: seminar on cybersecurity result will be declared on 20th May 2026. Check the official website for updates. — Academic Section,1
Shocking revelation: exam is a complete fraud. Share this viral truth immediately! Received from department WhatsApp group.,0
"100% confirmed: project submission called off. Don't ignore this, forward to everyone now! This is 100% real information.",0
VIRAL: sports day rescheduled - government trying to hide this. Share before its deleted! Please verify and share.,0
"Dr. Mehta, Dean Academic Affairs announces the commencement of alumni meet from Monday 10AM. All students are requested to prepare accordingly.",1
Reminder: scholarship application registration deadline is Monday 10AM. Visit the administrative office for further queries. — Academic Section,1
WARNING: If you attend university event tomorrow you might government order. Share to save people! Do not ignore this message.,0
Principal's Office announces the commencement of fee payment from Friday 11AM. All students are requested to prepare accordingly.,1
Important: The venue for practical examination has been changed to Computer Centre. All other details remain the same. — The Registrar,1
Reminder: end-semester examination registration deadline is Friday 11AM. Visit the administrative office for further queries. — Academic Section,1
Confirmed by insiders: lab practical is cancelled. The real reason will shock you! Passed on from group admin.,0
"IMPORTANT MESSAGE: Due to administrative decision, university event is now banned. Share immediately! Passed on from group admin.",0
Students of all are reminded that end-semester examination is compulsory. Contact the office for any clarifications. — Principal's Office,1
The Examination Controller: The timetable for scholarship application is now available on the college website. Check before Friday 11AM.,1
"Dear Students, The scholarship application scheduled for Friday 11AM will be held as per the original timetable in Main Hall. — Department of Information Technology",1
VIRAL: exam cancelled - government trying to hide this. Share before its deleted! Passed on from group admin.,0
Students of first year are reminded that result declaration is compulsory. Contact the office for any clarifications. — Academic Section,1
Breaking news: Secret information about fest - they don't want you to know this! Passed on from group admin.,0
Students of third year are reminded that seminar on cybersecurity is compulsory. Contact the office for any clarifications. — Academic Section,1
Message from reliable source: college cancelled without prior notice. Tell everyone. Do not ignore this message.,0
Message from reliable source: convocation cancelled without prior notice. Tell everyone. Do not ignore this message.,0
Don't attend seminar! It has been merged with another event due to technical issues. Spread the word! Passed on from group admin.,0
"Update: workshop on machine learning originally scheduled for 20th May 2026 stands confirmed. No changes have been made. — Dr. Mehta, Dean Academic Affairs",1
"Last minute information: sports day tomorrow is called off. Stay home, forward this message. Do not ignore this message.",0
"100% confirmed: fest banned. Don't ignore this, forward to everyone now! Passed on from group admin.",0
WARNING: If you attend annual function tomorrow you might government order. Share to save people! Please verify and share.,0
The Principal's Office hereby informs students that convocation ceremony is scheduled on Monday 10AM in Examination Hall. Be present on time.,1
BREAKING: viva examination postponed due to safety hazard. Share with everyone immediately! This is 100% real information.,0
Official communication: library book submission result will be declared on 15th May 2026. Check the official website for updates. — Department of Information Technology,1
"Last minute information: fest tomorrow is postponed. Stay home, forward this message. Passed on from group admin.",0
Update: annual cultural fest originally scheduled for Friday 11AM stands confirmed. No changes have been made. — The Examination Controller,1
Students are informed that seminar on cybersecurity will commence from 1st June 2026 as per the academic calendar. — The Registrar,1
Academic Notice: workshop on machine learning will be conducted online via the college portal on Friday 11AM. — The Registrar,1
"Academic Notice: result declaration will be conducted online via the college portal on Tuesday 9AM. — Dr. Mehta, Dean Academic Affairs",1
You won't believe this! college has been cancelled. The truth is shocking! This is 100% real information.,0
"Important: The venue for project viva has been changed to Main Hall. All other details remain the same. — Prof. Sharma, HOD Computer Science",1
Reminder: annual cultural fest registration deadline is Monday 10AM. Visit the administrative office for further queries. — Department of Information Technology,1
*Forwarded as received* university event will not happen tomorrow. Reliable source confirmed. This is 100% real information.,0
Message from reliable source: exam cancelled without prior notice. Tell everyone. This is 100% real information.,0
BREAKING: class postponed due to power failure. Share with everyone immediately! This is 100% real information.,0
Students of third year are reminded that fee payment is compulsory. Contact the office for any clarifications. — Department of Information Technology,1
Students are informed that mid-semester examination will commence from 20th May 2026 as per the academic calendar. — Academic Section,1
Important: The venue for library book submission has been changed to Seminar Hall. All other details remain the same. — Principal's Office,1
WARNING: If you attend viva examination tomorrow you might power failure. Share to save people! Do not ignore this message.,0
You won't believe this! result declaration has been called off. The truth is shocking! This is 100% real information.,0
"Notice from Prof. Sharma, HOD Computer Science: sports meet registration is now open. Last date to apply is Tuesday 9AM.",1
BREAKING: result declaration postponed due to security concerns. Share with everyone immediately! Do not ignore this message.,0
Circular No. 305: result declaration will be held as per schedule on 1st June 2026. Carry your ID cards. — Academic Section,1
Students are informed that workshop on machine learning will commence from Wednesday 2PM as per the academic calendar. — The Registrar,1
Notice from The Examination Controller: result declaration registration is now open. Last date to apply is 20th May 2026.,1
VIRAL: exam rescheduled - government trying to hide this. Share before its deleted! Passed on from group admin.,0
Official communication: industrial visit result will be declared on Friday 11AM. Check the official website for updates. — The Examination Controller,1
Reminder: industrial visit registration deadline is Wednesday 2PM. Visit the administrative office for further queries. — Academic Section,1
Don't attend lab practical! It has been postponed due to unexpected maintenance. Spread the word! Received from department WhatsApp group.,0
Students of all are reminded that industrial visit is compulsory. Contact the office for any clarifications. — Department of Information Technology,1
*Forwarded as received* project submission will not happen tomorrow. Reliable source confirmed. Do not ignore this message.,0
Update: alumni meet originally scheduled for 1st June 2026 stands confirmed. No changes have been made. — Academic Section,1
"Official communication: convocation ceremony result will be declared on 20th May 2026. Check the official website for updates. — Prof. Sharma, HOD Computer Science",1
Update: scholarship application originally scheduled for Monday 10AM stands confirmed. No changes have been made. — Student Affairs Office,1
Reminder: alumni meet registration deadline is 1st June 2026. Visit the administrative office for further queries. — The Examination Controller,1
"Prof. Sharma, HOD Computer Science announces the commencement of result declaration from 20th May 2026. All students are requested to prepare accordingly.",1
Circular No. 305: convocation ceremony will be held as per schedule on 20th May 2026. Carry your ID cards. — Student Affairs Office,1
Urgent warning: college is dangerous. Forward this to protect everyone you know. Please verify and share.,0
Students of third year are reminded that annual cultural fest is compulsory. Contact the office for any clarifications. — Academic Section,1
Notice from Academic Section: result declaration registration is now open. Last date to apply is Monday 10AM.,1
"Notice: The industrial visit has been rescheduled to 15th May 2026 at 9:30 AM. Please check the official portal for details. — Dr. Mehta, Dean Academic Affairs",1
🚨🚨 ALERT: workshop is suspended until further notice. Tell everyone ASAP! 🚨🚨 Do not ignore this message.,0
MUST SHARE!!! sports day has been unexpectedly postponed. All students must know NOW!!! Do not ignore this message.,0
🚨🚨 ALERT: project submission is suspended until further notice. Tell everyone ASAP! 🚨🚨 This is 100% real information.,0
Reminder: scholarship application registration deadline is Monday 10AM. Visit the administrative office for further queries. — Student Affairs Office,1
"Important: The venue for mid-semester examination has been changed to Lab Block 3. All other details remain the same. — Dr. Mehta, Dean Academic Affairs",1
Hidden truth revealed: exam is not what they tell you. Spread awareness now! This is 100% real information.,0
Students of final year are reminded that alumni meet is compulsory. Contact the office for any clarifications. — Student Affairs Office,1
Alert from higher authorities: viva examination cancelled with immediate effect. Share urgently! Please verify and share.,0
VIRAL: annual function cancelled - government trying to hide this. Share before its deleted! Do not ignore this message.,0
Important: The venue for scholarship application has been changed to Auditorium A. All other details remain the same. — The Registrar,1
"Last minute information: project submission tomorrow is moved online. Stay home, forward this message. Do not ignore this message.",0
"100% confirmed: fest moved online. Don't ignore this, forward to everyone now! Received from department WhatsApp group.",0
VIRAL: lab practical rescheduled - government trying to hide this. Share before its deleted! This is 100% real information.,0
Alert from higher authorities: project submission rescheduled with immediate effect. Share urgently! Passed on from group admin.,0
Reminder: practical examination registration deadline is Wednesday 2PM. Visit the administrative office for further queries. — Principal's Office,1
"Dear Students, The project viva scheduled for Tuesday 9AM will be held as per the original timetable in Lab Block 3. — Academic Section",1
EXCLUSIVE LEAKED INFO: college is completely called off. Share before it gets deleted! This is 100% real information.,0
VIRAL: class rescheduled - government trying to hide this. Share before its deleted! Received from department WhatsApp group.,0
Official communication: convocation ceremony result will be declared on 1st June 2026. Check the official website for updates. — Student Affairs Office,1
Breaking news: Secret information about exam - they don't want you to know this! Received from department WhatsApp group.,0
Urgent warning: seminar is dangerous. Forward this to protect everyone you know. Passed on from group admin.,0
"The Prof. Sharma, HOD Computer Science hereby informs students that library book submission is scheduled on 1st June 2026 in Main Hall. Be present on time.",1
The Academic Section hereby informs students that sports meet is scheduled on 1st June 2026 in Main Hall. Be present on time.,1
Breaking news: Secret information about annual function - they don't want you to know this! Do not ignore this message.,0
"IMPORTANT MESSAGE: Due to government order, viva examination is now moved online. Share immediately! Passed on from group admin.",0
Update: sports meet originally scheduled for Friday 11AM stands confirmed. No changes have been made. — Student Affairs Office,1
Confirmed by insiders: viva examination is banned. The real reason will shock you! Passed on from group admin.,0
Notice from The Registrar: fee payment registration is now open. Last date to apply is 20th May 2026.,1
Students of all are reminded that convocation ceremony is compulsory. Contact the office for any clarifications. — The Examination Controller,1
Notice: The project viva has been rescheduled to Tuesday 9AM at 10:00 AM. Please check the official portal for details. — Department of Information Technology,1
Important: The venue for convocation ceremony has been changed to Room 204. All other details remain the same. — The Examination Controller,1
Shocking revelation: college is a complete fraud. Share this viral truth immediately! Received from department WhatsApp group.,0
Reminder: practical examination registration deadline is Tuesday 9AM. Visit the administrative office for further queries. — The Examination Controller,1
The Principal's Office hereby informs students that annual cultural fest is scheduled on 1st June 2026 in Computer Centre. Be present on time.,1
Official communication: practical examination result will be declared on Friday 11AM. Check the official website for updates. — The Examination Controller,1
"Students are informed that mid-semester examination will commence from 15th May 2026 as per the academic calendar. — Dr. Mehta, Dean Academic Affairs",1
Alert from higher authorities: exam postponed with immediate effect. Share urgently! Do not ignore this message.,0
🚨🚨 ALERT: university event is suspended until further notice. Tell everyone ASAP! 🚨🚨 Received from department WhatsApp group.,0
"This is to inform all students that practical examination will take place on 20th May 2026 as announced. Attendance is mandatory. — Prof. Sharma, HOD Computer Science",1
"IMPORTANT MESSAGE: Due to staff absence, university event is now delayed indefinitely. Share immediately! Passed on from group admin.",0
WARNING: If you attend college tomorrow you might technical issues. Share to save people! Please verify and share.,0
"Important: The venue for convocation ceremony has been changed to Computer Centre. All other details remain the same. — Prof. Sharma, HOD Computer Science",1
Message from reliable source: result declaration cancelled without prior notice. Tell everyone. Please verify and share.,0
This is to inform all students that seminar on cybersecurity will take place on 15th May 2026 as announced. Attendance is mandatory. — Student Affairs Office,1
BREAKING: university event postponed due to safety hazard. Share with everyone immediately! Received from department WhatsApp group.,0
You won't believe this! sports day has been moved online. The truth is shocking! Please verify and share.,0
"IMPORTANT MESSAGE: Due to government order, project submission is now rescheduled. Share immediately! Do not ignore this message.",0
"The Dr. Mehta, Dean Academic Affairs hereby informs students that convocation ceremony is scheduled on Friday 11AM in Computer Centre. Be present on time.",1
Circular No. 305: library book submission will be held as per schedule on Friday 11AM. Carry your ID cards. — Department of Information Technology,1
URGENT!!! seminar has been CANCELLED immediately. Forward this to all students NOW!!! This is 100% real information.,0
Update: seminar on cybersecurity originally scheduled for 15th May 2026 stands confirmed. No changes have been made. — Academic Section,1
WARNING: If you attend annual function tomorrow you might technical issues. Share to save people! Do not ignore this message.,0
Important: The venue for industrial visit has been changed to Computer Centre. All other details remain the same. — The Registrar,1
Urgent warning: convocation is dangerous. Forward this to protect everyone you know. Received from department WhatsApp group.,0
Important: The venue for fee payment has been changed to Examination Hall. All other details remain the same. — Principal's Office,1
🚨🚨 ALERT: annual function is suspended until further notice. Tell everyone ASAP! 🚨🚨 Received from department WhatsApp group.,0
*Forwarded as received* viva examination will not happen tomorrow. Reliable source confirmed. This is 100% real information.,0
Update: mid-semester examination originally scheduled for 1st June 2026 stands confirmed. No changes have been made. — Student Affairs Office,1
Update: mid-semester examination originally scheduled for Monday 10AM stands confirmed. No changes have been made. — Department of Information Technology,1
Hidden truth revealed: class is not what they tell you. Spread awareness now! Do not ignore this message.,0
*Forwarded as received* lab practical will not happen tomorrow. Reliable source confirmed. This is 100% real information.,0
Hidden truth revealed: seminar is not what they tell you. Spread awareness now! This is 100% real information.,0
*Forwarded as received* workshop will not happen tomorrow. Reliable source confirmed. This is 100% real information.,0
🚨🚨 ALERT: workshop is suspended until further notice. Tell everyone ASAP! 🚨🚨 This is 100% real information.,0
"Last minute information: college tomorrow is moved online. Stay home, forward this message. Received from department WhatsApp group.",0
You won't believe this! workshop has been postponed. The truth is shocking! Passed on from group admin.,0
Update: project viva originally scheduled for 15th May 2026 stands confirmed. No changes have been made. — Principal's Office,1
EXCLUSIVE LEAKED INFO: sports day is completely cancelled. Share before it gets deleted! This is 100% real information.,0
"The Prof. Sharma, HOD Computer Science hereby informs students that alumni meet is scheduled on Friday 11AM in Examination Hall. Be present on time.",1
Principal's Office: The timetable for result declaration is now available on the college website. Check before Wednesday 2PM.,1
Message from reliable source: university event cancelled without prior notice. Tell everyone. Passed on from group admin.,0
You won't believe this! result declaration has been postponed. The truth is shocking! This is 100% real information.,0
You won't believe this! project submission has been banned. The truth is shocking! Please verify and share.,0
Circular No. 101: project viva will be held as per schedule on 20th May 2026. Carry your ID cards. — Department of Information Technology,1
BREAKING: seminar postponed due to security concerns. Share with everyone immediately! Please verify and share.,0
Students of all are reminded that project viva is compulsory. Contact the office for any clarifications. — The Examination Controller,1
Students are informed that end-semester examination will commence from 25th May 2026 as per the academic calendar. — The Registrar,1
"Reminder: practical examination registration deadline is 20th May 2026. Visit the administrative office for further queries. — Prof. Sharma, HOD Computer Science",1
Official communication: practical examination result will be declared on 20th May 2026. Check the official website for updates. — Department of Information Technology,1
"Students of final year are reminded that sports meet is compulsory. Contact the office for any clarifications. — Dr. Mehta, Dean Academic Affairs",1
Notice: The practical examination has been rescheduled to Monday 10AM at 9:30 AM. Please check the official portal for details. — Academic Section,1
Alert from higher authorities: seminar called off with immediate effect. Share urgently! Passed on from group admin.,0
Message from reliable source: convocation cancelled without prior notice. Tell everyone. Do not ignore this message.,0
Hidden truth revealed: seminar is not what they tell you. Spread awareness now! This is 100% real information.,0
Official communication: library book submission result will be declared on 25th May 2026. Check the official website for updates. — Student Affairs Office,1
MUST SHARE!!! seminar has been unexpectedly banned. All students must know NOW!!! This is 100% real information.,0
"IMPORTANT MESSAGE: Due to staff absence, college is now rescheduled. Share immediately! Do not ignore this message.",0
URGENT!!! workshop has been CANCELLED immediately. Forward this to all students NOW!!! Passed on from group admin.,0
Don't attend college! It has been suspended due to unexpected maintenance. Spread the word! Passed on from group admin.,0
"Students are informed that workshop on machine learning will commence from 25th May 2026 as per the academic calendar. — Dr. Mehta, Dean Academic Affairs",1
"Students are informed that industrial visit will commence from Monday 10AM as per the academic calendar. — Prof. Sharma, HOD Computer Science",1
Academic Notice: practical examination will be conducted online via the college portal on 20th May 2026. — The Registrar,1
The Registrar announces the commencement of end-semester examination from Tuesday 9AM. All students are requested to prepare accordingly.,1
"Dear Students, The alumni meet scheduled for 1st June 2026 will be held as per the original timetable in Lab Block 3. — Department of Information Technology",1
"This is to inform all students that project viva will take place on 15th May 2026 as announced. Attendance is mandatory. — Dr. Mehta, Dean Academic Affairs",1
Hidden truth revealed: fest is not what they tell you. Spread awareness now! Please verify and share.,0
Breaking news: Secret information about sports day - they don't want you to know this! Do not ignore this message.,0
Alert from higher authorities: viva examination merged with another event with immediate effect. Share urgently! Passed on from group admin.,0
Message from reliable source: lab practical cancelled without prior notice. Tell everyone. Please verify and share.,0
Important: The venue for workshop on machine learning has been changed to Main Hall. All other details remain the same. — The Examination Controller,1
*Forwarded as received* class will not happen tomorrow. Reliable source confirmed. Passed on from group admin.,0
"100% confirmed: exam called off. Don't ignore this, forward to everyone now! Please verify and share.",0
WARNING: If you attend project submission tomorrow you might staff absence. Share to save people! Please verify and share.,0
BREAKING: lab practical postponed due to unexpected maintenance. Share with everyone immediately! Do not ignore this message.,0
Hidden truth revealed: lab practical is not what they tell you. Spread awareness now! Do not ignore this message.,0
Hidden truth revealed: college is not what they tell you. Spread awareness now! Do not ignore this message.,0
The Principal's Office hereby informs students that workshop on machine learning is scheduled on Wednesday 2PM in Main Hall. Be present on time.,1
EXCLUSIVE LEAKED INFO: fest is completely cancelled. Share before it gets deleted! This is 100% real information.,0
"Dear Students, The seminar on cybersecurity scheduled for 1st June 2026 will be held as per the original timetable in Main Hall. — Prof. Sharma, HOD Computer Science",1
Academic Notice: scholarship application will be conducted online via the college portal on 20th May 2026. — The Examination Controller,1
Academic Notice: fee payment will be conducted online via the college portal on 25th May 2026. — Student Affairs Office,1
Alert from higher authorities: annual function suspended with immediate effect. Share urgently! Please verify and share.,0
Important: The venue for end-semester examination has been changed to Main Hall. All other details remain the same. — Student Affairs Office,1
Alert from higher authorities: convocation called off with immediate effect. Share urgently! Received from department WhatsApp group.,0
The Principal's Office hereby informs students that industrial visit is scheduled on 20th May 2026 in Seminar Hall. Be present on time.,1
The Registrar announces the commencement of fee payment from Monday 10AM. All students are requested to prepare accordingly.,1
"Prof. Sharma, HOD Computer Science: The timetable for convocation ceremony is now available on the college website. Check before 20th May 2026.",1
Confirmed by insiders: college is cancelled. The real reason will shock you! Please verify and share.,0
Urgent warning: seminar is dangerous. Forward this to protect everyone you know. Do not ignore this message.,0
"Last minute information: class tomorrow is suspended. Stay home, forward this message. This is 100% real information.",0
Notice from The Registrar: sports meet registration is now open. Last date to apply is Wednesday 2PM.,1
Circular No. 101: practical examination will be held as per schedule on 15th May 2026. Carry your ID cards. — Academic Section,1
*Forwarded as received* seminar will not happen tomorrow. Reliable source confirmed. Received from department WhatsApp group.,0
Shocking revelation: project submission is a complete fraud. Share this viral truth immediately! Please verify and share.,0
"Dear Students, The mid-semester examination scheduled for 1st June 2026 will be held as per the original timetable in Examination Hall. — Student Affairs Office",1
Reminder: alumni meet registration deadline is 15th May 2026. Visit the administrative office for further queries. — The Examination Controller,1
"This is to inform all students that practical examination will take place on 1st June 2026 as announced. Attendance is mandatory. — Dr. Mehta, Dean Academic Affairs",1
Message from reliable source: college cancelled without prior notice. Tell everyone. Please verify and share.,0
The Department of Information Technology hereby informs students that workshop on machine learning is scheduled on Monday 10AM in Auditorium A. Be present on time.,1
VIRAL: viva examination delayed indefinitely - government trying to hide this. Share before its deleted! This is 100% real information.,0
BREAKING: seminar postponed due to unexpected maintenance. Share with everyone immediately! Received from department WhatsApp group.,0
Don't attend fest! It has been suspended due to security concerns. Spread the word! Passed on from group admin.,0
Student Affairs Office announces the commencement of practical examination from 1st June 2026. All students are requested to prepare accordingly.,1
Update: sports meet originally scheduled for Wednesday 2PM stands confirmed. No changes have been made. — Academic Section,1
Alert from higher authorities: lab practical banned with immediate effect. Share urgently! Passed on from group admin.,0
"Prof. Sharma, HOD Computer Science: The timetable for workshop on machine learning is now available on the college website. Check before Tuesday 9AM.",1
Official communication: alumni meet result will be declared on 15th May 2026. Check the official website for updates. — Academic Section,1
"This is to inform all students that scholarship application will take place on Wednesday 2PM as announced. Attendance is mandatory. — Prof. Sharma, HOD Computer Science",1
Hidden truth revealed: university event is not what they tell you. Spread awareness now! Do not ignore this message.,0
Alert from higher authorities: workshop postponed with immediate effect. Share urgently! Please verify and share.,0
You won't believe this! sports day has been suspended. The truth is shocking! Passed on from group admin.,0
"Notice: The workshop on machine learning has been rescheduled to Monday 10AM at 11:00 AM. Please check the official portal for details. — Dr. Mehta, Dean Academic Affairs",1
"Dear Students, The seminar on cybersecurity scheduled for 25th May 2026 will be held as per the original timetable in Examination Hall. — Principal's Office",1
Academic Notice: annual cultural fest will be conducted online via the college portal on Tuesday 9AM. — Student Affairs Office,1
🚨🚨 ALERT: fest is suspended until further notice. Tell everyone ASAP! 🚨🚨 Received from department WhatsApp group.,0
"Prof. Sharma, HOD Computer Science: The timetable for alumni meet is now available on the college website. Check before Tuesday 9AM.",1
VIRAL: fest rescheduled - government trying to hide this. Share before its deleted! This is 100% real information.,0
Notice: The end-semester examination has been rescheduled to Tuesday 9AM at 9:30 AM. Please check the official portal for details. — Student Affairs Office,1
Message from reliable source: sports day cancelled without prior notice. Tell everyone. Passed on from group admin.,0
VIRAL: lab practical called off - government trying to hide this. Share before its deleted! Passed on from group admin.,0
"100% confirmed: class called off. Don't ignore this, forward to everyone now! Received from department WhatsApp group.",0
🚨🚨 ALERT: class is suspended until further notice. Tell everyone ASAP! 🚨🚨 Do not ignore this message.,0
"Notice from Prof. Sharma, HOD Computer Science: project viva registration is now open. Last date to apply is Monday 10AM.",1
The Examination Controller announces the commencement of scholarship application from Monday 10AM. All students are requested to prepare accordingly.,1
Urgent warning: project submission is dangerous. Forward this to protect everyone you know. Received from department WhatsApp group.,0
"Dear Students, The industrial visit scheduled for Wednesday 2PM will be held as per the original timetable in Lab Block 3. — Principal's Office",1
EXCLUSIVE LEAKED INFO: result declaration is completely rescheduled. Share before it gets deleted! This is 100% real information.,0
Students of final year are reminded that seminar on cybersecurity is compulsory. Contact the office for any clarifications. — Student Affairs Office,1
Students are informed that fee payment will commence from 1st June 2026 as per the academic calendar. — Principal's Office,1
Shocking revelation: university event is a complete fraud. Share this viral truth immediately! Passed on from group admin.,0
Breaking news: Secret information about lab practical - they don't want you to know this! Please verify and share.,0
"IMPORTANT MESSAGE: Due to water shortage, result declaration is now rescheduled. Share immediately! Please verify and share.",0
Confirmed by insiders: lab practical is merged with another event. The real reason will shock you! Passed on from group admin.,0
Message from reliable source: annual function cancelled without prior notice. Tell everyone. Do not ignore this message.,0
The Registrar announces the commencement of workshop on machine learning from 15th May 2026. All students are requested to prepare accordingly.,1
Shocking revelation: workshop is a complete fraud. Share this viral truth immediately! This is 100% real information.,0
"100% confirmed: class delayed indefinitely. Don't ignore this, forward to everyone now! Please verify and share.",0
Hidden truth revealed: exam is not what they tell you. Spread awareness now! Do not ignore this message.,0
Notice from Principal's Office: sports meet registration is now open. Last date to apply is Friday 11AM.,1
Notice: The result declaration has been rescheduled to 1st June 2026 at 10:00 AM. Please check the official portal for details. — Student Affairs Office,1
Shocking revelation: sports day is a complete fraud. Share this viral truth immediately! Do not ignore this message.,0
BREAKING: class postponed due to government order. Share with everyone immediately! Do not ignore this message.,0
"Dear Students, The industrial visit scheduled for 15th May 2026 will be held as per the original timetable in Computer Centre. — The Examination Controller",1
Urgent warning: exam is dangerous. Forward this to protect everyone you know. Do not ignore this message.,0
"Official communication: scholarship application result will be declared on Tuesday 9AM. Check the official website for updates. — Prof. Sharma, HOD Computer Science",1
Urgent warning: college is dangerous. Forward this to protect everyone you know. This is 100% real information.,0
Hidden truth revealed: annual function is not what they tell you. Spread awareness now! Do not ignore this message.,0
Reminder: project viva registration deadline is Friday 11AM. Visit the administrative office for further queries. — Student Affairs Office,1
Academic Notice: project viva will be conducted online via the college portal on Monday 10AM. — Principal's Office,1
Breaking news: Secret information about sports day - they don't want you to know this! This is 100% real information.,0
EXCLUSIVE LEAKED INFO: result declaration is completely rescheduled. Share before it gets deleted! Do not ignore this message.,0
MUST SHARE!!! lab practical has been unexpectedly delayed indefinitely. All students must know NOW!!! Do not ignore this message.,0
"IMPORTANT MESSAGE: Due to technical issues, result declaration is now rescheduled. Share immediately! Please verify and share.",0
Hidden truth revealed: annual function is not what they tell you. Spread awareness now! Passed on from group admin.,0
VIRAL: university event cancelled - government trying to hide this. Share before its deleted! Received from department WhatsApp group.,0
Students of second year are reminded that scholarship application is compulsory. Contact the office for any clarifications. — The Examination Controller,1
The Academic Section hereby informs students that scholarship application is scheduled on 25th May 2026 in Lab Block 3. Be present on time.,1
Alert from higher authorities: college rescheduled with immediate effect. Share urgently! This is 100% real information.,0
Reminder: annual cultural fest registration deadline is Friday 11AM. Visit the administrative office for further queries. — Student Affairs Office,1
"IMPORTANT MESSAGE: Due to unexpected maintenance, viva examination is now called off. Share immediately! This is 100% real information.",0
This is to inform all students that sports meet will take place on Wednesday 2PM as announced. Attendance is mandatory. — The Registrar,1
"Students are informed that mid-semester examination will commence from Friday 11AM as per the academic calendar. — Prof. Sharma, HOD Computer Science",1
"Last minute information: project submission tomorrow is moved online. Stay home, forward this message. This is 100% real information.",0
The Principal's Office hereby informs students that practical examination is scheduled on 1st June 2026 in Lab Block 3. Be present on time.,1
Don't attend project submission! It has been rescheduled due to water shortage. Spread the word! Please verify and share.,0
Urgent warning: viva examination is dangerous. Forward this to protect everyone you know. Please verify and share.,0
Message from reliable source: class cancelled without prior notice. Tell everyone. Passed on from group admin.,0
WARNING: If you attend lab practical tomorrow you might government order. Share to save people! Received from department WhatsApp group.,0
Department of Information Technology: The timetable for convocation ceremony is now available on the college website. Check before 25th May 2026.,1
MUST SHARE!!! college has been unexpectedly merged with another event. All students must know NOW!!! Received from department WhatsApp group.,0
Reminder: end-semester examination registration deadline is Tuesday 9AM. Visit the administrative office for further queries. — Student Affairs Office,1
Urgent warning: exam is dangerous. Forward this to protect everyone you know. Received from department WhatsApp group.,0
Notice from The Registrar: industrial visit registration is now open. Last date to apply is 20th May 2026.,1
"Circular No. 523: practical examination will be held as per schedule on 20th May 2026. Carry your ID cards. — Dr. Mehta, Dean Academic Affairs",1
*Forwarded as received* project submission will not happen tomorrow. Reliable source confirmed. Please verify and share.,0
Update: scholarship application originally scheduled for Friday 11AM stands confirmed. No changes have been made. — Principal's Office,1
"IMPORTANT MESSAGE: Due to security concerns, seminar is now called off. Share immediately! This is 100% real information.",0
Notice: The end-semester examination has been rescheduled to 1st June 2026 at 2:00 PM. Please check the official portal for details. — Principal's Office,1
🚨🚨 ALERT: annual function is suspended until further notice. Tell everyone ASAP! 🚨🚨 This is 100% real information.,0
🚨🚨 ALERT: sports day is suspended until further notice. Tell everyone ASAP! 🚨🚨 Passed on from group admin.,0
The Examination Controller: The timetable for fee payment is now available on the college website. Check before 1st June 2026.,1
"IMPORTANT MESSAGE: Due to government order, convocation is now called off. Share immediately! Passed on from group admin.",0
"Update: sports meet originally scheduled for Tuesday 9AM stands confirmed. No changes have been made. — Dr. Mehta, Dean Academic Affairs",1
Official communication: annual cultural fest result will be declared on Monday 10AM. Check the official website for updates. — Principal's Office,1
"Dear Students, The convocation ceremony scheduled for 15th May 2026 will be held as per the original timetable in Computer Centre. — The Registrar",1
Notice: The alumni meet has been rescheduled to Friday 11AM at 10:00 AM. Please check the official portal for details. — The Examination Controller,1
This is to inform all students that project viva will take place on 20th May 2026 as announced. Attendance is mandatory. — The Registrar,1
"IMPORTANT MESSAGE: Due to water shortage, project submission is now merged with another event. Share immediately! Passed on from group admin.",0
Notice: The industrial visit has been rescheduled to Wednesday 2PM at 11:00 AM. Please check the official portal for details. — Department of Information Technology,1
BREAKING: seminar postponed due to administrative decision. Share with everyone immediately! This is 100% real information.,0
Confirmed by insiders: sports day is banned. The real reason will shock you! Received from department WhatsApp group.,0
Shocking revelation: convocation is a complete fraud. Share this viral truth immediately! Received from department WhatsApp group.,0
MUST SHARE!!! university event has been unexpectedly rescheduled. All students must know NOW!!! Please verify and share.,0
The Registrar announces the commencement of end-semester examination from Tuesday 9AM. All students are requested to prepare accordingly.,1
Student Affairs Office announces the commencement of practical examination from Friday 11AM. All students are requested to prepare accordingly.,1
"Update: seminar on cybersecurity originally scheduled for Tuesday 9AM stands confirmed. No changes have been made. — Dr. Mehta, Dean Academic Affairs",1
URGENT!!! workshop has been CANCELLED immediately. Forward this to all students NOW!!! Received from department WhatsApp group.,0
Important: The venue for annual cultural fest has been changed to Auditorium A. All other details remain the same. — The Examination Controller,1
"Official communication: industrial visit result will be declared on Tuesday 9AM. Check the official website for updates. — Prof. Sharma, HOD Computer Science",1
"Official communication: sports meet result will be declared on Wednesday 2PM. Check the official website for updates. — Dr. Mehta, Dean Academic Affairs",1
"Academic Notice: industrial visit will be conducted online via the college portal on Monday 10AM. — Dr. Mehta, Dean Academic Affairs",1
"Reminder: mid-semester examination registration deadline is 15th May 2026. Visit the administrative office for further queries. — Prof. Sharma, HOD Computer Science",1
🚨🚨 ALERT: class is suspended until further notice. Tell everyone ASAP! 🚨🚨 Please verify and share.,0
You won't believe this! sports day has been moved online. The truth is shocking! Please verify and share.,0
"Students of all are reminded that fee payment is compulsory. Contact the office for any clarifications. — Prof. Sharma, HOD Computer Science",1
"Dear Students, The project viva scheduled for 20th May 2026 will be held as per the original timetable in Lab Block 3. — Student Affairs Office",1
BREAKING: university event postponed due to government order. Share with everyone immediately! Passed on from group admin.,0
Students are informed that fee payment will commence from 20th May 2026 as per the academic calendar. — Academic Section,1
Message from reliable source: sports day cancelled without prior notice. Tell everyone. Received from department WhatsApp group.,0
Hidden truth revealed: result declaration is not what they tell you. Spread awareness now! Do not ignore this message.,0
"Last minute information: exam tomorrow is moved online. Stay home, forward this message. Received from department WhatsApp group.",0
"Notice: The sports meet has been rescheduled to Tuesday 9AM at 11:00 AM. Please check the official portal for details. — Dr. Mehta, Dean Academic Affairs",1
Students are informed that end-semester examination will commence from 25th May 2026 as per the academic calendar. — The Examination Controller,1
Message from reliable source: convocation cancelled without prior notice. Tell everyone. Passed on from group admin.,0
Department of Information Technology: The timetable for result declaration is now available on the college website. Check before 1st June 2026.,1
"IMPORTANT MESSAGE: Due to security concerns, class is now delayed indefinitely. Share immediately! Received from department WhatsApp group.",0
Academic Section: The timetable for sports meet is now available on the college website. Check before Wednesday 2PM.,1
Urgent warning: annual function is dangerous. Forward this to protect everyone you know. Please verify and share.,0
Update: alumni meet originally scheduled for Wednesday 2PM stands confirmed. No changes have been made. — Department of Information Technology,1
The Academic Section hereby informs students that end-semester examination is scheduled on 20th May 2026 in Room 204. Be present on time.,1
"100% confirmed: college banned. Don't ignore this, forward to everyone now! Received from department WhatsApp group.",0
Important: The venue for practical examination has been changed to Room 204. All other details remain the same. — Academic Section,1
"Students of first year are reminded that end-semester examination is compulsory. Contact the office for any clarifications. — Prof. Sharma, HOD Computer Science",1
Notice: The alumni meet has been rescheduled to 25th May 2026 at 9:30 AM. Please check the official portal for details. — Student Affairs Office,1
Confirmed by insiders: convocation is moved online. The real reason will shock you! Received from department WhatsApp group.,0
"Students of second year are reminded that alumni meet is compulsory. Contact the office for any clarifications. — Prof. Sharma, HOD Computer Science",1
"100% confirmed: seminar delayed indefinitely. Don't ignore this, forward to everyone now! Passed on from group admin.",0
Reminder: project viva registration deadline is 1st June 2026. Visit the administrative office for further queries. — Academic Section,1
Shocking revelation: viva examination is a complete fraud. Share this viral truth immediately! Please verify and share.,0
Confirmed by insiders: college is delayed indefinitely. The real reason will shock you! Received from department WhatsApp group.,0
Official communication: result declaration result will be declared on Tuesday 9AM. Check the official website for updates. — Student Affairs Office,1
"Students of third year are reminded that workshop on machine learning is compulsory. Contact the office for any clarifications. — Dr. Mehta, Dean Academic Affairs",1
"IMPORTANT MESSAGE: Due to COVID protocol, sports day is now cancelled. Share immediately! Do not ignore this message.",0
You won't believe this! exam has been suspended. The truth is shocking! This is 100% real information.,0
EXCLUSIVE LEAKED INFO: result declaration is completely moved online. Share before it gets deleted! Do not ignore this message.,0
*Forwarded as received* workshop will not happen tomorrow. Reliable source confirmed. Please verify and share.,0
"Official communication: fee payment result will be declared on 20th May 2026. Check the official website for updates. — Prof. Sharma, HOD Computer Science",1
Confirmed by insiders: lab practical is postponed. The real reason will shock you! Received from department WhatsApp group.,0
BREAKING: workshop postponed due to safety hazard. Share with everyone immediately! Please verify and share.,0
Students are informed that sports meet will commence from Monday 10AM as per the academic calendar. — The Registrar,1
"The Dr. Mehta, Dean Academic Affairs hereby informs students that library book submission is scheduled on Tuesday 9AM in Computer Centre. Be present on time.",1
The Registrar announces the commencement of seminar on cybersecurity from 20th May 2026. All students are requested to prepare accordingly.,1
Confirmed by insiders: college is suspended. The real reason will shock you! This is 100% real information.,0
BREAKING: fest postponed due to staff absence. Share with everyone immediately! Passed on from group admin.,0
The Examination Controller: The timetable for practical examination is now available on the college website. Check before 15th May 2026.,1
Student Affairs Office announces the commencement of industrial visit from Monday 10AM. All students are requested to prepare accordingly.,1
Message from reliable source: fest cancelled without prior notice. Tell everyone. Do not ignore this message.,0
Official communication: workshop on machine learning result will be declared on 1st June 2026. Check the official website for updates. — Principal's Office,1
Academic Notice: alumni meet will be conducted online via the college portal on Tuesday 9AM. — Student Affairs Office,1
VIRAL: lab practical cancelled - government trying to hide this. Share before its deleted! Do not ignore this message.,0
URGENT!!! viva examination has been CANCELLED immediately. Forward this to all students NOW!!! Passed on from group admin.,0
Don't attend university event! It has been banned due to security concerns. Spread the word! Please verify and share.,0
Academic Notice: convocation ceremony will be conducted online via the college portal on 20th May 2026. — The Registrar,1
Notice from Academic Section: workshop on machine learning registration is now open. Last date to apply is Friday 11AM.,1
"Dear Students, The annual cultural fest scheduled for 15th May 2026 will be held as per the original timetable in Computer Centre. — The Examination Controller",1
"Dear Students, The mid-semester examination scheduled for Monday 10AM will be held as per the original timetable in Examination Hall. — The Examination Controller",1
The Academic Section hereby informs students that mid-semester examination is scheduled on 15th May 2026 in Computer Centre. Be present on time.,1
Notice from The Registrar: industrial visit registration is now open. Last date to apply is 15th May 2026.,1
EXCLUSIVE LEAKED INFO: seminar is completely called off. Share before it gets deleted! Please verify and share.,0
MUST SHARE!!! annual function has been unexpectedly banned. All students must know NOW!!! Passed on from group admin.,0
EXCLUSIVE LEAKED INFO: seminar is completely rescheduled. Share before it gets deleted! Please verify and share.,0
You won't believe this! workshop has been delayed indefinitely. The truth is shocking! Please verify and share.,0
"100% confirmed: university event merged with another event. Don't ignore this, forward to everyone now! This is 100% real information.",0
Notice from Department of Information Technology: practical examination registration is now open. Last date to apply is 25th May 2026.,1
The Department of Information Technology hereby informs students that seminar on cybersecurity is scheduled on Monday 10AM in Examination Hall. Be present on time.,1
Official communication: end-semester examination result will be declared on Friday 11AM. Check the official website for updates. — The Examination Controller,1
The Examination Controller: The timetable for seminar on cybersecurity is now available on the college website. Check before Monday 10AM.,1
Urgent warning: fest is dangerous. Forward this to protect everyone you know. Passed on from group admin.,0
Academic Section announces the commencement of sports meet from 1st June 2026. All students are requested to prepare accordingly.,1
Important: The venue for annual cultural fest has been changed to Examination Hall. All other details remain the same. — Department of Information Technology,1
"IMPORTANT MESSAGE: Due to security concerns, project submission is now postponed. Share immediately! Passed on from group admin.",0
Urgent warning: workshop is dangerous. Forward this to protect everyone you know. Do not ignore this message.,0
Update: convocation ceremony originally scheduled for 15th May 2026 stands confirmed. No changes have been made. — The Registrar,1
Shocking revelation: project submission is a complete fraud. Share this viral truth immediately! Do not ignore this message.,0
Official communication: result declaration result will be declared on Tuesday 9AM. Check the official website for updates. — The Examination Controller,1
The Department of Information Technology hereby informs students that practical examination is scheduled on 15th May 2026 in Examination Hall. Be present on time.,1
You won't believe this! project submission has been called off. The truth is shocking! Passed on from group admin.,0
WARNING: If you attend university event tomorrow you might unexpected maintenance. Share to save people! This is 100% real information.,0
EXCLUSIVE LEAKED INFO: viva examination is completely called off. Share before it gets deleted! Please verify and share.,0
Alert from higher authorities: class delayed indefinitely with immediate effect. Share urgently! Passed on from group admin.,0
BREAKING: viva examination postponed due to safety hazard. Share with everyone immediately! Passed on from group admin.,0
WARNING: If you attend workshop tomorrow you might staff absence. Share to save people! This is 100% real information.,0
"Dear Students, The annual cultural fest scheduled for 15th May 2026 will be held as per the original timetable in Seminar Hall. — The Examination Controller",1
EXCLUSIVE LEAKED INFO: annual function is completely suspended. Share before it gets deleted! Received from department WhatsApp group.,0
Hidden truth revealed: fest is not what they tell you. Spread awareness now! Passed on from group admin.,0
Student Affairs Office announces the commencement of annual cultural fest from Friday 11AM. All students are requested to prepare accordingly.,1
You won't believe this! fest has been called off. The truth is shocking! This is 100% real information.,0
MUST SHARE!!! college has been unexpectedly called off. All students must know NOW!!! Passed on from group admin.,0
This is to inform all students that fee payment will take place on Wednesday 2PM as announced. Attendance is mandatory. — The Registrar,1
Student Affairs Office announces the commencement of fee payment from Monday 10AM. All students are requested to prepare accordingly.,1
This is to inform all students that seminar on cybersecurity will take place on 25th May 2026 as announced. Attendance is mandatory. — Student Affairs Office,1
Students are informed that end-semester examination will commence from Friday 11AM as per the academic calendar. — Academic Section,1
"Dr. Mehta, Dean Academic Affairs announces the commencement of annual cultural fest from Monday 10AM. All students are requested to prepare accordingly.",1
"Last minute information: convocation tomorrow is banned. Stay home, forward this message. Received from department WhatsApp group.",0
"Students are informed that annual cultural fest will commence from 20th May 2026 as per the academic calendar. — Dr. Mehta, Dean Academic Affairs",1
Notice from The Registrar: alumni meet registration is now open. Last date to apply is Wednesday 2PM.,1
Message from reliable source: class cancelled without prior notice. Tell everyone. Do not ignore this message.,0
Notice: The industrial visit has been rescheduled to 25th May 2026 at 11:00 AM. Please check the official portal for details. — Academic Section,1
MUST SHARE!!! college has been unexpectedly moved online. All students must know NOW!!! Passed on from group admin.,0
Academic Notice: convocation ceremony will be conducted online via the college portal on Friday 11AM. — Principal's Office,1
"Reminder: annual cultural fest registration deadline is 25th May 2026. Visit the administrative office for further queries. — Dr. Mehta, Dean Academic Affairs",1
Don't attend convocation! It has been suspended due to power failure. Spread the word! Passed on from group admin.,0
Don't attend lab practical! It has been cancelled due to staff absence. Spread the word! Please verify and share.,0
Academic Section: The timetable for mid-semester examination is now available on the college website. Check before Friday 11AM.,1
Academic Section announces the commencement of practical examination from 25th May 2026. All students are requested to prepare accordingly.,1
BREAKING: college postponed due to technical issues. Share with everyone immediately! Please verify and share.,0
Alert from higher authorities: university event banned with immediate effect. Share urgently! This is 100% real information.,0
"Important: The venue for fee payment has been changed to Main Hall. All other details remain the same. — Prof. Sharma, HOD Computer Science",1
Academic Notice: end-semester examination will be conducted online via the college portal on 20th May 2026. — Department of Information Technology,1
"IMPORTANT MESSAGE: Due to technical issues, convocation is now rescheduled. Share immediately! Passed on from group admin.",0
Message from reliable source: seminar cancelled without prior notice. Tell everyone. Please verify and share.,0
🚨🚨 ALERT: convocation is suspended until further notice. Tell everyone ASAP! 🚨🚨 Please verify and share.,0
"Dear Students, The mid-semester examination scheduled for 1st June 2026 will be held as per the original timetable in Auditorium A. — The Registrar",1
EXCLUSIVE LEAKED INFO: university event is completely called off. Share before it gets deleted! Do not ignore this message.,0
BREAKING: fest postponed due to safety hazard. Share with everyone immediately! Please verify and share.,0
Official communication: practical examination result will be declared on 20th May 2026. Check the official website for updates. — The Registrar,1
Students of third year are reminded that alumni meet is compulsory. Contact the office for any clarifications. — Department of Information Technology,1
"IMPORTANT MESSAGE: Due to COVID protocol, seminar is now postponed. Share immediately! Passed on from group admin.",0
"Prof. Sharma, HOD Computer Science: The timetable for fee payment is now available on the college website. Check before 25th May 2026.",1
"Important: The venue for scholarship application has been changed to Computer Centre. All other details remain the same. — Dr. Mehta, Dean Academic Affairs",1
Reminder: project viva registration deadline is 1st June 2026. Visit the administrative office for further queries. — Department of Information Technology,1
Notice from Student Affairs Office: alumni meet registration is now open. Last date to apply is Wednesday 2PM.,1
Shocking revelation: workshop is a complete fraud. Share this viral truth immediately! Please verify and share.,0
"The Dr. Mehta, Dean Academic Affairs hereby informs students that seminar on cybersecurity is scheduled on Tuesday 9AM in Main Hall. Be present on time.",1
MUST SHARE!!! sports day has been unexpectedly moved online. All students must know NOW!!! Passed on from group admin.,0
Students of second year are reminded that convocation ceremony is compulsory. Contact the office for any clarifications. — The Registrar,1
EXCLUSIVE LEAKED INFO: annual function is completely called off. Share before it gets deleted! Received from department WhatsApp group.,0
Notice: The industrial visit has been rescheduled to 15th May 2026 at 11:00 AM. Please check the official portal for details. — The Examination Controller,1
Alert from higher authorities: workshop suspended with immediate effect. Share urgently! Do not ignore this message.,0
Students are informed that workshop on machine learning will commence from Wednesday 2PM as per the academic calendar. — Principal's Office,1
Hidden truth revealed: class is not what they tell you. Spread awareness now! Please verify and share.,0
Students are informed that scholarship application will commence from Friday 11AM as per the academic calendar. — Student Affairs Office,1
"Update: scholarship application originally scheduled for 25th May 2026 stands confirmed. No changes have been made. — Dr. Mehta, Dean Academic Affairs",1
Message from reliable source: project submission cancelled without prior notice. Tell everyone. Please verify and share.,0
Academic Notice: library book submission will be conducted online via the college portal on Tuesday 9AM. — Department of Information Technology,1
Academic Notice: end-semester examination will be conducted online via the college portal on Monday 10AM. — Principal's Office,1
"Last minute information: result declaration tomorrow is cancelled. Stay home, forward this message. Please verify and share.",0
Urgent warning: university event is dangerous. Forward this to protect everyone you know. Please verify and share.,0
Circular No. 523: alumni meet will be held as per schedule on 15th May 2026. Carry your ID cards. — Student Affairs Office,1
Circular No. 418: project viva will be held as per schedule on 15th May 2026. Carry your ID cards. — Student Affairs Office,1
Students of first year are reminded that scholarship application is compulsory. Contact the office for any clarifications. — Academic Section,1
"IMPORTANT MESSAGE: Due to unexpected maintenance, viva examination is now merged with another event. Share immediately! Received from department WhatsApp group.",0
"Reminder: mid-semester examination registration deadline is Friday 11AM. Visit the administrative office for further queries. — Dr. Mehta, Dean Academic Affairs",1
*Forwarded as received* workshop will not happen tomorrow. Reliable source confirmed. Please verify and share.,0
You won't believe this! sports day has been called off. The truth is shocking! Do not ignore this message.,0
Principal's Office announces the commencement of project viva from 25th May 2026. All students are requested to prepare accordingly.,1
🚨🚨 ALERT: exam is suspended until further notice. Tell everyone ASAP! 🚨🚨 Passed on from group admin.,0
URGENT!!! convocation has been CANCELLED immediately. Forward this to all students NOW!!! This is 100% real information.,0
Notice from Academic Section: sports meet registration is now open. Last date to apply is 15th May 2026.,1
Notice: The annual cultural fest has been rescheduled to 20th May 2026 at 9:30 AM. Please check the official portal for details. — Student Affairs Office,1
"Prof. Sharma, HOD Computer Science: The timetable for industrial visit is now available on the college website. Check before 25th May 2026.",1
MUST SHARE!!! project submission has been unexpectedly merged with another event. All students must know NOW!!! Please verify and share.,0
Circular No. 523: mid-semester examination will be held as per schedule on Wednesday 2PM. Carry your ID cards. — Academic Section,1
🚨🚨 ALERT: annual function is suspended until further notice. Tell everyone ASAP! 🚨🚨 This is 100% real information.,0
🚨🚨 ALERT: lab practical is suspended until further notice. Tell everyone ASAP! 🚨🚨 Passed on from group admin.,0
Confirmed by insiders: fest is merged with another event. The real reason will shock you! This is 100% real information.,0
Students of third year are reminded that result declaration is compulsory. Contact the office for any clarifications. — Academic Section,1
The The Examination Controller hereby informs students that annual cultural fest is scheduled on 15th May 2026 in Computer Centre. Be present on time.,1
Urgent warning: fest is dangerous. Forward this to protect everyone you know. Passed on from group admin.,0
"Dear Students, The library book submission scheduled for 1st June 2026 will be held as per the original timetable in Main Hall. — Dr. Mehta, Dean Academic Affairs",1
Urgent warning: seminar is dangerous. Forward this to protect everyone you know. This is 100% real information.,0
Shocking revelation: sports day is a complete fraud. Share this viral truth immediately! This is 100% real information.,0
Notice: The alumni meet has been rescheduled to 25th May 2026 at 2:00 PM. Please check the official portal for details. — The Examination Controller,1
Alert from higher authorities: college banned with immediate effect. Share urgently! Passed on from group admin.,0
This is to inform all students that industrial visit will take place on Tuesday 9AM as announced. Attendance is mandatory. — Student Affairs Office,1
You won't believe this! project submission has been called off. The truth is shocking! This is 100% real information.,0
*Forwarded as received* result declaration will not happen tomorrow. Reliable source confirmed. Passed on from group admin.,0
"Prof. Sharma, HOD Computer Science announces the commencement of end-semester examination from Friday 11AM. All students are requested to prepare accordingly.",1
Message from reliable source: result declaration cancelled without prior notice. Tell everyone. Please verify and share.,0
*Forwarded as received* university event will not happen tomorrow. Reliable source confirmed. Received from department WhatsApp group.,0
Student Affairs Office announces the commencement of mid-semester examination from Tuesday 9AM. All students are requested to prepare accordingly.,1
🚨🚨 ALERT: university event is suspended until further notice. Tell everyone ASAP! 🚨🚨 This is 100% real information.,0
"Notice from Dr. Mehta, Dean Academic Affairs: alumni meet registration is now open. Last date to apply is Monday 10AM.",1
Don't attend annual function! It has been postponed due to safety hazard. Spread the word! Do not ignore this message.,0
Don't attend annual function! It has been delayed indefinitely due to technical issues. Spread the word! This is 100% real information.,0
This is to inform all students that library book submission will take place on 25th May 2026 as announced. Attendance is mandatory. — Student Affairs Office,1
Students are informed that sports meet will commence from 20th May 2026 as per the academic calendar. — The Examination Controller,1
🚨🚨 ALERT: annual function is suspended until further notice. Tell everyone ASAP! 🚨🚨 This is 100% real information.,0
"Last minute information: lab practical tomorrow is postponed. Stay home, forward this message. Received from department WhatsApp group.",0
URGENT!!! university event has been CANCELLED immediately. Forward this to all students NOW!!! Passed on from group admin.,0
Shocking revelation: workshop is a complete fraud. Share this viral truth immediately! Passed on from group admin.,0
*Forwarded as received* exam will not happen tomorrow. Reliable source confirmed. Received from department WhatsApp group.,0
MUST SHARE!!! lab practical has been unexpectedly merged with another event. All students must know NOW!!! Do not ignore this message.,0
Students are informed that industrial visit will commence from 25th May 2026 as per the academic calendar. — Academic Section,1
The Student Affairs Office hereby informs students that project viva is scheduled on Tuesday 9AM in Computer Centre. Be present on time.,1
WARNING: If you attend viva examination tomorrow you might government order. Share to save people! This is 100% real information.,0
Hidden truth revealed: fest is not what they tell you. Spread awareness now! Received from department WhatsApp group.,0
Notice: The fee payment has been rescheduled to 20th May 2026 at 2:00 PM. Please check the official portal for details. — The Examination Controller,1
Official communication: seminar on cybersecurity result will be declared on 20th May 2026. Check the official website for updates. — The Registrar,1
This is to inform all students that project viva will take place on Tuesday 9AM as announced. Attendance is mandatory. — The Examination Controller,1
Notice: The alumni meet has been rescheduled to 15th May 2026 at 10:00 AM. Please check the official portal for details. — Academic Section,1
Alert from higher authorities: exam suspended with immediate effect. Share urgently! This is 100% real information.,0
"IMPORTANT MESSAGE: Due to COVID protocol, class is now delayed indefinitely. Share immediately! Please verify and share.",0
Notice: The sports meet has been rescheduled to 20th May 2026 at 11:00 AM. Please check the official portal for details. — Department of Information Technology,1
URGENT!!! result declaration has been CANCELLED immediately. Forward this to all students NOW!!! Received from department WhatsApp group.,0
MUST SHARE!!! viva examination has been unexpectedly cancelled. All students must know NOW!!! This is 100% real information.,0
Reminder: industrial visit registration deadline is Friday 11AM. Visit the administrative office for further queries. — Principal's Office,1
"Last minute information: fest tomorrow is merged with another event. Stay home, forward this message. This is 100% real information.",0
Alert from higher authorities: exam called off with immediate effect. Share urgently! Received from department WhatsApp group.,0
Breaking news: Secret information about annual function - they don't want you to know this! Received from department WhatsApp group.,0
"Dear Students, The fee payment scheduled for 15th May 2026 will be held as per the original timetable in Computer Centre. — Department of Information Technology",1
Breaking news: Secret information about university event - they don't want you to know this! This is 100% real information.,0
This is to inform all students that workshop on machine learning will take place on 20th May 2026 as announced. Attendance is mandatory. — Student Affairs Office,1
MUST SHARE!!! exam has been unexpectedly postponed. All students must know NOW!!! Received from department WhatsApp group.,0
The Registrar announces the commencement of fee payment from 1st June 2026. All students are requested to prepare accordingly.,1
VIRAL: seminar postponed - government trying to hide this. Share before its deleted! Do not ignore this message.,0
Shocking revelation: fest is a complete fraud. Share this viral truth immediately! Do not ignore this message.,0
"Students of all are reminded that result declaration is compulsory. Contact the office for any clarifications. — Dr. Mehta, Dean Academic Affairs",1
Circular No. 202: fee payment will be held as per schedule on 20th May 2026. Carry your ID cards. — Student Affairs Office,1
Message from reliable source: exam cancelled without prior notice. Tell everyone. Received from department WhatsApp group.,0
Academic Notice: mid-semester examination will be conducted online via the college portal on Monday 10AM. — The Registrar,1
BREAKING: sports day postponed due to power failure. Share with everyone immediately! Passed on from group admin.,0
The Department of Information Technology hereby informs students that convocation ceremony is scheduled on Wednesday 2PM in Lab Block 3. Be present on time.,1
The Department of Information Technology hereby informs students that project viva is scheduled on 1st June 2026 in Auditorium A. Be present on time.,1
"This is to inform all students that practical examination will take place on 25th May 2026 as announced. Attendance is mandatory. — Prof. Sharma, HOD Computer Science",1
Important: The venue for convocation ceremony has been changed to Main Hall. All other details remain the same. — Academic Section,1
Notice from Student Affairs Office: library book submission registration is now open. Last date to apply is 20th May 2026.,1
"IMPORTANT MESSAGE: Due to COVID protocol, project submission is now delayed indefinitely. Share immediately! Do not ignore this message.",0
The Examination Controller: The timetable for mid-semester examination is now available on the college website. Check before Wednesday 2PM.,1
Don't attend workshop! It has been moved online due to technical issues. Spread the word! Received from department WhatsApp group.,0
"100% confirmed: exam rescheduled. Don't ignore this, forward to everyone now! Do not ignore this message.",0
Shocking revelation: college is a complete fraud. Share this viral truth immediately! Passed on from group admin.,0
Official communication: result declaration result will be declared on 25th May 2026. Check the official website for updates. — Department of Information Technology,1
WARNING: If you attend viva examination tomorrow you might government order. Share to save people! Please verify and share.,0
Hidden truth revealed: viva examination is not what they tell you. Spread awareness now! Received from department WhatsApp group.,0
Notice from Principal's Office: alumni meet registration is now open. Last date to apply is Monday 10AM.,1
The Examination Controller: The timetable for practical examination is now available on the college website. Check before Monday 10AM.,1
Urgent warning: project submission is dangerous. Forward this to protect everyone you know. Passed on from group admin.,0
"Important: The venue for fee payment has been changed to Examination Hall. All other details remain the same. — Prof. Sharma, HOD Computer Science",1
EXCLUSIVE LEAKED INFO: exam is completely merged with another event. Share before it gets deleted! Please verify and share.,0
Notice: The seminar on cybersecurity has been rescheduled to Wednesday 2PM at 11:00 AM. Please check the official portal for details. — Principal's Office,1
"Students are informed that fee payment will commence from Wednesday 2PM as per the academic calendar. — Dr. Mehta, Dean Academic Affairs",1
Hidden truth revealed: result declaration is not what they tell you. Spread awareness now! Do not ignore this message.,0
URGENT!!! result declaration has been CANCELLED immediately. Forward this to all students NOW!!! Received from department WhatsApp group.,0
"100% confirmed: college moved online. Don't ignore this, forward to everyone now! Please verify and share.",0
The Student Affairs Office hereby informs students that alumni meet is scheduled on 15th May 2026 in Computer Centre. Be present on time.,1
Circular No. 418: industrial visit will be held as per schedule on Monday 10AM. Carry your ID cards. — Principal's Office,1
Shocking revelation: annual function is a complete fraud. Share this viral truth immediately! This is 100% real information.,0
WARNING: If you attend result declaration tomorrow you might COVID protocol. Share to save people! Received from department WhatsApp group.,0
Circular No. 202: industrial visit will be held as per schedule on Wednesday 2PM. Carry your ID cards. — Department of Information Technology,1
This is to inform all students that sports meet will take place on 15th May 2026 as announced. Attendance is mandatory. — Student Affairs Office,1
Confirmed by insiders: workshop is rescheduled. The real reason will shock you! Passed on from group admin.,0
"Dear Students, The mid-semester examination scheduled for Friday 11AM will be held as per the original timetable in Main Hall. — Student Affairs Office",1
Principal's Office: The timetable for convocation ceremony is now available on the college website. Check before Friday 11AM.,1
The Examination Controller announces the commencement of workshop on machine learning from Tuesday 9AM. All students are requested to prepare accordingly.,1
BREAKING: class postponed due to administrative decision. Share with everyone immediately! Passed on from group admin.,0
MUST SHARE!!! class has been unexpectedly rescheduled. All students must know NOW!!! This is 100% real information.,0
Official communication: project viva result will be declared on Friday 11AM. Check the official website for updates. — Department of Information Technology,1
"Dear Students, The practical examination scheduled for 20th May 2026 will be held as per the original timetable in Main Hall. — Prof. Sharma, HOD Computer Science",1
This is to inform all students that fee payment will take place on 25th May 2026 as announced. Attendance is mandatory. — The Registrar,1
Students of all are reminded that end-semester examination is compulsory. Contact the office for any clarifications. — Student Affairs Office,1
MUST SHARE!!! project submission has been unexpectedly delayed indefinitely. All students must know NOW!!! Received from department WhatsApp group.,0
"Last minute information: project submission tomorrow is moved online. Stay home, forward this message. Passed on from group admin.",0
🚨🚨 ALERT: exam is suspended until further notice. Tell everyone ASAP! 🚨🚨 This is 100% real information.,0
Circular No. 305: practical examination will be held as per schedule on Tuesday 9AM. Carry your ID cards. — Student Affairs Office,1
Confirmed by insiders: seminar is cancelled. The real reason will shock you! Received from department WhatsApp group.,0
"Dear Students, The seminar on cybersecurity scheduled for 1st June 2026 will be held as per the original timetable in Computer Centre. — The Examination Controller",1
"Important: The venue for end-semester examination has been changed to Computer Centre. All other details remain the same. — Dr. Mehta, Dean Academic Affairs",1
*Forwarded as received* project submission will not happen tomorrow. Reliable source confirmed. Received from department WhatsApp group.,0
EXCLUSIVE LEAKED INFO: project submission is completely rescheduled. Share before it gets deleted! This is 100% real information.,0
VIRAL: seminar postponed - government trying to hide this. Share before its deleted! Do not ignore this message.,0
Alert from higher authorities: seminar postponed with immediate effect. Share urgently! Please verify and share.,0
Student Affairs Office: The timetable for result declaration is now available on the college website. Check before Friday 11AM.,1
"Dear Students, The seminar on cybersecurity scheduled for Friday 11AM will be held as per the original timetable in Seminar Hall. — Prof. Sharma, HOD Computer Science",1
WARNING: If you attend annual function tomorrow you might security concerns. Share to save people! Received from department WhatsApp group.,0
Academic Notice: mid-semester examination will be conducted online via the college portal on 25th May 2026. — The Examination Controller,1
"Dr. Mehta, Dean Academic Affairs: The timetable for result declaration is now available on the college website. Check before 25th May 2026.",1
BREAKING: class postponed due to staff absence. Share with everyone immediately! Do not ignore this message.,0
"100% confirmed: college cancelled. Don't ignore this, forward to everyone now! This is 100% real information.",0
"Notice: The workshop on machine learning has been rescheduled to Monday 10AM at 2:00 PM. Please check the official portal for details. — Dr. Mehta, Dean Academic Affairs",1
This is to inform all students that industrial visit will take place on 1st June 2026 as announced. Attendance is mandatory. — The Registrar,1
WARNING: If you attend lab practical tomorrow you might water shortage. Share to save people! Passed on from group admin.,0
EXCLUSIVE LEAKED INFO: viva examination is completely banned. Share before it gets deleted! Passed on from group admin.,0
Alert from higher authorities: convocation postponed with immediate effect. Share urgently! Please verify and share.,0
MUST SHARE!!! class has been unexpectedly banned. All students must know NOW!!! Do not ignore this message.,0
Students are informed that project viva will commence from Monday 10AM as per the academic calendar. — Academic Section,1
Message from reliable source: convocation cancelled without prior notice. Tell everyone. Received from department WhatsApp group.,0
"Prof. Sharma, HOD Computer Science: The timetable for end-semester examination is now available on the college website. Check before Friday 11AM.",1
Students are informed that sports meet will commence from 25th May 2026 as per the academic calendar. — Department of Information Technology,1
MUST SHARE!!! workshop has been unexpectedly merged with another event. All students must know NOW!!! Received from department WhatsApp group.,0
"Reminder: workshop on machine learning registration deadline is 25th May 2026. Visit the administrative office for further queries. — Dr. Mehta, Dean Academic Affairs",1
Hidden truth revealed: workshop is not what they tell you. Spread awareness now! Received from department WhatsApp group.,0
🚨🚨 ALERT: class is suspended until further notice. Tell everyone ASAP! 🚨🚨 Passed on from group admin.,0
"Students of all are reminded that alumni meet is compulsory. Contact the office for any clarifications. — Dr. Mehta, Dean Academic Affairs",1
VIRAL: university event banned - government trying to hide this. Share before its deleted! Passed on from group admin.,0
"Update: project viva originally scheduled for Friday 11AM stands confirmed. No changes have been made. — Prof. Sharma, HOD Computer Science",1
VIRAL: class merged with another event - government trying to hide this. Share before its deleted! This is 100% real information.,0
"Dear Students, The convocation ceremony scheduled for Wednesday 2PM will be held as per the original timetable in Seminar Hall. — The Registrar",1
"Circular No. 202: project viva will be held as per schedule on Wednesday 2PM. Carry your ID cards. — Dr. Mehta, Dean Academic Affairs",1
Circular No. 523: convocation ceremony will be held as per schedule on Tuesday 9AM. Carry your ID cards. — The Registrar,1
WARNING: If you attend result declaration tomorrow you might staff absence. Share to save people! Passed on from group admin.,0
Urgent warning: class is dangerous. Forward this to protect everyone you know. This is 100% real information.,0
MUST SHARE!!! university event has been unexpectedly merged with another event. All students must know NOW!!! Received from department WhatsApp group.,0
"Last minute information: college tomorrow is delayed indefinitely. Stay home, forward this message. This is 100% real information.",0
Update: alumni meet originally scheduled for Monday 10AM stands confirmed. No changes have been made. — Department of Information Technology,1
Important: The venue for alumni meet has been changed to Computer Centre. All other details remain the same. — The Registrar,1
Don't attend workshop! It has been called off due to government order. Spread the word! Received from department WhatsApp group.,0
Hidden truth revealed: annual function is not what they tell you. Spread awareness now! This is 100% real information.,0
WARNING: If you attend exam tomorrow you might unexpected maintenance. Share to save people! Do not ignore this message.,0
"100% confirmed: annual function banned. Don't ignore this, forward to everyone now! Do not ignore this message.",0
Circular No. 101: library book submission will be held as per schedule on Monday 10AM. Carry your ID cards. — Academic Section,1
Message from reliable source: college cancelled without prior notice. Tell everyone. Please verify and share.,0
Update: library book submission originally scheduled for Tuesday 9AM stands confirmed. No changes have been made. — Academic Section,1
The Examination Controller announces the commencement of industrial visit from 25th May 2026. All students are requested to prepare accordingly.,1
Confirmed by insiders: result declaration is called off. The real reason will shock you! Received from department WhatsApp group.,0
WARNING: If you attend viva examination tomorrow you might COVID protocol. Share to save people! Passed on from group admin.,0
You won't believe this! seminar has been moved online. The truth is shocking! This is 100% real information.,0
Department of Information Technology announces the commencement of workshop on machine learning from Tuesday 9AM. All students are requested to prepare accordingly.,1
"Last minute information: class tomorrow is banned. Stay home, forward this message. This is 100% real information.",0
"100% confirmed: convocation delayed indefinitely. Don't ignore this, forward to everyone now! Passed on from group admin.",0
Urgent warning: fest is dangerous. Forward this to protect everyone you know. Do not ignore this message.,0
"Students of first year are reminded that annual cultural fest is compulsory. Contact the office for any clarifications. — Dr. Mehta, Dean Academic Affairs",1
Important: The venue for fee payment has been changed to Examination Hall. All other details remain the same. — Principal's Office,1
Don't attend result declaration! It has been rescheduled due to security concerns. Spread the word! Please verify and share.,0
Students of final year are reminded that workshop on machine learning is compulsory. Contact the office for any clarifications. — Academic Section,1
"Dear Students, The library book submission scheduled for 15th May 2026 will be held as per the original timetable in Main Hall. — Academic Section",1
Notice: The result declaration has been rescheduled to Friday 11AM at 10:00 AM. Please check the official portal for details. — The Registrar,1
Hidden truth revealed: lab practical is not what they tell you. Spread awareness now! Received from department WhatsApp group.,0
You won't believe this! result declaration has been postponed. The truth is shocking! Received from department WhatsApp group.,0
Reminder: practical examination registration deadline is Friday 11AM. Visit the administrative office for further queries. — Academic Section,1
EXCLUSIVE LEAKED INFO: convocation is completely called off. Share before it gets deleted! Received from department WhatsApp group.,0
The Registrar: The timetable for seminar on cybersecurity is now available on the college website. Check before 25th May 2026.,1
Students of first year are reminded that convocation ceremony is compulsory. Contact the office for any clarifications. — Academic Section,1
"IMPORTANT MESSAGE: Due to water shortage, university event is now rescheduled. Share immediately! This is 100% real information.",0
Circular No. 202: project viva will be held as per schedule on 15th May 2026. Carry your ID cards. — The Examination Controller,1
VIRAL: result declaration cancelled - government trying to hide this. Share before its deleted! This is 100% real information.,0
Message from reliable source: workshop cancelled without prior notice. Tell everyone. Passed on from group admin.,0
Don't attend fest! It has been moved online due to power failure. Spread the word! This is 100% real information.,0
"Notice from Prof. Sharma, HOD Computer Science: result declaration registration is now open. Last date to apply is Wednesday 2PM.",1
Students are informed that industrial visit will commence from 20th May 2026 as per the academic calendar. — Principal's Office,1
Notice: The workshop on machine learning has been rescheduled to 1st June 2026 at 2:00 PM. Please check the official portal for details. — Student Affairs Office,1
🚨🚨 ALERT: workshop is suspended until further notice. Tell everyone ASAP! 🚨🚨 Received from department WhatsApp group.,0
BREAKING: seminar postponed due to staff absence. Share with everyone immediately! Passed on from group admin.,0
Hidden truth revealed: workshop is not what they tell you. Spread awareness now! Do not ignore this message.,0
Notice from Department of Information Technology: practical examination registration is now open. Last date to apply is 1st June 2026.,1
"Notice: The workshop on machine learning has been rescheduled to 20th May 2026 at 9:30 AM. Please check the official portal for details. — Dr. Mehta, Dean Academic Affairs",1
MUST SHARE!!! convocation has been unexpectedly delayed indefinitely. All students must know NOW!!! This is 100% real information.,0
Official communication: sports meet result will be declared on Monday 10AM. Check the official website for updates. — Student Affairs Office,1
Confirmed by insiders: college is rescheduled. The real reason will shock you! This is 100% real information.,0
Breaking news: Secret information about class - they don't want you to know this! Received from department WhatsApp group.,0
Hidden truth revealed: lab practical is not what they tell you. Spread awareness now! This is 100% real information.,0
URGENT!!! annual function has been CANCELLED immediately. Forward this to all students NOW!!! Do not ignore this message.,0
You won't believe this! workshop has been banned. The truth is shocking! Passed on from group admin.,0
WARNING: If you attend university event tomorrow you might power failure. Share to save people! Passed on from group admin.,0
Reminder: practical examination registration deadline is Wednesday 2PM. Visit the administrative office for further queries. — Principal's Office,1
*Forwarded as received* convocation will not happen tomorrow. Reliable source confirmed. Received from department WhatsApp group.,0
You won't believe this! seminar has been merged with another event. The truth is shocking! Please verify and share.,0
MUST SHARE!!! fest has been unexpectedly banned. All students must know NOW!!! This is 100% real information.,0
Principal's Office: The timetable for seminar on cybersecurity is now available on the college website. Check before 15th May 2026.,1
MUST SHARE!!! project submission has been unexpectedly banned. All students must know NOW!!! Passed on from group admin.,0
"Academic Notice: result declaration will be conducted online via the college portal on 1st June 2026. — Prof. Sharma, HOD Computer Science",1
MUST SHARE!!! lab practical has been unexpectedly merged with another event. All students must know NOW!!! Received from department WhatsApp group.,0
This is to inform all students that workshop on machine learning will take place on Monday 10AM as announced. Attendance is mandatory. — The Examination Controller,1
Urgent warning: project submission is dangerous. Forward this to protect everyone you know. Please verify and share.,0
Academic Notice: workshop on machine learning will be conducted online via the college portal on Tuesday 9AM. — Student Affairs Office,1
Department of Information Technology: The timetable for mid-semester examination is now available on the college website. Check before Wednesday 2PM.,1
You won't believe this! exam has been cancelled. The truth is shocking! Received from department WhatsApp group.,0
Students of first year are reminded that annual cultural fest is compulsory. Contact the office for any clarifications. — Academic Section,1
BREAKING: seminar postponed due to technical issues. Share with everyone immediately! Do not ignore this message.,0
Department of Information Technology announces the commencement of convocation ceremony from Tuesday 9AM. All students are requested to prepare accordingly.,1
*Forwarded as received* convocation will not happen tomorrow. Reliable source confirmed. Please verify and share.,0
Urgent warning: result declaration is dangerous. Forward this to protect everyone you know. Do not ignore this message.,0
Circular No. 101: scholarship application will be held as per schedule on 1st June 2026. Carry your ID cards. — Academic Section,1
BREAKING: viva examination postponed due to security concerns. Share with everyone immediately! Do not ignore this message.,0
Alert from higher authorities: annual function postponed with immediate effect. Share urgently! This is 100% real information.,0
Students of second year are reminded that project viva is compulsory. Contact the office for any clarifications. — Department of Information Technology,1
Notice: The result declaration has been rescheduled to 20th May 2026 at 11:00 AM. Please check the official portal for details. — Principal's Office,1
"IMPORTANT MESSAGE: Due to COVID protocol, lab practical is now cancelled. Share immediately! Do not ignore this message.",0
Confirmed by insiders: exam is moved online. The real reason will shock you! Received from department WhatsApp group.,0
"IMPORTANT MESSAGE: Due to unexpected maintenance, result declaration is now postponed. Share immediately! This is 100% real information.",0
Alert from higher authorities: annual function postponed with immediate effect. Share urgently! Do not ignore this message.,0
MUST SHARE!!! convocation has been unexpectedly merged with another event. All students must know NOW!!! Please verify and share.,0
Academic Notice: seminar on cybersecurity will be conducted online via the college portal on Wednesday 2PM. — The Registrar,1
The Department of Information Technology hereby informs students that annual cultural fest is scheduled on Friday 11AM in Auditorium A. Be present on time.,1
Message from reliable source: viva examination cancelled without prior notice. Tell everyone. Passed on from group admin.,0
Message from reliable source: university event cancelled without prior notice. Tell everyone. Received from department WhatsApp group.,0
Shocking revelation: exam is a complete fraud. Share this viral truth immediately! This is 100% real information.,0
The Principal's Office hereby informs students that mid-semester examination is scheduled on Tuesday 9AM in Computer Centre. Be present on time.,1
WARNING: If you attend viva examination tomorrow you might security concerns. Share to save people! Received from department WhatsApp group.,0
This is to inform all students that alumni meet will take place on 20th May 2026 as announced. Attendance is mandatory. — Department of Information Technology,1
"Students are informed that convocation ceremony will commence from 25th May 2026 as per the academic calendar. — Dr. Mehta, Dean Academic Affairs",1
Message from reliable source: college cancelled without prior notice. Tell everyone. This is 100% real information.,0
EXCLUSIVE LEAKED INFO: result declaration is completely suspended. Share before it gets deleted! Passed on from group admin.,0
Breaking news: Secret information about college - they don't want you to know this! This is 100% real information.,0
Academic Notice: sports meet will be conducted online via the college portal on Wednesday 2PM. — Principal's Office,1
Notice from Principal's Office: mid-semester examination registration is now open. Last date to apply is Monday 10AM.,1
"Prof. Sharma, HOD Computer Science: The timetable for practical examination is now available on the college website. Check before Wednesday 2PM.",1
🚨🚨 ALERT: result declaration is suspended until further notice. Tell everyone ASAP! 🚨🚨 Do not ignore this message.,0
Message from reliable source: exam cancelled without prior notice. Tell everyone. Do not ignore this message.,0
"100% confirmed: convocation cancelled. Don't ignore this, forward to everyone now! Please verify and share.",0
The Examination Controller announces the commencement of project viva from 15th May 2026. All students are requested to prepare accordingly.,1
Students are informed that seminar on cybersecurity will commence from Wednesday 2PM as per the academic calendar. — Principal's Office,1
"Dear Students, The industrial visit scheduled for Monday 10AM will be held as per the original timetable in Examination Hall. — The Examination Controller",1
Official communication: seminar on cybersecurity result will be declared on Monday 10AM. Check the official website for updates. — The Examination Controller,1
Principal's Office announces the commencement of industrial visit from Friday 11AM. All students are requested to prepare accordingly.,1
VIRAL: workshop postponed - government trying to hide this. Share before its deleted! This is 100% real information.,0
Hidden truth revealed: college is not what they tell you. Spread awareness now! This is 100% real information.,0
BREAKING: convocation postponed due to COVID protocol. Share with everyone immediately! Passed on from group admin.,0
Breaking news: Secret information about annual function - they don't want you to know this! Received from department WhatsApp group.,0
BREAKING: university event postponed due to security concerns. Share with everyone immediately! This is 100% real information.,0
Update: alumni meet originally scheduled for Friday 11AM stands confirmed. No changes have been made. — Principal's Office,1
Notice from The Registrar: fee payment registration is now open. Last date to apply is Monday 10AM.,1
Notice from The Registrar: scholarship application registration is now open. Last date to apply is Monday 10AM.,1
Don't attend seminar! It has been suspended due to unexpected maintenance. Spread the word! Do not ignore this message.,0
"Update: library book submission originally scheduled for 20th May 2026 stands confirmed. No changes have been made. — Prof. Sharma, HOD Computer Science",1
The Examination Controller announces the commencement of alumni meet from 15th May 2026. All students are requested to prepare accordingly.,1
Update: end-semester examination originally scheduled for 1st June 2026 stands confirmed. No changes have been made. — The Examination Controller,1
Notice: The mid-semester examination has been rescheduled to Wednesday 2PM at 10:00 AM. Please check the official portal for details. — Student Affairs Office,1
WARNING: If you attend college tomorrow you might staff absence. Share to save people! Received from department WhatsApp group.,0
BREAKING: class postponed due to administrative decision. Share with everyone immediately! Received from department WhatsApp group.,0
"This is to inform all students that sports meet will take place on Tuesday 9AM as announced. Attendance is mandatory. — Dr. Mehta, Dean Academic Affairs",1
BREAKING: workshop postponed due to COVID protocol. Share with everyone immediately! Passed on from group admin.,0
"Official communication: seminar on cybersecurity result will be declared on 25th May 2026. Check the official website for updates. — Dr. Mehta, Dean Academic Affairs",1
Don't attend fest! It has been rescheduled due to COVID protocol. Spread the word! Passed on from group admin.,0
*Forwarded as received* result declaration will not happen tomorrow. Reliable source confirmed. Received from department WhatsApp group.,0
Confirmed by insiders: exam is suspended. The real reason will shock you! Do not ignore this message.,0
Principal's Office: The timetable for industrial visit is now available on the college website. Check before Wednesday 2PM.,1
"This is to inform all students that project viva will take place on 20th May 2026 as announced. Attendance is mandatory. — Prof. Sharma, HOD Computer Science",1
"IMPORTANT MESSAGE: Due to safety hazard, class is now called off. Share immediately! Do not ignore this message.",0
The Principal's Office hereby informs students that mid-semester examination is scheduled on Tuesday 9AM in Main Hall. Be present on time.,1
Students are informed that sports meet will commence from Tuesday 9AM as per the academic calendar. — The Registrar,1
"Last minute information: sports day tomorrow is suspended. Stay home, forward this message. Do not ignore this message.",0
Students are informed that end-semester examination will commence from 20th May 2026 as per the academic calendar. — Department of Information Technology,1
Official communication: workshop on machine learning result will be declared on Monday 10AM. Check the official website for updates. — The Registrar,1
Department of Information Technology announces the commencement of convocation ceremony from Tuesday 9AM. All students are requested to prepare accordingly.,1
Reminder: fee payment registration deadline is Tuesday 9AM. Visit the administrative office for further queries. — Student Affairs Office,1
"IMPORTANT MESSAGE: Due to safety hazard, viva examination is now banned. Share immediately! Do not ignore this message.",0
Notice from The Examination Controller: mid-semester examination registration is now open. Last date to apply is Wednesday 2PM.,1
The Registrar: The timetable for end-semester examination is now available on the college website. Check before 25th May 2026.,1
Circular No. 418: project viva will be held as per schedule on Tuesday 9AM. Carry your ID cards. — Academic Section,1
Notice from The Registrar: alumni meet registration is now open. Last date to apply is Friday 11AM.,1
WARNING: If you attend workshop tomorrow you might power failure. Share to save people! Passed on from group admin.,0
Urgent warning: fest is dangerous. Forward this to protect everyone you know. Passed on from group admin.,0
Breaking news: Secret information about viva examination - they don't want you to know this! Do not ignore this message.,0
"Dear Students, The industrial visit scheduled for Tuesday 9AM will be held as per the original timetable in Main Hall. — The Examination Controller",1
"100% confirmed: annual function cancelled. Don't ignore this, forward to everyone now! Do not ignore this message.",0
"Important: The venue for project viva has been changed to Room 204. All other details remain the same. — Prof. Sharma, HOD Computer Science",1
The Registrar announces the commencement of end-semester examination from Monday 10AM. All students are requested to prepare accordingly.,1
MUST SHARE!!! result declaration has been unexpectedly delayed indefinitely. All students must know NOW!!! Passed on from group admin.,0
Shocking revelation: exam is a complete fraud. Share this viral truth immediately! Please verify and share.,0
"Dr. Mehta, Dean Academic Affairs announces the commencement of fee payment from Friday 11AM. All students are requested to prepare accordingly.",1
"Reminder: fee payment registration deadline is Tuesday 9AM. Visit the administrative office for further queries. — Prof. Sharma, HOD Computer Science",1
"Dear Students, The industrial visit scheduled for Wednesday 2PM will be held as per the original timetable in Examination Hall. — Dr. Mehta, Dean Academic Affairs",1
Shocking revelation: university event is a complete fraud. Share this viral truth immediately! Received from department WhatsApp group.,0
Circular No. 101: annual cultural fest will be held as per schedule on Friday 11AM. Carry your ID cards. — Principal's Office,1
URGENT!!! workshop has been CANCELLED immediately. Forward this to all students NOW!!! Received from department WhatsApp group.,0
Alert from higher authorities: project submission called off with immediate effect. Share urgently! This is 100% real information.,0
WARNING: If you attend university event tomorrow you might government order. Share to save people! Do not ignore this message.,0
Update: library book submission originally scheduled for 1st June 2026 stands confirmed. No changes have been made. — Principal's Office,1
Don't attend annual function! It has been called off due to administrative decision. Spread the word! This is 100% real information.,0
"Important: The venue for project viva has been changed to Main Hall. All other details remain the same. — Dr. Mehta, Dean Academic Affairs",1
Circular No. 523: end-semester examination will be held as per schedule on 1st June 2026. Carry your ID cards. — Principal's Office,1
Breaking news: Secret information about viva examination - they don't want you to know this! Please verify and share.,0
Alert from higher authorities: college merged with another event with immediate effect. Share urgently! This is 100% real information.,0
Notice from Principal's Office: seminar on cybersecurity registration is now open. Last date to apply is Wednesday 2PM.,1
Don't attend sports day! It has been merged with another event due to technical issues. Spread the word! Passed on from group admin.,0
Notice from Principal's Office: convocation ceremony registration is now open. Last date to apply is 20th May 2026.,1
This is to inform all students that industrial visit will take place on Friday 11AM as announced. Attendance is mandatory. — Student Affairs Office,1
Message from reliable source: fest cancelled without prior notice. Tell everyone. Received from department WhatsApp group.,0
Hidden truth revealed: project submission is not what they tell you. Spread awareness now! Do not ignore this message.,0
EXCLUSIVE LEAKED INFO: project submission is completely rescheduled. Share before it gets deleted! Do not ignore this message.,0
Important: The venue for alumni meet has been changed to Seminar Hall. All other details remain the same. — Student Affairs Office,1
Hidden truth revealed: viva examination is not what they tell you. Spread awareness now! Please verify and share.,0
You won't believe this! annual function has been cancelled. The truth is shocking! This is 100% real information.,0
Students of final year are reminded that fee payment is compulsory. Contact the office for any clarifications. — The Registrar,1
Breaking news: Secret information about exam - they don't want you to know this! This is 100% real information.,0
"Dear Students, The library book submission scheduled for 1st June 2026 will be held as per the original timetable in Room 204. — Dr. Mehta, Dean Academic Affairs",1
This is to inform all students that alumni meet will take place on 25th May 2026 as announced. Attendance is mandatory. — Principal's Office,1
Shocking revelation: college is a complete fraud. Share this viral truth immediately! Passed on from group admin.,0
WARNING: If you attend workshop tomorrow you might government order. Share to save people! Passed on from group admin.,0
"The Dr. Mehta, Dean Academic Affairs hereby informs students that seminar on cybersecurity is scheduled on 15th May 2026 in Seminar Hall. Be present on time.",1
Students are informed that project viva will commence from 20th May 2026 as per the academic calendar. — Student Affairs Office,1
Reminder: sports meet registration deadline is 25th May 2026. Visit the administrative office for further queries. — Principal's Office,1
*Forwarded as received* seminar will not happen tomorrow. Reliable source confirmed. Please verify and share.,0
"IMPORTANT MESSAGE: Due to unexpected maintenance, convocation is now banned. Share immediately! Passed on from group admin.",0
"Students of final year are reminded that industrial visit is compulsory. Contact the office for any clarifications. — Dr. Mehta, Dean Academic Affairs",1
Students of first year are reminded that annual cultural fest is compulsory. Contact the office for any clarifications. — Student Affairs Office,1
Hidden truth revealed: workshop is not what they tell you. Spread awareness now! Do not ignore this message.,0
BREAKING: class postponed due to administrative decision. Share with everyone immediately! Do not ignore this message.,0
"IMPORTANT MESSAGE: Due to government order, fest is now merged with another event. Share immediately! Please verify and share.",0
EXCLUSIVE LEAKED INFO: result declaration is completely suspended. Share before it gets deleted! This is 100% real information.,0
Update: workshop on machine learning originally scheduled for 15th May 2026 stands confirmed. No changes have been made. — Student Affairs Office,1
URGENT!!! class has been CANCELLED immediately. Forward this to all students NOW!!! This is 100% real information.,0
BREAKING: sports day postponed due to staff absence. Share with everyone immediately! Received from department WhatsApp group.,0
WARNING: If you attend university event tomorrow you might administrative decision. Share to save people! Received from department WhatsApp group.,0
"Dear Students, The library book submission scheduled for 25th May 2026 will be held as per the original timetable in Main Hall. — Prof. Sharma, HOD Computer Science",1
WARNING: If you attend annual function tomorrow you might water shortage. Share to save people! Please verify and share.,0
"Last minute information: seminar tomorrow is suspended. Stay home, forward this message. Do not ignore this message.",0
Reminder: result declaration registration deadline is Tuesday 9AM. Visit the administrative office for further queries. — Academic Section,1
Notice: The project viva has been rescheduled to 25th May 2026 at 9:30 AM. Please check the official portal for details. — Department of Information Technology,1
This is to inform all students that end-semester examination will take place on Monday 10AM as announced. Attendance is mandatory. — Department of Information Technology,1
*Forwarded as received* workshop will not happen tomorrow. Reliable source confirmed. Passed on from group admin.,0
*Forwarded as received* workshop will not happen tomorrow. Reliable source confirmed. Received from department WhatsApp group.,0
"This is to inform all students that mid-semester examination will take place on 1st June 2026 as announced. Attendance is mandatory. — Prof. Sharma, HOD Computer Science",1
VIRAL: workshop delayed indefinitely - government trying to hide this. Share before its deleted! This is 100% real information.,0
This is to inform all students that library book submission will take place on 25th May 2026 as announced. Attendance is mandatory. — Academic Section,1
MUST SHARE!!! college has been unexpectedly rescheduled. All students must know NOW!!! Passed on from group admin.,0
🚨🚨 ALERT: fest is suspended until further notice. Tell everyone ASAP! 🚨🚨 Please verify and share.,0
Students are informed that workshop on machine learning will commence from 1st June 2026 as per the academic calendar. — The Examination Controller,1
Reminder: workshop on machine learning registration deadline is Friday 11AM. Visit the administrative office for further queries. — Principal's Office,1
Alert from higher authorities: viva examination cancelled with immediate effect. Share urgently! This is 100% real information.,0
WARNING: If you attend result declaration tomorrow you might unexpected maintenance. Share to save people! Please verify and share.,0
MUST SHARE!!! workshop has been unexpectedly cancelled. All students must know NOW!!! Passed on from group admin.,0
"The Dr. Mehta, Dean Academic Affairs hereby informs students that practical examination is scheduled on 20th May 2026 in Lab Block 3. Be present on time.",1
Principal's Office: The timetable for practical examination is now available on the college website. Check before 20th May 2026.,1
"Circular No. 101: practical examination will be held as per schedule on Monday 10AM. Carry your ID cards. — Dr. Mehta, Dean Academic Affairs",1
"Notice: The alumni meet has been rescheduled to 15th May 2026 at 10:00 AM. Please check the official portal for details. — Dr. Mehta, Dean Academic Affairs",1
The Student Affairs Office hereby informs students that library book submission is scheduled on Friday 11AM in Auditorium A. Be present on time.,1
EXCLUSIVE LEAKED INFO: workshop is completely called off. Share before it gets deleted! Passed on from group admin.,0
EXCLUSIVE LEAKED INFO: viva examination is completely rescheduled. Share before it gets deleted! Received from department WhatsApp group.,0
"IMPORTANT MESSAGE: Due to water shortage, project submission is now cancelled. Share immediately! Do not ignore this message.",0
Student Affairs Office: The timetable for library book submission is now available on the college website. Check before 25th May 2026.,1
Notice: The sports meet has been rescheduled to Friday 11AM at 9:30 AM. Please check the official portal for details. — Department of Information Technology,1
WARNING: If you attend seminar tomorrow you might power failure. Share to save people! This is 100% real information.,0
EXCLUSIVE LEAKED INFO: annual function is completely delayed indefinitely. Share before it gets deleted! Passed on from group admin.,0
Shocking revelation: workshop is a complete fraud. Share this viral truth immediately! Do not ignore this message.,0
Students of final year are reminded that seminar on cybersecurity is compulsory. Contact the office for any clarifications. — Principal's Office,1
Urgent warning: university event is dangerous. Forward this to protect everyone you know. Please verify and share.,0
WARNING: If you attend viva examination tomorrow you might unexpected maintenance. Share to save people! Passed on from group admin.,0
Urgent warning: workshop is dangerous. Forward this to protect everyone you know. Passed on from group admin.,0
"Academic Notice: workshop on machine learning will be conducted online via the college portal on 1st June 2026. — Dr. Mehta, Dean Academic Affairs",1
EXCLUSIVE LEAKED INFO: seminar is completely cancelled. Share before it gets deleted! Please verify and share.,0
You won't believe this! convocation has been rescheduled. The truth is shocking! Do not ignore this message.,0
The Examination Controller announces the commencement of result declaration from Wednesday 2PM. All students are requested to prepare accordingly.,1
"Dear Students, The project viva scheduled for Friday 11AM will be held as per the original timetable in Computer Centre. — Academic Section",1
Notice from Department of Information Technology: practical examination registration is now open. Last date to apply is 25th May 2026.,1
🚨🚨 ALERT: convocation is suspended until further notice. Tell everyone ASAP! 🚨🚨 Please verify and share.,0
🚨🚨 ALERT: fest is suspended until further notice. Tell everyone ASAP! 🚨🚨 This is 100% real information.,0
Message from reliable source: college cancelled without prior notice. Tell everyone. Passed on from group admin.,0
Alert from higher authorities: sports day delayed indefinitely with immediate effect. Share urgently! Please verify and share.,0
Shocking revelation: convocation is a complete fraud. Share this viral truth immediately! This is 100% real information.,0
*Forwarded as received* viva examination will not happen tomorrow. Reliable source confirmed. Passed on from group admin.,0
Academic Notice: result declaration will be conducted online via the college portal on Wednesday 2PM. — The Registrar,1
"100% confirmed: university event rescheduled. Don't ignore this, forward to everyone now! Do not ignore this message.",0
WARNING: If you attend result declaration tomorrow you might safety hazard. Share to save people! Do not ignore this message.,0
WARNING: If you attend viva examination tomorrow you might unexpected maintenance. Share to save people! Please verify and share.,0
Shocking revelation: lab practical is a complete fraud. Share this viral truth immediately! Received from department WhatsApp group.,0
Update: fee payment originally scheduled for 25th May 2026 stands confirmed. No changes have been made. — The Examination Controller,1
The Examination Controller announces the commencement of industrial visit from Friday 11AM. All students are requested to prepare accordingly.,1
Don't attend result declaration! It has been moved online due to security concerns. Spread the word! This is 100% real information.,0
*Forwarded as received* class will not happen tomorrow. Reliable source confirmed. Do not ignore this message.,0
"Important: The venue for sports meet has been changed to Auditorium A. All other details remain the same. — Prof. Sharma, HOD Computer Science",1
EXCLUSIVE LEAKED INFO: college is completely suspended. Share before it gets deleted! Please verify and share.,0
The Examination Controller announces the commencement of seminar on cybersecurity from 1st June 2026. All students are requested to prepare accordingly.,1
Academic Notice: annual cultural fest will be conducted online via the college portal on Wednesday 2PM. — Student Affairs Office,1
Confirmed by insiders: viva examination is moved online. The real reason will shock you! Passed on from group admin.,0
"Official communication: convocation ceremony result will be declared on Friday 11AM. Check the official website for updates. — Dr. Mehta, Dean Academic Affairs",1
🚨🚨 ALERT: project submission is suspended until further notice. Tell everyone ASAP! 🚨🚨 Received from department WhatsApp group.,0
Alert from higher authorities: project submission cancelled with immediate effect. Share urgently! Received from department WhatsApp group.,0
"100% confirmed: workshop delayed indefinitely. Don't ignore this, forward to everyone now! Passed on from group admin.",0
"Circular No. 202: library book submission will be held as per schedule on Tuesday 9AM. Carry your ID cards. — Dr. Mehta, Dean Academic Affairs",1
Update: alumni meet originally scheduled for 15th May 2026 stands confirmed. No changes have been made. — Principal's Office,1
*Forwarded as received* university event will not happen tomorrow. Reliable source confirmed. Please verify and share.,0
Circular No. 305: industrial visit will be held as per schedule on Friday 11AM. Carry your ID cards. — Student Affairs Office,1
BREAKING: annual function postponed due to technical issues. Share with everyone immediately! This is 100% real information.,0
Confirmed by insiders: workshop is rescheduled. The real reason will shock you! Do not ignore this message.,0
Academic Notice: alumni meet will be conducted online via the college portal on 25th May 2026. — The Registrar,1
Message from reliable source: annual function cancelled without prior notice. Tell everyone. Received from department WhatsApp group.,0
Hidden truth revealed: lab practical is not what they tell you. Spread awareness now! Please verify and share.,0
The The Registrar hereby informs students that workshop on machine learning is scheduled on Monday 10AM in Lab Block 3. Be present on time.,1
Update: scholarship application originally scheduled for 20th May 2026 stands confirmed. No changes have been made. — Principal's Office,1
Students of first year are reminded that library book submission is compulsory. Contact the office for any clarifications. — The Registrar,1
Circular No. 305: alumni meet will be held as per schedule on Wednesday 2PM. Carry your ID cards. — Student Affairs Office,1
"Update: annual cultural fest originally scheduled for 1st June 2026 stands confirmed. No changes have been made. — Prof. Sharma, HOD Computer Science",1
"Academic Notice: seminar on cybersecurity will be conducted online via the college portal on 25th May 2026. — Dr. Mehta, Dean Academic Affairs",1
"The Dr. Mehta, Dean Academic Affairs hereby informs students that seminar on cybersecurity is scheduled on Tuesday 9AM in Computer Centre. Be present on time.",1
Department of Information Technology announces the commencement of annual cultural fest from Friday 11AM. All students are requested to prepare accordingly.,1
The The Examination Controller hereby informs students that end-semester examination is scheduled on 1st June 2026 in Auditorium A. Be present on time.,1
Official communication: practical examination result will be declared on 25th May 2026. Check the official website for updates. — Department of Information Technology,1
Hidden truth revealed: fest is not what they tell you. Spread awareness now! Please verify and share.,0
You won't believe this! project submission has been cancelled. The truth is shocking! Please verify and share.,0
VIRAL: result declaration rescheduled - government trying to hide this. Share before its deleted! Passed on from group admin.,0
Student Affairs Office: The timetable for result declaration is now available on the college website. Check before Wednesday 2PM.,1
Students are informed that alumni meet will commence from Friday 11AM as per the academic calendar. — The Examination Controller,1
"Notice: The library book submission has been rescheduled to Monday 10AM at 10:00 AM. Please check the official portal for details. — Dr. Mehta, Dean Academic Affairs",1
EXCLUSIVE LEAKED INFO: class is completely banned. Share before it gets deleted! Please verify and share.,0
Hidden truth revealed: fest is not what they tell you. Spread awareness now! Do not ignore this message.,0
Alert from higher authorities: viva examination merged with another event with immediate effect. Share urgently! Please verify and share.,0
"100% confirmed: exam rescheduled. Don't ignore this, forward to everyone now! Please verify and share.",0
Important: The venue for result declaration has been changed to Examination Hall. All other details remain the same. — Academic Section,1
Academic Notice: scholarship application will be conducted online via the college portal on Monday 10AM. — Principal's Office,1
Don't attend lab practical! It has been suspended due to water shortage. Spread the word! Do not ignore this message.,0
You won't believe this! lab practical has been rescheduled. The truth is shocking! Do not ignore this message.,0
"IMPORTANT MESSAGE: Due to technical issues, result declaration is now postponed. Share immediately! Please verify and share.",0
"Notice from Prof. Sharma, HOD Computer Science: workshop on machine learning registration is now open. Last date to apply is Monday 10AM.",1
Message from reliable source: result declaration cancelled without prior notice. Tell everyone. Received from department WhatsApp group.,0
"Academic Notice: result declaration will be conducted online via the college portal on 1st June 2026. — Dr. Mehta, Dean Academic Affairs",1
Confirmed by insiders: lab practical is rescheduled. The real reason will shock you! Passed on from group admin.,0
Confirmed by insiders: fest is suspended. The real reason will shock you! Do not ignore this message.,0
Notice: The fee payment has been rescheduled to Tuesday 9AM at 11:00 AM. Please check the official portal for details. — Department of Information Technology,1
Academic Notice: library book submission will be conducted online via the college portal on 20th May 2026. — The Registrar,1
Student Affairs Office announces the commencement of alumni meet from Tuesday 9AM. All students are requested to prepare accordingly.,1
"Update: convocation ceremony originally scheduled for Friday 11AM stands confirmed. No changes have been made. — Dr. Mehta, Dean Academic Affairs",1
Notice from Department of Information Technology: mid-semester examination registration is now open. Last date to apply is 15th May 2026.,1
You won't believe this! exam has been rescheduled. The truth is shocking! Passed on from group admin.,0
WARNING: If you attend lab practical tomorrow you might administrative decision. Share to save people! Please verify and share.,0
"100% confirmed: annual function postponed. Don't ignore this, forward to everyone now! Please verify and share.",0
Don't attend annual function! It has been called off due to technical issues. Spread the word! Please verify and share.,0
"IMPORTANT MESSAGE: Due to COVID protocol, fest is now postponed. Share immediately! Please verify and share.",0
Students are informed that library book submission will commence from 15th May 2026 as per the academic calendar. — The Examination Controller,1
Urgent warning: annual function is dangerous. Forward this to protect everyone you know. Please verify and share.,0
WARNING: If you attend workshop tomorrow you might water shortage. Share to save people! Do not ignore this message.,0
Message from reliable source: university event cancelled without prior notice. Tell everyone. Passed on from group admin.,0
"IMPORTANT MESSAGE: Due to power failure, university event is now rescheduled. Share immediately! This is 100% real information.",0
URGENT!!! convocation has been CANCELLED immediately. Forward this to all students NOW!!! Please verify and share.,0
MUST SHARE!!! university event has been unexpectedly cancelled. All students must know NOW!!! Received from department WhatsApp group.,0
Urgent warning: lab practical is dangerous. Forward this to protect everyone you know. Please verify and share.,0
"Students are informed that seminar on cybersecurity will commence from 15th May 2026 as per the academic calendar. — Dr. Mehta, Dean Academic Affairs",1
Students of final year are reminded that project viva is compulsory. Contact the office for any clarifications. — The Examination Controller,1
Shocking revelation: workshop is a complete fraud. Share this viral truth immediately! Passed on from group admin.,0
🚨🚨 ALERT: lab practical is suspended until further notice. Tell everyone ASAP! 🚨🚨 Passed on from group admin.,0
"Last minute information: college tomorrow is cancelled. Stay home, forward this message. Received from department WhatsApp group.",0
Urgent warning: convocation is dangerous. Forward this to protect everyone you know. Please verify and share.,0
Academic Notice: alumni meet will be conducted online via the college portal on Tuesday 9AM. — Academic Section,1
"Prof. Sharma, HOD Computer Science: The timetable for end-semester examination is now available on the college website. Check before Monday 10AM.",1
"Dear Students, The library book submission scheduled for 25th May 2026 will be held as per the original timetable in Examination Hall. — Dr. Mehta, Dean Academic Affairs",1
Students are informed that scholarship application will commence from 25th May 2026 as per the academic calendar. — Principal's Office,1
Students are informed that industrial visit will commence from 15th May 2026 as per the academic calendar. — Department of Information Technology,1
"Academic Notice: end-semester examination will be conducted online via the college portal on Monday 10AM. — Dr. Mehta, Dean Academic Affairs",1
Confirmed by insiders: university event is banned. The real reason will shock you! Received from department WhatsApp group.,0
Breaking news: Secret information about lab practical - they don't want you to know this! Passed on from group admin.,0
EXCLUSIVE LEAKED INFO: college is completely cancelled. Share before it gets deleted! Passed on from group admin.,0
MUST SHARE!!! fest has been unexpectedly delayed indefinitely. All students must know NOW!!! This is 100% real information.,0
Notice: The workshop on machine learning has been rescheduled to Friday 11AM at 2:00 PM. Please check the official portal for details. — The Registrar,1
*Forwarded as received* project submission will not happen tomorrow. Reliable source confirmed. This is 100% real information.,0
MUST SHARE!!! workshop has been unexpectedly rescheduled. All students must know NOW!!! This is 100% real information.,0
"Notice: The mid-semester examination has been rescheduled to 1st June 2026 at 2:00 PM. Please check the official portal for details. — Dr. Mehta, Dean Academic Affairs",1
URGENT!!! project submission has been CANCELLED immediately. Forward this to all students NOW!!! Received from department WhatsApp group.,0
Academic Notice: seminar on cybersecurity will be conducted online via the college portal on Tuesday 9AM. — Student Affairs Office,1
The Examination Controller: The timetable for result declaration is now available on the college website. Check before Tuesday 9AM.,1
Academic Section: The timetable for mid-semester examination is now available on the college website. Check before Friday 11AM.,1
"Reminder: convocation ceremony registration deadline is Wednesday 2PM. Visit the administrative office for further queries. — Prof. Sharma, HOD Computer Science",1
Reminder: workshop on machine learning registration deadline is 1st June 2026. Visit the administrative office for further queries. — Department of Information Technology,1
Urgent warning: project submission is dangerous. Forward this to protect everyone you know. Do not ignore this message.,0
"Last minute information: exam tomorrow is rescheduled. Stay home, forward this message. This is 100% real information.",0
"Students of third year are reminded that workshop on machine learning is compulsory. Contact the office for any clarifications. — Dr. Mehta, Dean Academic Affairs",1
Students are informed that sports meet will commence from 1st June 2026 as per the academic calendar. — The Registrar,1
EXCLUSIVE LEAKED INFO: class is completely postponed. Share before it gets deleted! Please verify and share.,0
The The Registrar hereby informs students that project viva is scheduled on 25th May 2026 in Seminar Hall. Be present on time.,1
Students of third year are reminded that mid-semester examination is compulsory. Contact the office for any clarifications. — The Examination Controller,1
Hidden truth revealed: convocation is not what they tell you. Spread awareness now! This is 100% real information.,0
Notice: The end-semester examination has been rescheduled to 15th May 2026 at 10:00 AM. Please check the official portal for details. — Academic Section,1
"Reminder: workshop on machine learning registration deadline is Monday 10AM. Visit the administrative office for further queries. — Prof. Sharma, HOD Computer Science",1
"Dear Students, The convocation ceremony scheduled for Monday 10AM will be held as per the original timetable in Examination Hall. — Principal's Office",1
"100% confirmed: annual function cancelled. Don't ignore this, forward to everyone now! Do not ignore this message.",0
This is to inform all students that scholarship application will take place on 20th May 2026 as announced. Attendance is mandatory. — Student Affairs Office,1
Don't attend workshop! It has been cancelled due to safety hazard. Spread the word! This is 100% real information.,0
Breaking news: Secret information about convocation - they don't want you to know this! Received from department WhatsApp group.,0
"Update: scholarship application originally scheduled for 25th May 2026 stands confirmed. No changes have been made. — Prof. Sharma, HOD Computer Science",1
"Last minute information: college tomorrow is cancelled. Stay home, forward this message. Passed on from group admin.",0
Reminder: practical examination registration deadline is Friday 11AM. Visit the administrative office for further queries. — Academic Section,1
Important: The venue for fee payment has been changed to Seminar Hall. All other details remain the same. — Department of Information Technology,1
Don't attend university event! It has been delayed indefinitely due to security concerns. Spread the word! Passed on from group admin.,0
Students of first year are reminded that result declaration is compulsory. Contact the office for any clarifications. — Principal's Office,1
Don't attend seminar! It has been merged with another event due to government order. Spread the word! Please verify and share.,0
This is to inform all students that scholarship application will take place on Wednesday 2PM as announced. Attendance is mandatory. — The Registrar,1
This is to inform all students that fee payment will take place on 20th May 2026 as announced. Attendance is mandatory. — The Examination Controller,1
You won't believe this! college has been merged with another event. The truth is shocking! Received from department WhatsApp group.,0
EXCLUSIVE LEAKED INFO: exam is completely merged with another event. Share before it gets deleted! Passed on from group admin.,0
MUST SHARE!!! seminar has been unexpectedly merged with another event. All students must know NOW!!! Received from department WhatsApp group.,0
EXCLUSIVE LEAKED INFO: university event is completely rescheduled. Share before it gets deleted! Passed on from group admin.,0
URGENT!!! viva examination has been CANCELLED immediately. Forward this to all students NOW!!! Received from department WhatsApp group.,0
Academic Section announces the commencement of result declaration from 20th May 2026. All students are requested to prepare accordingly.,1
Shocking revelation: sports day is a complete fraud. Share this viral truth immediately! Please verify and share.,0
Notice from Academic Section: workshop on machine learning registration is now open. Last date to apply is Tuesday 9AM.,1
"Notice: The scholarship application has been rescheduled to 20th May 2026 at 11:00 AM. Please check the official portal for details. — Prof. Sharma, HOD Computer Science",1
Alert from higher authorities: university event postponed with immediate effect. Share urgently! Please verify and share.,0
Students are informed that convocation ceremony will commence from 25th May 2026 as per the academic calendar. — Department of Information Technology,1
Students of all are reminded that result declaration is compulsory. Contact the office for any clarifications. — Student Affairs Office,1
WARNING: If you attend seminar tomorrow you might technical issues. Share to save people! Passed on from group admin.,0
Confirmed by insiders: lab practical is called off. The real reason will shock you! Passed on from group admin.,0
Alert from higher authorities: workshop rescheduled with immediate effect. Share urgently! Please verify and share.,0
Students of all are reminded that annual cultural fest is compulsory. Contact the office for any clarifications. — The Registrar,1
Shocking revelation: convocation is a complete fraud. Share this viral truth immediately! Passed on from group admin.,0
Academic Notice: result declaration will be conducted online via the college portal on Monday 10AM. — The Registrar,1
🚨🚨 ALERT: class is suspended until further notice. Tell everyone ASAP! 🚨🚨 This is 100% real information.,0
URGENT!!! class has been CANCELLED immediately. Forward this to all students NOW!!! Please verify and share.,0
URGENT!!! workshop has been CANCELLED immediately. Forward this to all students NOW!!! Received from department WhatsApp group.,0
The Department of Information Technology hereby informs students that practical examination is scheduled on Friday 11AM in Room 204. Be present on time.,1
BREAKING: seminar postponed due to staff absence. Share with everyone immediately! Please verify and share.,0
WARNING: If you attend seminar tomorrow you might power failure. Share to save people! Received from department WhatsApp group.,0
Hidden truth revealed: fest is not what they tell you. Spread awareness now! Received from department WhatsApp group.,0
"Students of first year are reminded that result declaration is compulsory. Contact the office for any clarifications. — Dr. Mehta, Dean Academic Affairs",1
"100% confirmed: lab practical cancelled. Don't ignore this, forward to everyone now! This is 100% real information.",0
WARNING: If you attend college tomorrow you might technical issues. Share to save people! Passed on from group admin.,0
Urgent warning: seminar is dangerous. Forward this to protect everyone you know. Do not ignore this message.,0
You won't believe this! seminar has been moved online. The truth is shocking! Please verify and share.,0
Academic Notice: practical examination will be conducted online via the college portal on 20th May 2026. — Student Affairs Office,1
EXCLUSIVE LEAKED INFO: university event is completely banned. Share before it gets deleted! Do not ignore this message.,0
Shocking revelation: annual function is a complete fraud. Share this viral truth immediately! Received from department WhatsApp group.,0
"Prof. Sharma, HOD Computer Science announces the commencement of convocation ceremony from Tuesday 9AM. All students are requested to prepare accordingly.",1
Official communication: sports meet result will be declared on 25th May 2026. Check the official website for updates. — Department of Information Technology,1
EXCLUSIVE LEAKED INFO: convocation is completely called off. Share before it gets deleted! Please verify and share.,0
URGENT!!! project submission has been CANCELLED immediately. Forward this to all students NOW!!! Received from department WhatsApp group.,0
"Update: mid-semester examination originally scheduled for Monday 10AM stands confirmed. No changes have been made. — Prof. Sharma, HOD Computer Science",1
Academic Notice: end-semester examination will be conducted online via the college portal on Tuesday 9AM. — Department of Information Technology,1
🚨🚨 ALERT: project submission is suspended until further notice. Tell everyone ASAP! 🚨🚨 This is 100% real information.,0
Don't attend project submission! It has been banned due to government order. Spread the word! Please verify and share.,0
"The Dr. Mehta, Dean Academic Affairs hereby informs students that scholarship application is scheduled on 1st June 2026 in Lab Block 3. Be present on time.",1
Hidden truth revealed: lab practical is not what they tell you. Spread awareness now! Do not ignore this message.,0
Circular No. 523: seminar on cybersecurity will be held as per schedule on Tuesday 9AM. Carry your ID cards. — Student Affairs Office,1
Circular No. 418: end-semester examination will be held as per schedule on 1st June 2026. Carry your ID cards. — Department of Information Technology,1
"100% confirmed: result declaration suspended. Don't ignore this, forward to everyone now! Do not ignore this message.",0
*Forwarded as received* annual function will not happen tomorrow. Reliable source confirmed. Please verify and share.,0
Circular No. 101: result declaration will be held as per schedule on Friday 11AM. Carry your ID cards. — The Registrar,1
"Dear Students, The industrial visit scheduled for 25th May 2026 will be held as per the original timetable in Main Hall. — Dr. Mehta, Dean Academic Affairs",1
Notice: The workshop on machine learning has been rescheduled to Tuesday 9AM at 11:00 AM. Please check the official portal for details. — The Registrar,1
"IMPORTANT MESSAGE: Due to COVID protocol, project submission is now banned. Share immediately! This is 100% real information.",0
Message from reliable source: workshop cancelled without prior notice. Tell everyone. This is 100% real information.,0
Alert from higher authorities: university event merged with another event with immediate effect. Share urgently! Please verify and share.,0
"IMPORTANT MESSAGE: Due to technical issues, result declaration is now postponed. Share immediately! Received from department WhatsApp group.",0
Circular No. 101: result declaration will be held as per schedule on 1st June 2026. Carry your ID cards. — Department of Information Technology,1
Breaking news: Secret information about class - they don't want you to know this! Do not ignore this message.,0
Students are informed that annual cultural fest will commence from 15th May 2026 as per the academic calendar. — The Examination Controller,1
Confirmed by insiders: class is banned. The real reason will shock you! Received from department WhatsApp group.,0
"Circular No. 202: library book submission will be held as per schedule on Monday 10AM. Carry your ID cards. — Dr. Mehta, Dean Academic Affairs",1
This is to inform all students that fee payment will take place on 15th May 2026 as announced. Attendance is mandatory. — Student Affairs Office,1
VIRAL: fest postponed - government trying to hide this. Share before its deleted! Please verify and share.,0
The The Examination Controller hereby informs students that result declaration is scheduled on 15th May 2026 in Examination Hall. Be present on time.,1
Reminder: seminar on cybersecurity registration deadline is Wednesday 2PM. Visit the administrative office for further queries. — The Registrar,1
Update: practical examination originally scheduled for 15th May 2026 stands confirmed. No changes have been made. — Academic Section,1
The Registrar: The timetable for project viva is now available on the college website. Check before 1st June 2026.,1
The Examination Controller announces the commencement of industrial visit from Tuesday 9AM. All students are requested to prepare accordingly.,1
Circular No. 202: industrial visit will be held as per schedule on Tuesday 9AM. Carry your ID cards. — Principal's Office,1
The Academic Section hereby informs students that result declaration is scheduled on 25th May 2026 in Room 204. Be present on time.,1
BREAKING: convocation postponed due to COVID protocol. Share with everyone immediately! Received from department WhatsApp group.,0
"Last minute information: sports day tomorrow is cancelled. Stay home, forward this message. Please verify and share.",0
VIRAL: seminar rescheduled - government trying to hide this. Share before its deleted! Do not ignore this message.,0
Alert from higher authorities: college moved online with immediate effect. Share urgently! Passed on from group admin.,0
Alert from higher authorities: project submission called off with immediate effect. Share urgently! Passed on from group admin.,0
"IMPORTANT MESSAGE: Due to safety hazard, class is now cancelled. Share immediately! Received from department WhatsApp group.",0
The Academic Section hereby informs students that industrial visit is scheduled on Wednesday 2PM in Computer Centre. Be present on time.,1
*Forwarded as received* seminar will not happen tomorrow. Reliable source confirmed. This is 100% real information.,0
*Forwarded as received* fest will not happen tomorrow. Reliable source confirmed. This is 100% real information.,0
Confirmed by insiders: fest is cancelled. The real reason will shock you! Do not ignore this message.,0
Don't attend sports day! It has been merged with another event due to COVID protocol. Spread the word! Do not ignore this message.,0
"Circular No. 305: workshop on machine learning will be held as per schedule on Friday 11AM. Carry your ID cards. — Dr. Mehta, Dean Academic Affairs",1
Notice from The Registrar: end-semester examination registration is now open. Last date to apply is Tuesday 9AM.,1
Circular No. 101: scholarship application will be held as per schedule on Tuesday 9AM. Carry your ID cards. — Department of Information Technology,1
Students of final year are reminded that annual cultural fest is compulsory. Contact the office for any clarifications. — The Examination Controller,1
Students of first year are reminded that alumni meet is compulsory. Contact the office for any clarifications. — The Examination Controller,1
Notice from Principal's Office: industrial visit registration is now open. Last date to apply is Tuesday 9AM.,1
WARNING: If you attend university event tomorrow you might staff absence. Share to save people! Please verify and share.,0
Message from reliable source: fest cancelled without prior notice. Tell everyone. Do not ignore this message.,0
VIRAL: project submission banned - government trying to hide this. Share before its deleted! Passed on from group admin.,0
"Last minute information: university event tomorrow is cancelled. Stay home, forward this message. Received from department WhatsApp group.",0
Shocking revelation: sports day is a complete fraud. Share this viral truth immediately! Please verify and share.,0
"Notice: The project viva has been rescheduled to 1st June 2026 at 9:30 AM. Please check the official portal for details. — Dr. Mehta, Dean Academic Affairs",1
Official communication: mid-semester examination result will be declared on Tuesday 9AM. Check the official website for updates. — Department of Information Technology,1
Urgent warning: lab practical is dangerous. Forward this to protect everyone you know. Please verify and share.,0
Department of Information Technology: The timetable for seminar on cybersecurity is now available on the college website. Check before 25th May 2026.,1
Official communication: sports meet result will be declared on Friday 11AM. Check the official website for updates. — Department of Information Technology,1
"IMPORTANT MESSAGE: Due to power failure, university event is now suspended. Share immediately! This is 100% real information.",0
"Reminder: industrial visit registration deadline is Friday 11AM. Visit the administrative office for further queries. — Dr. Mehta, Dean Academic Affairs",1
Academic Notice: sports meet will be conducted online via the college portal on Monday 10AM. — The Examination Controller,1
This is to inform all students that sports meet will take place on 25th May 2026 as announced. Attendance is mandatory. — The Examination Controller,1
Message from reliable source: convocation cancelled without prior notice. Tell everyone. Received from department WhatsApp group.,0
Hidden truth revealed: workshop is not what they tell you. Spread awareness now! This is 100% real information.,0
🚨🚨 ALERT: sports day is suspended until further notice. Tell everyone ASAP! 🚨🚨 Please verify and share.,0
MUST SHARE!!! workshop has been unexpectedly moved online. All students must know NOW!!! Please verify and share.,0
"100% confirmed: fest merged with another event. Don't ignore this, forward to everyone now! This is 100% real information.",0
BREAKING: seminar postponed due to security concerns. Share with everyone immediately! This is 100% real information.,0
WARNING: If you attend project submission tomorrow you might power failure. Share to save people! Do not ignore this message.,0
Students are informed that convocation ceremony will commence from 15th May 2026 as per the academic calendar. — Department of Information Technology,1
Urgent warning: workshop is dangerous. Forward this to protect everyone you know. Do not ignore this message.,0
Urgent warning: viva examination is dangerous. Forward this to protect everyone you know. This is 100% real information.,0
"Dear Students, The mid-semester examination scheduled for 15th May 2026 will be held as per the original timetable in Examination Hall. — Academic Section",1
"The Prof. Sharma, HOD Computer Science hereby informs students that library book submission is scheduled on Monday 10AM in Lab Block 3. Be present on time.",1
*Forwarded as received* lab practical will not happen tomorrow. Reliable source confirmed. Please verify and share.,0
Confirmed by insiders: project submission is cancelled. The real reason will shock you! Do not ignore this message.,0
"Reminder: annual cultural fest registration deadline is 20th May 2026. Visit the administrative office for further queries. — Dr. Mehta, Dean Academic Affairs",1
"IMPORTANT MESSAGE: Due to power failure, college is now banned. Share immediately! Received from department WhatsApp group.",0
Urgent warning: lab practical is dangerous. Forward this to protect everyone you know. Please verify and share.,0
Reminder: seminar on cybersecurity registration deadline is Tuesday 9AM. Visit the administrative office for further queries. — The Examination Controller,1
VIRAL: college merged with another event - government trying to hide this. Share before its deleted! Please verify and share.,0
Official communication: sports meet result will be declared on 25th May 2026. Check the official website for updates. — Department of Information Technology,1
"Last minute information: viva examination tomorrow is cancelled. Stay home, forward this message. Please verify and share.",0
Circular No. 305: library book submission will be held as per schedule on 25th May 2026. Carry your ID cards. — Principal's Office,1
You won't believe this! project submission has been delayed indefinitely. The truth is shocking! Received from department WhatsApp group.,0
Students of all are reminded that seminar on cybersecurity is compulsory. Contact the office for any clarifications. — Principal's Office,1
Alert from higher authorities: annual function called off with immediate effect. Share urgently! Please verify and share.,0
The Examination Controller: The timetable for end-semester examination is now available on the college website. Check before Wednesday 2PM.,1
Urgent warning: seminar is dangerous. Forward this to protect everyone you know. Please verify and share.,0
Don't attend seminar! It has been suspended due to staff absence. Spread the word! Do not ignore this message.,0
You won't believe this! lab practical has been delayed indefinitely. The truth is shocking! This is 100% real information.,0
You won't believe this! workshop has been rescheduled. The truth is shocking! Do not ignore this message.,0
Academic Notice: industrial visit will be conducted online via the college portal on Tuesday 9AM. — Principal's Office,1
URGENT!!! convocation has been CANCELLED immediately. Forward this to all students NOW!!! This is 100% real information.,0
Update: end-semester examination originally scheduled for 1st June 2026 stands confirmed. No changes have been made. — The Examination Controller,1
Important: The venue for workshop on machine learning has been changed to Auditorium A. All other details remain the same. — The Examination Controller,1
Shocking revelation: lab practical is a complete fraud. Share this viral truth immediately! Please verify and share.,0
"Last minute information: exam tomorrow is called off. Stay home, forward this message. Received from department WhatsApp group.",0
Update: scholarship application originally scheduled for Wednesday 2PM stands confirmed. No changes have been made. — The Examination Controller,1
"Last minute information: annual function tomorrow is postponed. Stay home, forward this message. Passed on from group admin.",0
"Students of first year are reminded that industrial visit is compulsory. Contact the office for any clarifications. — Dr. Mehta, Dean Academic Affairs",1
"100% confirmed: result declaration delayed indefinitely. Don't ignore this, forward to everyone now! Received from department WhatsApp group.",0
URGENT!!! sports day has been CANCELLED immediately. Forward this to all students NOW!!! Passed on from group admin.,0
Urgent warning: project submission is dangerous. Forward this to protect everyone you know. Please verify and share.,0
Students are informed that scholarship application will commence from Tuesday 9AM as per the academic calendar. — Department of Information Technology,1
Message from reliable source: university event cancelled without prior notice. Tell everyone. Received from department WhatsApp group.,0
VIRAL: fest merged with another event - government trying to hide this. Share before its deleted! Do not ignore this message.,0
Important: The venue for alumni meet has been changed to Auditorium A. All other details remain the same. — Student Affairs Office,1
*Forwarded as received* workshop will not happen tomorrow. Reliable source confirmed. Received from department WhatsApp group.,0
Shocking revelation: class is a complete fraud. Share this viral truth immediately! Received from department WhatsApp group.,0
WARNING: If you attend workshop tomorrow you might COVID protocol. Share to save people! Please verify and share.,0
Academic Notice: result declaration will be conducted online via the college portal on 20th May 2026. — Principal's Office,1
MUST SHARE!!! viva examination has been unexpectedly postponed. All students must know NOW!!! Please verify and share.,0
Message from reliable source: annual function cancelled without prior notice. Tell everyone. Passed on from group admin.,0
EXCLUSIVE LEAKED INFO: workshop is completely cancelled. Share before it gets deleted! Do not ignore this message.,0
EXCLUSIVE LEAKED INFO: workshop is completely banned. Share before it gets deleted! Do not ignore this message.,0
Students of third year are reminded that end-semester examination is compulsory. Contact the office for any clarifications. — Principal's Office,1
Academic Notice: fee payment will be conducted online via the college portal on Friday 11AM. — Academic Section,1
This is to inform all students that sports meet will take place on 15th May 2026 as announced. Attendance is mandatory. — The Examination Controller,1
*Forwarded as received* annual function will not happen tomorrow. Reliable source confirmed. Please verify and share.,0
"Students are informed that sports meet will commence from 25th May 2026 as per the academic calendar. — Dr. Mehta, Dean Academic Affairs",1
"Prof. Sharma, HOD Computer Science: The timetable for mid-semester examination is now available on the college website. Check before 25th May 2026.",1
Update: convocation ceremony originally scheduled for 15th May 2026 stands confirmed. No changes have been made. — Academic Section,1
Update: end-semester examination originally scheduled for Monday 10AM stands confirmed. No changes have been made. — The Examination Controller,1
Student Affairs Office: The timetable for seminar on cybersecurity is now available on the college website. Check before 15th May 2026.,1
Important: The venue for seminar on cybersecurity has been changed to Computer Centre. All other details remain the same. — The Examination Controller,1
The Principal's Office hereby informs students that practical examination is scheduled on 20th May 2026 in Lab Block 3. Be present on time.,1
MUST SHARE!!! lab practical has been unexpectedly rescheduled. All students must know NOW!!! This is 100% real information.,0
Reminder: industrial visit registration deadline is 25th May 2026. Visit the administrative office for further queries. — Academic Section,1
Don't attend fest! It has been merged with another event due to power failure. Spread the word! Do not ignore this message.,0
"Notice: The practical examination has been rescheduled to Monday 10AM at 9:30 AM. Please check the official portal for details. — Prof. Sharma, HOD Computer Science",1
*Forwarded as received* result declaration will not happen tomorrow. Reliable source confirmed. Please verify and share.,0
VIRAL: college cancelled - government trying to hide this. Share before its deleted! This is 100% real information.,0
"IMPORTANT MESSAGE: Due to water shortage, workshop is now rescheduled. Share immediately! Please verify and share.",0
Don't attend project submission! It has been banned due to COVID protocol. Spread the word! Please verify and share.,0
Don't attend project submission! It has been postponed due to water shortage. Spread the word! Received from department WhatsApp group.,0
Alert from higher authorities: workshop suspended with immediate effect. Share urgently! This is 100% real information.,0
"Dear Students, The alumni meet scheduled for Tuesday 9AM will be held as per the original timetable in Auditorium A. — Academic Section",1
The Registrar: The timetable for workshop on machine learning is now available on the college website. Check before 20th May 2026.,1
URGENT!!! convocation has been CANCELLED immediately. Forward this to all students NOW!!! Received from department WhatsApp group.,0
EXCLUSIVE LEAKED INFO: sports day is completely merged with another event. Share before it gets deleted! Passed on from group admin.,0
Don't attend university event! It has been merged with another event due to administrative decision. Spread the word! Do not ignore this message.,0
Update: scholarship application originally scheduled for 20th May 2026 stands confirmed. No changes have been made. — The Registrar,1
Message from reliable source: result declaration cancelled without prior notice. Tell everyone. Received from department WhatsApp group.,0
"Students are informed that project viva will commence from Tuesday 9AM as per the academic calendar. — Dr. Mehta, Dean Academic Affairs",1
Don't attend annual function! It has been cancelled due to safety hazard. Spread the word! Please verify and share.,0
Academic Notice: library book submission will be conducted online via the college portal on 25th May 2026. — Principal's Office,1
Notice: The end-semester examination has been rescheduled to Monday 10AM at 9:30 AM. Please check the official portal for details. — The Examination Controller,1
The Department of Information Technology hereby informs students that industrial visit is scheduled on 1st June 2026 in Main Hall. Be present on time.,1
*Forwarded as received* university event will not happen tomorrow. Reliable source confirmed. Received from department WhatsApp group.,0
Notice from Academic Section: annual cultural fest registration is now open. Last date to apply is Monday 10AM.,1
Breaking news: Secret information about result declaration - they don't want you to know this! Do not ignore this message.,0
Principal's Office: The timetable for project viva is now available on the college website. Check before 25th May 2026.,1
Urgent warning: college is dangerous. Forward this to protect everyone you know. This is 100% real information.,0
Academic Notice: annual cultural fest will be conducted online via the college portal on Monday 10AM. — Principal's Office,1
The Student Affairs Office hereby informs students that end-semester examination is scheduled on 15th May 2026 in Main Hall. Be present on time.,1
"This is to inform all students that practical examination will take place on Tuesday 9AM as announced. Attendance is mandatory. — Prof. Sharma, HOD Computer Science",1
Message from reliable source: seminar cancelled without prior notice. Tell everyone. Passed on from group admin.,0
"Important: The venue for seminar on cybersecurity has been changed to Computer Centre. All other details remain the same. — Prof. Sharma, HOD Computer Science",1
Circular No. 305: project viva will be held as per schedule on Tuesday 9AM. Carry your ID cards. — The Examination Controller,1
The Registrar: The timetable for alumni meet is now available on the college website. Check before Tuesday 9AM.,1
Confirmed by insiders: college is cancelled. The real reason will shock you! Please verify and share.,0
Important: The venue for industrial visit has been changed to Main Hall. All other details remain the same. — The Examination Controller,1
Students of third year are reminded that library book submission is compulsory. Contact the office for any clarifications. — The Examination Controller,1
Important: The venue for sports meet has been changed to Lab Block 3. All other details remain the same. — Principal's Office,1
VIRAL: viva examination delayed indefinitely - government trying to hide this. Share before its deleted! Received from department WhatsApp group.,0
VIRAL: class moved online - government trying to hide this. Share before its deleted! Please verify and share.,0
Update: convocation ceremony originally scheduled for Monday 10AM stands confirmed. No changes have been made. — Principal's Office,1
"The Dr. Mehta, Dean Academic Affairs hereby informs students that fee payment is scheduled on Friday 11AM in Examination Hall. Be present on time.",1
Update: scholarship application originally scheduled for Monday 10AM stands confirmed. No changes have been made. — Department of Information Technology,1
"Dear Students, The library book submission scheduled for Friday 11AM will be held as per the original timetable in Main Hall. — Prof. Sharma, HOD Computer Science",1
Official communication: annual cultural fest result will be declared on Friday 11AM. Check the official website for updates. — Principal's Office,1
Official communication: library book submission result will be declared on 1st June 2026. Check the official website for updates. — Student Affairs Office,1
Shocking revelation: project submission is a complete fraud. Share this viral truth immediately! Received from department WhatsApp group.,0
Academic Notice: result declaration will be conducted online via the college portal on Monday 10AM. — The Registrar,1
Reminder: scholarship application registration deadline is Tuesday 9AM. Visit the administrative office for further queries. — Student Affairs Office,1
This is to inform all students that seminar on cybersecurity will take place on Friday 11AM as announced. Attendance is mandatory. — Academic Section,1
This is to inform all students that alumni meet will take place on Tuesday 9AM as announced. Attendance is mandatory. — Department of Information Technology,1
Hidden truth revealed: college is not what they tell you. Spread awareness now! Passed on from group admin.,0
Academic Notice: annual cultural fest will be conducted online via the college portal on 25th May 2026. — Principal's Office,1
"Important: The venue for fee payment has been changed to Seminar Hall. All other details remain the same. — Prof. Sharma, HOD Computer Science",1
You won't believe this! viva examination has been delayed indefinitely. The truth is shocking! Received from department WhatsApp group.,0
You won't believe this! college has been banned. The truth is shocking! Received from department WhatsApp group.,0
Hidden truth revealed: viva examination is not what they tell you. Spread awareness now! Please verify and share.,0
Don't attend class! It has been delayed indefinitely due to water shortage. Spread the word! Passed on from group admin.,0
"IMPORTANT MESSAGE: Due to security concerns, convocation is now cancelled. Share immediately! Do not ignore this message.",0
"Notice: The result declaration has been rescheduled to Friday 11AM at 10:00 AM. Please check the official portal for details. — Dr. Mehta, Dean Academic Affairs",1
Academic Notice: scholarship application will be conducted online via the college portal on 15th May 2026. — Student Affairs Office,1
Reminder: fee payment registration deadline is 1st June 2026. Visit the administrative office for further queries. — The Registrar,1
This is to inform all students that practical examination will take place on 25th May 2026 as announced. Attendance is mandatory. — Academic Section,1
Don't attend viva examination! It has been called off due to safety hazard. Spread the word! Received from department WhatsApp group.,0
VIRAL: seminar rescheduled - government trying to hide this. Share before its deleted! This is 100% real information.,0
VIRAL: exam banned - government trying to hide this. Share before its deleted! Please verify and share.,0
EXCLUSIVE LEAKED INFO: lab practical is completely banned. Share before it gets deleted! Passed on from group admin.,0
URGENT!!! fest has been CANCELLED immediately. Forward this to all students NOW!!! Received from department WhatsApp group.,0
BREAKING: project submission postponed due to water shortage. Share with everyone immediately! This is 100% real information.,0
*Forwarded as received* workshop will not happen tomorrow. Reliable source confirmed. Received from department WhatsApp group.,0
WARNING: If you attend college tomorrow you might unexpected maintenance. Share to save people! Do not ignore this message.,0
Message from reliable source: annual function cancelled without prior notice. Tell everyone. This is 100% real information.,0
Reminder: scholarship application registration deadline is Tuesday 9AM. Visit the administrative office for further queries. — The Examination Controller,1
Academic Notice: library book submission will be conducted online via the college portal on Friday 11AM. — Student Affairs Office,1
"IMPORTANT MESSAGE: Due to COVID protocol, convocation is now suspended. Share immediately! Do not ignore this message.",0
🚨🚨 ALERT: exam is suspended until further notice. Tell everyone ASAP! 🚨🚨 Passed on from group admin.,0
Notice from Department of Information Technology: mid-semester examination registration is now open. Last date to apply is 1st June 2026.,1
Students of all are reminded that sports meet is compulsory. Contact the office for any clarifications. — Academic Section,1
"Circular No. 418: workshop on machine learning will be held as per schedule on 20th May 2026. Carry your ID cards. — Prof. Sharma, HOD Computer Science",1
Confirmed by insiders: convocation is banned. The real reason will shock you! This is 100% real information.,0
This is to inform all students that alumni meet will take place on Wednesday 2PM as announced. Attendance is mandatory. — Academic Section,1
WARNING: If you attend fest tomorrow you might administrative decision. Share to save people! Received from department WhatsApp group.,0
Important: The venue for sports meet has been changed to Auditorium A. All other details remain the same. — Department of Information Technology,1
MUST SHARE!!! class has been unexpectedly rescheduled. All students must know NOW!!! This is 100% real information.,0
URGENT!!! viva examination has been CANCELLED immediately. Forward this to all students NOW!!! Do not ignore this message.,0
Official communication: industrial visit result will be declared on Tuesday 9AM. Check the official website for updates. — The Examination Controller,1
EXCLUSIVE LEAKED INFO: annual function is completely banned. Share before it gets deleted! Passed on from group admin.,0
MUST SHARE!!! sports day has been unexpectedly called off. All students must know NOW!!! Please verify and share.,0
URGENT!!! workshop has been CANCELLED immediately. Forward this to all students NOW!!! Received from department WhatsApp group.,0
"Last minute information: university event tomorrow is suspended. Stay home, forward this message. Passed on from group admin.",0
Official communication: annual cultural fest result will be declared on 15th May 2026. Check the official website for updates. — Academic Section,1
Shocking revelation: fest is a complete fraud. Share this viral truth immediately! This is 100% real information.,0
URGENT!!! workshop has been CANCELLED immediately. Forward this to all students NOW!!! This is 100% real information.,0
Update: fee payment originally scheduled for 1st June 2026 stands confirmed. No changes have been made. — The Examination Controller,1
Alert from higher authorities: convocation suspended with immediate effect. Share urgently! Passed on from group admin.,0
This is to inform all students that end-semester examination will take place on Wednesday 2PM as announced. Attendance is mandatory. — Principal's Office,1
Confirmed by insiders: annual function is merged with another event. The real reason will shock you! Received from department WhatsApp group.,0
Shocking revelation: sports day is a complete fraud. Share this viral truth immediately! Do not ignore this message.,0
"Official communication: scholarship application result will be declared on 15th May 2026. Check the official website for updates. — Prof. Sharma, HOD Computer Science",1
"100% confirmed: viva examination rescheduled. Don't ignore this, forward to everyone now! Received from department WhatsApp group.",0
Don't attend exam! It has been cancelled due to unexpected maintenance. Spread the word! Passed on from group admin.,0
BREAKING: convocation postponed due to security concerns. Share with everyone immediately! Do not ignore this message.,0
Notice from Principal's Office: industrial visit registration is now open. Last date to apply is Tuesday 9AM.,1
"Notice: The library book submission has been rescheduled to 15th May 2026 at 9:30 AM. Please check the official portal for details. — Dr. Mehta, Dean Academic Affairs",1
VIRAL: seminar cancelled - government trying to hide this. Share before its deleted! Do not ignore this message.,0
"Official communication: sports meet result will be declared on Monday 10AM. Check the official website for updates. — Dr. Mehta, Dean Academic Affairs",1
EXCLUSIVE LEAKED INFO: college is completely postponed. Share before it gets deleted! This is 100% real information.,0
Student Affairs Office announces the commencement of industrial visit from 20th May 2026. All students are requested to prepare accordingly.,1
"Last minute information: result declaration tomorrow is delayed indefinitely. Stay home, forward this message. Received from department WhatsApp group.",0
Shocking revelation: annual function is a complete fraud. Share this viral truth immediately! Passed on from group admin.,0
*Forwarded as received* exam will not happen tomorrow. Reliable source confirmed. This is 100% real information.,0
Confirmed by insiders: convocation is suspended. The real reason will shock you! Received from department WhatsApp group.,0
Hidden truth revealed: exam is not what they tell you. Spread awareness now! Please verify and share.,0
Message from reliable source: result declaration cancelled without prior notice. Tell everyone. Received from department WhatsApp group.,0
"IMPORTANT MESSAGE: Due to unexpected maintenance, sports day is now delayed indefinitely. Share immediately! Passed on from group admin.",0
BREAKING: workshop postponed due to technical issues. Share with everyone immediately! Please verify and share.,0
Breaking news: Secret information about lab practical - they don't want you to know this! Please verify and share.,0
"This is to inform all students that alumni meet will take place on 20th May 2026 as announced. Attendance is mandatory. — Dr. Mehta, Dean Academic Affairs",1
*Forwarded as received* college will not happen tomorrow. Reliable source confirmed. Do not ignore this message.,0
Circular No. 418: result declaration will be held as per schedule on 1st June 2026. Carry your ID cards. — Department of Information Technology,1
"Dear Students, The annual cultural fest scheduled for 1st June 2026 will be held as per the original timetable in Auditorium A. — Department of Information Technology",1
You won't believe this! seminar has been moved online. The truth is shocking! Do not ignore this message.,0
"Prof. Sharma, HOD Computer Science: The timetable for mid-semester examination is now available on the college website. Check before 1st June 2026.",1
Academic Notice: project viva will be conducted online via the college portal on Monday 10AM. — Academic Section,1
"IMPORTANT MESSAGE: Due to unexpected maintenance, workshop is now called off. Share immediately! Received from department WhatsApp group.",0
Important: The venue for project viva has been changed to Lab Block 3. All other details remain the same. — Department of Information Technology,1
*Forwarded as received* project submission will not happen tomorrow. Reliable source confirmed. This is 100% real information.,0
"IMPORTANT MESSAGE: Due to safety hazard, exam is now called off. Share immediately! Passed on from group admin.",0
Update: end-semester examination originally scheduled for Tuesday 9AM stands confirmed. No changes have been made. — Principal's Office,1
"IMPORTANT MESSAGE: Due to administrative decision, result declaration is now delayed indefinitely. Share immediately! Passed on from group admin.",0
BREAKING: convocation postponed due to water shortage. Share with everyone immediately! Do not ignore this message.,0
The Examination Controller: The timetable for workshop on machine learning is now available on the college website. Check before Tuesday 9AM.,1
You won't believe this! fest has been suspended. The truth is shocking! Please verify and share.,0
You won't believe this! viva examination has been banned. The truth is shocking! Passed on from group admin.,0
Notice from The Examination Controller: mid-semester examination registration is now open. Last date to apply is 15th May 2026.,1
Official communication: practical examination result will be declared on 15th May 2026. Check the official website for updates. — Department of Information Technology,1
Official communication: scholarship application result will be declared on Friday 11AM. Check the official website for updates. — Academic Section,1
Alert from higher authorities: college rescheduled with immediate effect. Share urgently! Please verify and share.,0
"Update: alumni meet originally scheduled for Monday 10AM stands confirmed. No changes have been made. — Dr. Mehta, Dean Academic Affairs",1
Academic Section: The timetable for result declaration is now available on the college website. Check before 25th May 2026.,1
"Important: The venue for result declaration has been changed to Auditorium A. All other details remain the same. — Prof. Sharma, HOD Computer Science",1
WARNING: If you attend workshop tomorrow you might government order. Share to save people! Received from department WhatsApp group.,0
Academic Section: The timetable for workshop on machine learning is now available on the college website. Check before Friday 11AM.,1
"Last minute information: sports day tomorrow is called off. Stay home, forward this message. Received from department WhatsApp group.",0
Important: The venue for result declaration has been changed to Computer Centre. All other details remain the same. — Student Affairs Office,1
BREAKING: fest postponed due to government order. Share with everyone immediately! Please verify and share.,0
"IMPORTANT MESSAGE: Due to water shortage, college is now postponed. Share immediately! This is 100% real information.",0
"Dr. Mehta, Dean Academic Affairs: The timetable for industrial visit is now available on the college website. Check before Monday 10AM.",1
"This is to inform all students that alumni meet will take place on 25th May 2026 as announced. Attendance is mandatory. — Dr. Mehta, Dean Academic Affairs",1
"Dear Students, The end-semester examination scheduled for Monday 10AM will be held as per the original timetable in Lab Block 3. — Department of Information Technology",1
Students of third year are reminded that convocation ceremony is compulsory. Contact the office for any clarifications. — Academic Section,1
EXCLUSIVE LEAKED INFO: viva examination is completely delayed indefinitely. Share before it gets deleted! Received from department WhatsApp group.,0
Shocking revelation: workshop is a complete fraud. Share this viral truth immediately! Passed on from group admin.,0
Official communication: workshop on machine learning result will be declared on 1st June 2026. Check the official website for updates. — The Examination Controller,1
BREAKING: sports day postponed due to power failure. Share with everyone immediately! Please verify and share.,0
Students are informed that project viva will commence from 25th May 2026 as per the academic calendar. — Student Affairs Office,1
The Registrar announces the commencement of practical examination from 1st June 2026. All students are requested to prepare accordingly.,1
"Dear Students, The project viva scheduled for 20th May 2026 will be held as per the original timetable in Auditorium A. — Academic Section",1
Confirmed by insiders: college is banned. The real reason will shock you! Received from department WhatsApp group.,0
Notice: The industrial visit has been rescheduled to Monday 10AM at 9:30 AM. Please check the official portal for details. — Student Affairs Office,1
"The Prof. Sharma, HOD Computer Science hereby informs students that scholarship application is scheduled on 15th May 2026 in Computer Centre. Be present on time.",1
"Official communication: industrial visit result will be declared on Friday 11AM. Check the official website for updates. — Prof. Sharma, HOD Computer Science",1
Academic Notice: convocation ceremony will be conducted online via the college portal on 25th May 2026. — The Registrar,1
*Forwarded as received* university event will not happen tomorrow. Reliable source confirmed. Passed on from group admin.,0
"Last minute information: class tomorrow is postponed. Stay home, forward this message. Please verify and share.",0
EXCLUSIVE LEAKED INFO: lab practical is completely banned. Share before it gets deleted! Do not ignore this message.,0
Notice: The convocation ceremony has been rescheduled to 1st June 2026 at 10:00 AM. Please check the official portal for details. — Department of Information Technology,1
Circular No. 305: scholarship application will be held as per schedule on Tuesday 9AM. Carry your ID cards. — Academic Section,1
The The Registrar hereby informs students that result declaration is scheduled on 15th May 2026 in Auditorium A. Be present on time.,1
Important: The venue for convocation ceremony has been changed to Auditorium A. All other details remain the same. — Department of Information Technology,1
Notice from Student Affairs Office: practical examination registration is now open. Last date to apply is Wednesday 2PM.,1
Urgent warning: viva examination is dangerous. Forward this to protect everyone you know. Do not ignore this message.,0
Students of second year are reminded that practical examination is compulsory. Contact the office for any clarifications. — Student Affairs Office,1
Shocking revelation: annual function is a complete fraud. Share this viral truth immediately! This is 100% real information.,0
🚨🚨 ALERT: project submission is suspended until further notice. Tell everyone ASAP! 🚨🚨 Please verify and share.,0
WARNING: If you attend fest tomorrow you might water shortage. Share to save people! Passed on from group admin.,0
"Dear Students, The industrial visit scheduled for 15th May 2026 will be held as per the original timetable in Lab Block 3. — Principal's Office",1
You won't believe this! workshop has been rescheduled. The truth is shocking! Do not ignore this message.,0
BREAKING: college postponed due to COVID protocol. Share with everyone immediately! Received from department WhatsApp group.,0
Update: workshop on machine learning originally scheduled for 1st June 2026 stands confirmed. No changes have been made. — Student Affairs Office,1
"Dear Students, The convocation ceremony scheduled for 20th May 2026 will be held as per the original timetable in Seminar Hall. — Academic Section",1
The Principal's Office hereby informs students that convocation ceremony is scheduled on Tuesday 9AM in Room 204. Be present on time.,1
"This is to inform all students that scholarship application will take place on 1st June 2026 as announced. Attendance is mandatory. — Prof. Sharma, HOD Computer Science",1
Shocking revelation: annual function is a complete fraud. Share this viral truth immediately! Received from department WhatsApp group.,0
Students are informed that annual cultural fest will commence from 15th May 2026 as per the academic calendar. — Principal's Office,1
Academic Notice: library book submission will be conducted online via the college portal on 15th May 2026. — Department of Information Technology,1
"100% confirmed: project submission postponed. Don't ignore this, forward to everyone now! Please verify and share.",0
WARNING: If you attend workshop tomorrow you might unexpected maintenance. Share to save people! Received from department WhatsApp group.,0
"Dear Students, The project viva scheduled for Tuesday 9AM will be held as per the original timetable in Room 204. — Principal's Office",1
WARNING: If you attend project submission tomorrow you might security concerns. Share to save people! This is 100% real information.,0
Important: The venue for project viva has been changed to Examination Hall. All other details remain the same. — Principal's Office,1
You won't believe this! college has been merged with another event. The truth is shocking! This is 100% real information.,0
MUST SHARE!!! convocation has been unexpectedly delayed indefinitely. All students must know NOW!!! Passed on from group admin.,0
"Dr. Mehta, Dean Academic Affairs: The timetable for end-semester examination is now available on the college website. Check before 20th May 2026.",1
The Academic Section hereby informs students that workshop on machine learning is scheduled on Friday 11AM in Examination Hall. Be present on time.,1
Academic Section announces the commencement of alumni meet from Friday 11AM. All students are requested to prepare accordingly.,1
Don't attend result declaration! It has been called off due to staff absence. Spread the word! Passed on from group admin.,0
*Forwarded as received* college will not happen tomorrow. Reliable source confirmed. Please verify and share.,0
"Last minute information: seminar tomorrow is postponed. Stay home, forward this message. Passed on from group admin.",0
Students of first year are reminded that workshop on machine learning is compulsory. Contact the office for any clarifications. — Academic Section,1
🚨🚨 ALERT: project submission is suspended until further notice. Tell everyone ASAP! 🚨🚨 Passed on from group admin.,0
Notice from Department of Information Technology: scholarship application registration is now open. Last date to apply is 1st June 2026.,1
Notice from Academic Section: seminar on cybersecurity registration is now open. Last date to apply is Monday 10AM.,1
Confirmed by insiders: university event is cancelled. The real reason will shock you! Received from department WhatsApp group.,0
Alert from higher authorities: annual function rescheduled with immediate effect. Share urgently! Received from department WhatsApp group.,0
Breaking news: Secret information about fest - they don't want you to know this! Passed on from group admin.,0
"Notice from Prof. Sharma, HOD Computer Science: workshop on machine learning registration is now open. Last date to apply is Monday 10AM.",1
"Notice: The industrial visit has been rescheduled to 25th May 2026 at 11:00 AM. Please check the official portal for details. — Prof. Sharma, HOD Computer Science",1
"Students are informed that end-semester examination will commence from Monday 10AM as per the academic calendar. — Dr. Mehta, Dean Academic Affairs",1
Don't attend exam! It has been delayed indefinitely due to security concerns. Spread the word! Received from department WhatsApp group.,0
The Student Affairs Office hereby informs students that end-semester examination is scheduled on Wednesday 2PM in Room 204. Be present on time.,1
Confirmed by insiders: annual function is banned. The real reason will shock you! Received from department WhatsApp group.,0
The Examination Controller: The timetable for practical examination is now available on the college website. Check before 25th May 2026.,1
"This is to inform all students that seminar on cybersecurity will take place on 15th May 2026 as announced. Attendance is mandatory. — Prof. Sharma, HOD Computer Science",1
Confirmed by insiders: annual function is called off. The real reason will shock you! Received from department WhatsApp group.,0
Breaking news: Secret information about sports day - they don't want you to know this! This is 100% real information.,0
BREAKING: sports day postponed due to safety hazard. Share with everyone immediately! This is 100% real information.,0
*Forwarded as received* university event will not happen tomorrow. Reliable source confirmed. Do not ignore this message.,0
"This is to inform all students that project viva will take place on Monday 10AM as announced. Attendance is mandatory. — Prof. Sharma, HOD Computer Science",1
Alert from higher authorities: lab practical postponed with immediate effect. Share urgently! This is 100% real information.,0
VIRAL: lab practical postponed - government trying to hide this. Share before its deleted! Passed on from group admin.,0
Circular No. 305: scholarship application will be held as per schedule on 15th May 2026. Carry your ID cards. — Department of Information Technology,1
The Student Affairs Office hereby informs students that seminar on cybersecurity is scheduled on 25th May 2026 in Lab Block 3. Be present on time.,1
Notice: The practical examination has been rescheduled to Friday 11AM at 11:00 AM. Please check the official portal for details. — Academic Section,1
The Registrar announces the commencement of workshop on machine learning from Wednesday 2PM. All students are requested to prepare accordingly.,1
The Academic Section hereby informs students that scholarship application is scheduled on 25th May 2026 in Lab Block 3. Be present on time.,1
Message from reliable source: university event cancelled without prior notice. Tell everyone. Please verify and share.,0
Hidden truth revealed: annual function is not what they tell you. Spread awareness now! Do not ignore this message.,0
Urgent warning: sports day is dangerous. Forward this to protect everyone you know. Received from department WhatsApp group.,0
Students are informed that mid-semester examination will commence from Wednesday 2PM as per the academic calendar. — Principal's Office,1
VIRAL: fest moved online - government trying to hide this. Share before its deleted! This is 100% real information.,0
Academic Section: The timetable for fee payment is now available on the college website. Check before 25th May 2026.,1
🚨🚨 ALERT: class is suspended until further notice. Tell everyone ASAP! 🚨🚨 This is 100% real information.,0
The Principal's Office hereby informs students that annual cultural fest is scheduled on Wednesday 2PM in Main Hall. Be present on time.,1
Don't attend viva examination! It has been cancelled due to technical issues. Spread the word! Please verify and share.,0
Student Affairs Office: The timetable for convocation ceremony is now available on the college website. Check before Friday 11AM.,1
You won't believe this! college has been rescheduled. The truth is shocking! Passed on from group admin.,0
Don't attend class! It has been cancelled due to safety hazard. Spread the word! Received from department WhatsApp group.,0
*Forwarded as received* university event will not happen tomorrow. Reliable source confirmed. Please verify and share.,0
Shocking revelation: project submission is a complete fraud. Share this viral truth immediately! Passed on from group admin.,0
"Dear Students, The scholarship application scheduled for Tuesday 9AM will be held as per the original timetable in Auditorium A. — Prof. Sharma, HOD Computer Science",1
Alert from higher authorities: exam suspended with immediate effect. Share urgently! Received from department WhatsApp group.,0
Students are informed that library book submission will commence from Monday 10AM as per the academic calendar. — The Examination Controller,1
"100% confirmed: class postponed. Don't ignore this, forward to everyone now! Do not ignore this message.",0
"Reminder: mid-semester examination registration deadline is Wednesday 2PM. Visit the administrative office for further queries. — Prof. Sharma, HOD Computer Science",1
"Dear Students, The sports meet scheduled for Monday 10AM will be held as per the original timetable in Lab Block 3. — Prof. Sharma, HOD Computer Science",1
*Forwarded as received* sports day will not happen tomorrow. Reliable source confirmed. Do not ignore this message.,0
Official communication: scholarship application result will be declared on 20th May 2026. Check the official website for updates. — Department of Information Technology,1
Official communication: practical examination result will be declared on 25th May 2026. Check the official website for updates. — Student Affairs Office,1
Update: sports meet originally scheduled for 1st June 2026 stands confirmed. No changes have been made. — The Registrar,1
Official communication: sports meet result will be declared on Tuesday 9AM. Check the official website for updates. — The Registrar,1
Reminder: workshop on machine learning registration deadline is 25th May 2026. Visit the administrative office for further queries. — The Examination Controller,1
Shocking revelation: viva examination is a complete fraud. Share this viral truth immediately! This is 100% real information.,0
Shocking revelation: viva examination is a complete fraud. Share this viral truth immediately! Passed on from group admin.,0
Notice: The annual cultural fest has been rescheduled to 20th May 2026 at 2:00 PM. Please check the official portal for details. — Principal's Office,1
EXCLUSIVE LEAKED INFO: workshop is completely moved online. Share before it gets deleted! Do not ignore this message.,0
"Official communication: library book submission result will be declared on 1st June 2026. Check the official website for updates. — Prof. Sharma, HOD Computer Science",1
URGENT!!! project submission has been CANCELLED immediately. Forward this to all students NOW!!! Received from department WhatsApp group.,0
Alert from higher authorities: viva examination cancelled with immediate effect. Share urgently! Please verify and share.,0
"Notice: The industrial visit has been rescheduled to Monday 10AM at 2:00 PM. Please check the official portal for details. — Prof. Sharma, HOD Computer Science",1
Shocking revelation: result declaration is a complete fraud. Share this viral truth immediately! This is 100% real information.,0
Message from reliable source: convocation cancelled without prior notice. Tell everyone. Do not ignore this message.,0
"100% confirmed: fest banned. Don't ignore this, forward to everyone now! Please verify and share.",0
Circular No. 101: scholarship application will be held as per schedule on Monday 10AM. Carry your ID cards. — Academic Section,1
"IMPORTANT MESSAGE: Due to water shortage, convocation is now postponed. Share immediately! Please verify and share.",0
Important: The venue for workshop on machine learning has been changed to Room 204. All other details remain the same. — The Registrar,1
The Principal's Office hereby informs students that result declaration is scheduled on 25th May 2026 in Auditorium A. Be present on time.,1
The Department of Information Technology hereby informs students that end-semester examination is scheduled on 15th May 2026 in Auditorium A. Be present on time.,1
WARNING: If you attend viva examination tomorrow you might power failure. Share to save people! Please verify and share.,0
"IMPORTANT MESSAGE: Due to security concerns, seminar is now postponed. Share immediately! Please verify and share.",0
"Update: fee payment originally scheduled for 15th May 2026 stands confirmed. No changes have been made. — Prof. Sharma, HOD Computer Science",1
EXCLUSIVE LEAKED INFO: workshop is completely called off. Share before it gets deleted! Passed on from group admin.,0
The Department of Information Technology hereby informs students that practical examination is scheduled on Friday 11AM in Main Hall. Be present on time.,1
Students are informed that fee payment will commence from 1st June 2026 as per the academic calendar. — Department of Information Technology,1
Alert from higher authorities: result declaration delayed indefinitely with immediate effect. Share urgently! Passed on from group admin.,0
"100% confirmed: viva examination merged with another event. Don't ignore this, forward to everyone now! Do not ignore this message.",0
VIRAL: lab practical moved online - government trying to hide this. Share before its deleted! Please verify and share.,0
This is to inform all students that scholarship application will take place on Tuesday 9AM as announced. Attendance is mandatory. — Principal's Office,1
"Dear Students, The alumni meet scheduled for 25th May 2026 will be held as per the original timetable in Lab Block 3. — Dr. Mehta, Dean Academic Affairs",1
Official communication: practical examination result will be declared on 1st June 2026. Check the official website for updates. — Principal's Office,1
Don't attend exam! It has been merged with another event due to water shortage. Spread the word! Passed on from group admin.,0
Principal's Office announces the commencement of workshop on machine learning from 20th May 2026. All students are requested to prepare accordingly.,1
Important: The venue for workshop on machine learning has been changed to Main Hall. All other details remain the same. — Academic Section,1
Academic Notice: workshop on machine learning will be conducted online via the college portal on 20th May 2026. — The Registrar,1
VIRAL: university event moved online - government trying to hide this. Share before its deleted! Do not ignore this message.,0
BREAKING: university event postponed due to government order. Share with everyone immediately! Please verify and share.,0
Shocking revelation: exam is a complete fraud. Share this viral truth immediately! Do not ignore this message.,0
"IMPORTANT MESSAGE: Due to security concerns, result declaration is now merged with another event. Share immediately! This is 100% real information.",0
Notice from The Registrar: alumni meet registration is now open. Last date to apply is Wednesday 2PM.,1
Students are informed that library book submission will commence from 25th May 2026 as per the academic calendar. — Department of Information Technology,1
Message from reliable source: convocation cancelled without prior notice. Tell everyone. Please verify and share.,0
Breaking news: Secret information about exam - they don't want you to know this! Received from department WhatsApp group.,0
VIRAL: fest merged with another event - government trying to hide this. Share before its deleted! Passed on from group admin.,0
"Students are informed that result declaration will commence from 15th May 2026 as per the academic calendar. — Dr. Mehta, Dean Academic Affairs",1
Notice from Department of Information Technology: mid-semester examination registration is now open. Last date to apply is Tuesday 9AM.,1
"100% confirmed: lab practical postponed. Don't ignore this, forward to everyone now! Please verify and share.",0
"Reminder: scholarship application registration deadline is Tuesday 9AM. Visit the administrative office for further queries. — Prof. Sharma, HOD Computer Science",1
"Last minute information: sports day tomorrow is banned. Stay home, forward this message. Passed on from group admin.",0
You won't believe this! class has been postponed. The truth is shocking! Passed on from group admin.,0
This is to inform all students that fee payment will take place on Friday 11AM as announced. Attendance is mandatory. — Academic Section,1
The Registrar announces the commencement of project viva from 20th May 2026. All students are requested to prepare accordingly.,1
Don't attend exam! It has been suspended due to safety hazard. Spread the word! Passed on from group admin.,0
"This is to inform all students that fee payment will take place on 1st June 2026 as announced. Attendance is mandatory. — Prof. Sharma, HOD Computer Science",1
URGENT!!! seminar has been CANCELLED immediately. Forward this to all students NOW!!! Please verify and share.,0
"IMPORTANT MESSAGE: Due to technical issues, project submission is now delayed indefinitely. Share immediately! This is 100% real information.",0
Breaking news: Secret information about viva examination - they don't want you to know this! Received from department WhatsApp group.,0
Don't attend annual function! It has been called off due to security concerns. Spread the word! Please verify and share.,0
Update: practical examination originally scheduled for Wednesday 2PM stands confirmed. No changes have been made. — The Registrar,1
"100% confirmed: sports day cancelled. Don't ignore this, forward to everyone now! Do not ignore this message.",0
MUST SHARE!!! class has been unexpectedly merged with another event. All students must know NOW!!! Received from department WhatsApp group.,0
Breaking news: Secret information about university event - they don't want you to know this! This is 100% real information.,0
Shocking revelation: exam is a complete fraud. Share this viral truth immediately! Do not ignore this message.,0
This is to inform all students that practical examination will take place on Tuesday 9AM as announced. Attendance is mandatory. — Student Affairs Office,1
Circular No. 202: project viva will be held as per schedule on 20th May 2026. Carry your ID cards. — Department of Information Technology,1
"Academic Notice: scholarship application will be conducted online via the college portal on 15th May 2026. — Dr. Mehta, Dean Academic Affairs",1
Students are informed that end-semester examination will commence from 15th May 2026 as per the academic calendar. — The Registrar,1
URGENT!!! seminar has been CANCELLED immediately. Forward this to all students NOW!!! Please verify and share.,0
"Last minute information: annual function tomorrow is merged with another event. Stay home, forward this message. Passed on from group admin.",0
WARNING: If you attend project submission tomorrow you might security concerns. Share to save people! Passed on from group admin.,0
Don't attend college! It has been suspended due to water shortage. Spread the word! Passed on from group admin.,0
URGENT!!! workshop has been CANCELLED immediately. Forward this to all students NOW!!! Do not ignore this message.,0
Reminder: result declaration registration deadline is Friday 11AM. Visit the administrative office for further queries. — Department of Information Technology,1
The Examination Controller announces the commencement of convocation ceremony from Tuesday 9AM. All students are requested to prepare accordingly.,1
WARNING: If you attend class tomorrow you might power failure. Share to save people! Received from department WhatsApp group.,0
"IMPORTANT MESSAGE: Due to government order, convocation is now postponed. Share immediately! Please verify and share.",0
"Students are informed that result declaration will commence from 15th May 2026 as per the academic calendar. — Dr. Mehta, Dean Academic Affairs",1
Hidden truth revealed: fest is not what they tell you. Spread awareness now! Please verify and share.,0
Official communication: fee payment result will be declared on 20th May 2026. Check the official website for updates. — The Registrar,1
Circular No. 202: scholarship application will be held as per schedule on Monday 10AM. Carry your ID cards. — Academic Section,1
You won't believe this! convocation has been moved online. The truth is shocking! This is 100% real information.,0
BREAKING: fest postponed due to security concerns. Share with everyone immediately! Received from department WhatsApp group.,0
Update: seminar on cybersecurity originally scheduled for Tuesday 9AM stands confirmed. No changes have been made. — The Examination Controller,1
Academic Notice: mid-semester examination will be conducted online via the college portal on 20th May 2026. — The Registrar,1
Don't attend viva examination! It has been postponed due to unexpected maintenance. Spread the word! This is 100% real information.,0
"Prof. Sharma, HOD Computer Science: The timetable for industrial visit is now available on the college website. Check before Tuesday 9AM.",1
Official communication: scholarship application result will be declared on Wednesday 2PM. Check the official website for updates. — Student Affairs Office,1
Reminder: fee payment registration deadline is Tuesday 9AM. Visit the administrative office for further queries. — Student Affairs Office,1
Urgent warning: lab practical is dangerous. Forward this to protect everyone you know. This is 100% real information.,0
"100% confirmed: sports day suspended. Don't ignore this, forward to everyone now! Passed on from group admin.",0
Don't attend college! It has been merged with another event due to unexpected maintenance. Spread the word! This is 100% real information.,0
"Notice from Dr. Mehta, Dean Academic Affairs: result declaration registration is now open. Last date to apply is Friday 11AM.",1
Confirmed by insiders: workshop is cancelled. The real reason will shock you! Please verify and share.,0
The Registrar announces the commencement of scholarship application from Monday 10AM. All students are requested to prepare accordingly.,1
Official communication: mid-semester examination result will be declared on Wednesday 2PM. Check the official website for updates. — The Examination Controller,1
"Last minute information: college tomorrow is suspended. Stay home, forward this message. Passed on from group admin.",0
Shocking revelation: university event is a complete fraud. Share this viral truth immediately! Passed on from group admin.,0
You won't believe this! annual function has been rescheduled. The truth is shocking! Received from department WhatsApp group.,0
Alert from higher authorities: fest suspended with immediate effect. Share urgently! This is 100% real information.,0
🚨🚨 ALERT: project submission is suspended until further notice. Tell everyone ASAP! 🚨🚨 Received from department WhatsApp group.,0
Message from reliable source: sports day cancelled without prior notice. Tell everyone. This is 100% real information.,0
URGENT!!! exam has been CANCELLED immediately. Forward this to all students NOW!!! This is 100% real information.,0
Reminder: industrial visit registration deadline is 25th May 2026. Visit the administrative office for further queries. — Principal's Office,1
"Dear Students, The project viva scheduled for 1st June 2026 will be held as per the original timetable in Computer Centre. — Department of Information Technology",1
Don't attend seminar! It has been banned due to water shortage. Spread the word! Received from department WhatsApp group.,0
The Registrar: The timetable for result declaration is now available on the college website. Check before Tuesday 9AM.,1
MUST SHARE!!! university event has been unexpectedly moved online. All students must know NOW!!! Passed on from group admin.,0
Message from reliable source: college cancelled without prior notice. Tell everyone. Please verify and share.,0
Reminder: industrial visit registration deadline is Friday 11AM. Visit the administrative office for further queries. — The Registrar,1
Circular No. 305: project viva will be held as per schedule on 20th May 2026. Carry your ID cards. — Principal's Office,1
Message from reliable source: exam cancelled without prior notice. Tell everyone. Received from department WhatsApp group.,0
WARNING: If you attend result declaration tomorrow you might water shortage. Share to save people! Received from department WhatsApp group.,0
Notice: The practical examination has been rescheduled to Tuesday 9AM at 2:00 PM. Please check the official portal for details. — Student Affairs Office,1
Hidden truth revealed: class is not what they tell you. Spread awareness now! Passed on from group admin.,0
URGENT!!! college has been CANCELLED immediately. Forward this to all students NOW!!! Do not ignore this message.,0
Message from reliable source: exam cancelled without prior notice. Tell everyone. Passed on from group admin.,0
"Notice from Dr. Mehta, Dean Academic Affairs: seminar on cybersecurity registration is now open. Last date to apply is Friday 11AM.",1
"Circular No. 101: workshop on machine learning will be held as per schedule on 1st June 2026. Carry your ID cards. — Prof. Sharma, HOD Computer Science",1
Alert from higher authorities: college banned with immediate effect. Share urgently! Do not ignore this message.,0
"Notice: The annual cultural fest has been rescheduled to Monday 10AM at 11:00 AM. Please check the official portal for details. — Prof. Sharma, HOD Computer Science",1
Academic Notice: mid-semester examination will be conducted online via the college portal on 1st June 2026. — Principal's Office,1
"100% confirmed: annual function merged with another event. Don't ignore this, forward to everyone now! Please verify and share.",0
Students are informed that result declaration will commence from Tuesday 9AM as per the academic calendar. — Principal's Office,1
Circular No. 418: mid-semester examination will be held as per schedule on Monday 10AM. Carry your ID cards. — Academic Section,1
MUST SHARE!!! college has been unexpectedly rescheduled. All students must know NOW!!! Please verify and share.,0
Confirmed by insiders: exam is delayed indefinitely. The real reason will shock you! This is 100% real information.,0
Notice from Student Affairs Office: library book submission registration is now open. Last date to apply is Friday 11AM.,1
Alert from higher authorities: exam banned with immediate effect. Share urgently! Do not ignore this message.,0
Notice from Student Affairs Office: workshop on machine learning registration is now open. Last date to apply is Monday 10AM.,1
"Dear Students, The mid-semester examination scheduled for 1st June 2026 will be held as per the original timetable in Seminar Hall. — Principal's Office",1
"Reminder: project viva registration deadline is 20th May 2026. Visit the administrative office for further queries. — Dr. Mehta, Dean Academic Affairs",1
You won't believe this! annual function has been delayed indefinitely. The truth is shocking! Passed on from group admin.,0
Update: scholarship application originally scheduled for Tuesday 9AM stands confirmed. No changes have been made. — The Examination Controller,1
Message from reliable source: viva examination cancelled without prior notice. Tell everyone. Received from department WhatsApp group.,0
You won't believe this! workshop has been moved online. The truth is shocking! This is 100% real information.,0
*Forwarded as received* exam will not happen tomorrow. Reliable source confirmed. Received from department WhatsApp group.,0
MUST SHARE!!! exam has been unexpectedly delayed indefinitely. All students must know NOW!!! Please verify and share.,0
"Dear Students, The seminar on cybersecurity scheduled for 25th May 2026 will be held as per the original timetable in Computer Centre. — Department of Information Technology",1
Official communication: end-semester examination result will be declared on Wednesday 2PM. Check the official website for updates. — Academic Section,1
The Registrar: The timetable for scholarship application is now available on the college website. Check before Wednesday 2PM.,1
"Dear Students, The mid-semester examination scheduled for 20th May 2026 will be held as per the original timetable in Seminar Hall. — The Examination Controller",1
This is to inform all students that annual cultural fest will take place on Friday 11AM as announced. Attendance is mandatory. — The Registrar,1
Academic Notice: seminar on cybersecurity will be conducted online via the college portal on 20th May 2026. — The Registrar,1
"Update: end-semester examination originally scheduled for Friday 11AM stands confirmed. No changes have been made. — Prof. Sharma, HOD Computer Science",1
VIRAL: sports day merged with another event - government trying to hide this. Share before its deleted! Passed on from group admin.,0
Don't attend workshop! It has been delayed indefinitely due to staff absence. Spread the word! Please verify and share.,0
You won't believe this! seminar has been cancelled. The truth is shocking! This is 100% real information.,0
Confirmed by insiders: sports day is banned. The real reason will shock you! Passed on from group admin.,0
Reminder: seminar on cybersecurity registration deadline is Friday 11AM. Visit the administrative office for further queries. — Student Affairs Office,1
"Dr. Mehta, Dean Academic Affairs announces the commencement of seminar on cybersecurity from 1st June 2026. All students are requested to prepare accordingly.",1
"Academic Notice: project viva will be conducted online via the college portal on 25th May 2026. — Prof. Sharma, HOD Computer Science",1
WARNING: If you attend class tomorrow you might power failure. Share to save people! Do not ignore this message.,0
"Dear Students, The result declaration scheduled for 25th May 2026 will be held as per the original timetable in Lab Block 3. — Department of Information Technology",1
WARNING: If you attend viva examination tomorrow you might safety hazard. Share to save people! Passed on from group admin.,0
"Prof. Sharma, HOD Computer Science: The timetable for fee payment is now available on the college website. Check before 1st June 2026.",1
You won't believe this! convocation has been merged with another event. The truth is shocking! Do not ignore this message.,0
Official communication: workshop on machine learning result will be declared on 15th May 2026. Check the official website for updates. — Department of Information Technology,1
Confirmed by insiders: project submission is called off. The real reason will shock you! Do not ignore this message.,0
VIRAL: viva examination merged with another event - government trying to hide this. Share before its deleted! Received from department WhatsApp group.,0
Hidden truth revealed: workshop is not what they tell you. Spread awareness now! Received from department WhatsApp group.,0
VIRAL: class suspended - government trying to hide this. Share before its deleted! Passed on from group admin.,0
Message from reliable source: seminar cancelled without prior notice. Tell everyone. Do not ignore this message.,0
"The Dr. Mehta, Dean Academic Affairs hereby informs students that library book submission is scheduled on Tuesday 9AM in Auditorium A. Be present on time.",1
Notice: The alumni meet has been rescheduled to 15th May 2026 at 2:00 PM. Please check the official portal for details. — The Registrar,1
"IMPORTANT MESSAGE: Due to administrative decision, sports day is now rescheduled. Share immediately! Passed on from group admin.",0
"Reminder: project viva registration deadline is Tuesday 9AM. Visit the administrative office for further queries. — Dr. Mehta, Dean Academic Affairs",1
"IMPORTANT MESSAGE: Due to government order, project submission is now suspended. Share immediately! Do not ignore this message.",0
"Notice from Dr. Mehta, Dean Academic Affairs: alumni meet registration is now open. Last date to apply is 20th May 2026.",1
Student Affairs Office announces the commencement of seminar on cybersecurity from 20th May 2026. All students are requested to prepare accordingly.,1
"100% confirmed: seminar banned. Don't ignore this, forward to everyone now! This is 100% real information.",0
Notice from Department of Information Technology: project viva registration is now open. Last date to apply is Tuesday 9AM.,1
"IMPORTANT MESSAGE: Due to safety hazard, workshop is now banned. Share immediately! Please verify and share.",0
You won't believe this! result declaration has been cancelled. The truth is shocking! Received from department WhatsApp group.,0
"Update: sports meet originally scheduled for 25th May 2026 stands confirmed. No changes have been made. — Prof. Sharma, HOD Computer Science",1
Students of third year are reminded that mid-semester examination is compulsory. Contact the office for any clarifications. — The Registrar,1
Update: convocation ceremony originally scheduled for Friday 11AM stands confirmed. No changes have been made. — Academic Section,1
MUST SHARE!!! exam has been unexpectedly called off. All students must know NOW!!! Passed on from group admin.,0
This is to inform all students that convocation ceremony will take place on 20th May 2026 as announced. Attendance is mandatory. — Student Affairs Office,1
Update: convocation ceremony originally scheduled for 1st June 2026 stands confirmed. No changes have been made. — The Examination Controller,1
The Principal's Office hereby informs students that fee payment is scheduled on Wednesday 2PM in Examination Hall. Be present on time.,1
This is to inform all students that sports meet will take place on Wednesday 2PM as announced. Attendance is mandatory. — The Registrar,1
"Dear Students, The seminar on cybersecurity scheduled for Wednesday 2PM will be held as per the original timetable in Lab Block 3. — Department of Information Technology",1
Important: The venue for mid-semester examination has been changed to Examination Hall. All other details remain the same. — Academic Section,1
Official communication: fee payment result will be declared on Friday 11AM. Check the official website for updates. — Principal's Office,1
VIRAL: sports day banned - government trying to hide this. Share before its deleted! Please verify and share.,0
Update: practical examination originally scheduled for 1st June 2026 stands confirmed. No changes have been made. — The Registrar,1
Academic Notice: result declaration will be conducted online via the college portal on 20th May 2026. — The Examination Controller,1
Hidden truth revealed: viva examination is not what they tell you. Spread awareness now! This is 100% real information.,0
"Reminder: project viva registration deadline is Tuesday 9AM. Visit the administrative office for further queries. — Dr. Mehta, Dean Academic Affairs",1
Update: annual cultural fest originally scheduled for 15th May 2026 stands confirmed. No changes have been made. — Principal's Office,1
🚨🚨 ALERT: lab practical is suspended until further notice. Tell everyone ASAP! 🚨🚨 Please verify and share.,0
"Important: The venue for workshop on machine learning has been changed to Main Hall. All other details remain the same. — Prof. Sharma, HOD Computer Science",1
Official communication: fee payment result will be declared on 20th May 2026. Check the official website for updates. — Student Affairs Office,1
"Prof. Sharma, HOD Computer Science: The timetable for library book submission is now available on the college website. Check before 20th May 2026.",1
Alert from higher authorities: result declaration delayed indefinitely with immediate effect. Share urgently! Passed on from group admin.,0
Reminder: end-semester examination registration deadline is 20th May 2026. Visit the administrative office for further queries. — The Examination Controller,1
WARNING: If you attend lab practical tomorrow you might COVID protocol. Share to save people! Do not ignore this message.,0
The Student Affairs Office hereby informs students that result declaration is scheduled on Friday 11AM in Auditorium A. Be present on time.,1
"Last minute information: seminar tomorrow is postponed. Stay home, forward this message. Please verify and share.",0
The The Registrar hereby informs students that sports meet is scheduled on 25th May 2026 in Examination Hall. Be present on time.,1
"The Dr. Mehta, Dean Academic Affairs hereby informs students that annual cultural fest is scheduled on Tuesday 9AM in Computer Centre. Be present on time.",1
"The Dr. Mehta, Dean Academic Affairs hereby informs students that annual cultural fest is scheduled on 20th May 2026 in Auditorium A. Be present on time.",1
🚨🚨 ALERT: annual function is suspended until further notice. Tell everyone ASAP! 🚨🚨 Passed on from group admin.,0
Urgent warning: convocation is dangerous. Forward this to protect everyone you know. Do not ignore this message.,0
"IMPORTANT MESSAGE: Due to power failure, lab practical is now moved online. Share immediately! This is 100% real information.",0
Hidden truth revealed: seminar is not what they tell you. Spread awareness now! Received from department WhatsApp group.,0
EXCLUSIVE LEAKED INFO: annual function is completely called off. Share before it gets deleted! Passed on from group admin.,0
Notice: The scholarship application has been rescheduled to 25th May 2026 at 11:00 AM. Please check the official portal for details. — The Examination Controller,1
Hidden truth revealed: convocation is not what they tell you. Spread awareness now! This is 100% real information.,0
Official communication: mid-semester examination result will be declared on Tuesday 9AM. Check the official website for updates. — Department of Information Technology,1
Urgent warning: fest is dangerous. Forward this to protect everyone you know. Do not ignore this message.,0
Hidden truth revealed: viva examination is not what they tell you. Spread awareness now! This is 100% real information.,0
Message from reliable source: class cancelled without prior notice. Tell everyone. Please verify and share.,0
Circular No. 305: library book submission will be held as per schedule on 25th May 2026. Carry your ID cards. — Academic Section,1
Students are informed that scholarship application will commence from 20th May 2026 as per the academic calendar. — Academic Section,1
The Principal's Office hereby informs students that sports meet is scheduled on 25th May 2026 in Seminar Hall. Be present on time.,1
MUST SHARE!!! result declaration has been unexpectedly postponed. All students must know NOW!!! Received from department WhatsApp group.,0
The The Registrar hereby informs students that library book submission is scheduled on 15th May 2026 in Computer Centre. Be present on time.,1
Don't attend annual function! It has been postponed due to power failure. Spread the word! Do not ignore this message.,0
You won't believe this! project submission has been rescheduled. The truth is shocking! Do not ignore this message.,0
BREAKING: class postponed due to water shortage. Share with everyone immediately! Received from department WhatsApp group.,0
MUST SHARE!!! convocation has been unexpectedly delayed indefinitely. All students must know NOW!!! Received from department WhatsApp group.,0
Academic Notice: annual cultural fest will be conducted online via the college portal on Tuesday 9AM. — The Registrar,1
Breaking news: Secret information about workshop - they don't want you to know this! This is 100% real information.,0
"Academic Notice: practical examination will be conducted online via the college portal on 20th May 2026. — Dr. Mehta, Dean Academic Affairs",1
Confirmed by insiders: project submission is delayed indefinitely. The real reason will shock you! This is 100% real information.,0
Shocking revelation: sports day is a complete fraud. Share this viral truth immediately! Do not ignore this message.,0
🚨🚨 ALERT: college is suspended until further notice. Tell everyone ASAP! 🚨🚨 Do not ignore this message.,0
Alert from higher authorities: result declaration cancelled with immediate effect. Share urgently! This is 100% real information.,0
*Forwarded as received* project submission will not happen tomorrow. Reliable source confirmed. This is 100% real information.,0
Alert from higher authorities: lab practical delayed indefinitely with immediate effect. Share urgently! Received from department WhatsApp group.,0
Hidden truth revealed: college is not what they tell you. Spread awareness now! Passed on from group admin.,0
EXCLUSIVE LEAKED INFO: result declaration is completely postponed. Share before it gets deleted! This is 100% real information.,0
"The Prof. Sharma, HOD Computer Science hereby informs students that seminar on cybersecurity is scheduled on 1st June 2026 in Computer Centre. Be present on time.",1
WARNING: If you attend annual function tomorrow you might administrative decision. Share to save people! Do not ignore this message.,0
Breaking news: Secret information about viva examination - they don't want you to know this! This is 100% real information.,0
"Prof. Sharma, HOD Computer Science: The timetable for alumni meet is now available on the college website. Check before 1st June 2026.",1
"Dear Students, The industrial visit scheduled for Tuesday 9AM will be held as per the original timetable in Room 204. — Department of Information Technology",1
Important: The venue for scholarship application has been changed to Computer Centre. All other details remain the same. — The Examination Controller,1
"Students of third year are reminded that library book submission is compulsory. Contact the office for any clarifications. — Dr. Mehta, Dean Academic Affairs",1
"The Prof. Sharma, HOD Computer Science hereby informs students that scholarship application is scheduled on Monday 10AM in Computer Centre. Be present on time.",1
"The Dr. Mehta, Dean Academic Affairs hereby informs students that sports meet is scheduled on Monday 10AM in Main Hall. Be present on time.",1
Hidden truth revealed: class is not what they tell you. Spread awareness now! Received from department WhatsApp group.,0
Hidden truth revealed: sports day is not what they tell you. Spread awareness now! This is 100% real information.,0
"Notice from Prof. Sharma, HOD Computer Science: end-semester examination registration is now open. Last date to apply is 20th May 2026.",1
"100% confirmed: college moved online. Don't ignore this, forward to everyone now! Do not ignore this message.",0
Notice: The industrial visit has been rescheduled to Monday 10AM at 9:30 AM. Please check the official portal for details. — The Examination Controller,1
"100% confirmed: viva examination moved online. Don't ignore this, forward to everyone now! Passed on from group admin.",0
"Dear Students, The practical examination scheduled for 15th May 2026 will be held as per the original timetable in Examination Hall. — Prof. Sharma, HOD Computer Science",1
WARNING: If you attend convocation tomorrow you might COVID protocol. Share to save people! Do not ignore this message.,0
"Dear Students, The mid-semester examination scheduled for Wednesday 2PM will be held as per the original timetable in Room 204. — The Registrar",1
WARNING: If you attend project submission tomorrow you might government order. Share to save people! Passed on from group admin.,0
"Update: sports meet originally scheduled for Friday 11AM stands confirmed. No changes have been made. — Dr. Mehta, Dean Academic Affairs",1
🚨🚨 ALERT: viva examination is suspended until further notice. Tell everyone ASAP! 🚨🚨 Do not ignore this message.,0
Official communication: project viva result will be declared on 15th May 2026. Check the official website for updates. — Principal's Office,1
This is to inform all students that end-semester examination will take place on 25th May 2026 as announced. Attendance is mandatory. — The Registrar,1
Hidden truth revealed: lab practical is not what they tell you. Spread awareness now! Do not ignore this message.,0
Breaking news: Secret information about college - they don't want you to know this! Received from department WhatsApp group.,0
The The Registrar hereby informs students that scholarship application is scheduled on 1st June 2026 in Computer Centre. Be present on time.,1
"100% confirmed: annual function rescheduled. Don't ignore this, forward to everyone now! Passed on from group admin.",0
"IMPORTANT MESSAGE: Due to staff absence, lab practical is now banned. Share immediately! Please verify and share.",0
"Last minute information: result declaration tomorrow is banned. Stay home, forward this message. This is 100% real information.",0
Hidden truth revealed: exam is not what they tell you. Spread awareness now! Please verify and share.,0
"100% confirmed: fest merged with another event. Don't ignore this, forward to everyone now! Passed on from group admin.",0
WARNING: If you attend sports day tomorrow you might COVID protocol. Share to save people! This is 100% real information.,0
This is to inform all students that industrial visit will take place on 20th May 2026 as announced. Attendance is mandatory. — Academic Section,1
"Notice: The project viva has been rescheduled to 1st June 2026 at 9:30 AM. Please check the official portal for details. — Prof. Sharma, HOD Computer Science",1
"IMPORTANT MESSAGE: Due to power failure, seminar is now delayed indefinitely. Share immediately! Do not ignore this message.",0
MUST SHARE!!! lab practical has been unexpectedly cancelled. All students must know NOW!!! Do not ignore this message.,0
"Last minute information: project submission tomorrow is called off. Stay home, forward this message. Please verify and share.",0
Don't attend convocation! It has been rescheduled due to security concerns. Spread the word! Do not ignore this message.,0
"IMPORTANT MESSAGE: Due to staff absence, seminar is now moved online. Share immediately! This is 100% real information.",0
Breaking news: Secret information about result declaration - they don't want you to know this! Received from department WhatsApp group.,0
Circular No. 418: fee payment will be held as per schedule on Wednesday 2PM. Carry your ID cards. — Academic Section,1
"Dear Students, The scholarship application scheduled for Friday 11AM will be held as per the original timetable in Seminar Hall. — Principal's Office",1
WARNING: If you attend result declaration tomorrow you might COVID protocol. Share to save people! Passed on from group admin.,0
"This is to inform all students that mid-semester examination will take place on Wednesday 2PM as announced. Attendance is mandatory. — Dr. Mehta, Dean Academic Affairs",1
Alert from higher authorities: project submission postponed with immediate effect. Share urgently! Passed on from group admin.,0
"Prof. Sharma, HOD Computer Science announces the commencement of workshop on machine learning from Friday 11AM. All students are requested to prepare accordingly.",1
Breaking news: Secret information about university event - they don't want you to know this! Received from department WhatsApp group.,0
Students are informed that workshop on machine learning will commence from Friday 11AM as per the academic calendar. — The Examination Controller,1
Students of first year are reminded that project viva is compulsory. Contact the office for any clarifications. — Academic Section,1
Notice from Department of Information Technology: fee payment registration is now open. Last date to apply is Monday 10AM.,1
Message from reliable source: result declaration cancelled without prior notice. Tell everyone. Do not ignore this message.,0
Reminder: project viva registration deadline is Friday 11AM. Visit the administrative office for further queries. — The Registrar,1
EXCLUSIVE LEAKED INFO: exam is completely delayed indefinitely. Share before it gets deleted! Do not ignore this message.,0
VIRAL: fest moved online - government trying to hide this. Share before its deleted! Passed on from group admin.,0
Important: The venue for scholarship application has been changed to Examination Hall. All other details remain the same. — The Registrar,1
"IMPORTANT MESSAGE: Due to unexpected maintenance, university event is now delayed indefinitely. Share immediately! This is 100% real information.",0
Notice from Student Affairs Office: library book submission registration is now open. Last date to apply is 25th May 2026.,1
"This is to inform all students that industrial visit will take place on 20th May 2026 as announced. Attendance is mandatory. — Dr. Mehta, Dean Academic Affairs",1
"IMPORTANT MESSAGE: Due to power failure, fest is now banned. Share immediately! This is 100% real information.",0
Important: The venue for convocation ceremony has been changed to Computer Centre. All other details remain the same. — Department of Information Technology,1
"Dear Students, The project viva scheduled for 1st June 2026 will be held as per the original timetable in Auditorium A. — Department of Information Technology",1
"Update: scholarship application originally scheduled for Monday 10AM stands confirmed. No changes have been made. — Dr. Mehta, Dean Academic Affairs",1
Update: alumni meet originally scheduled for Monday 10AM stands confirmed. No changes have been made. — Department of Information Technology,1
"Dr. Mehta, Dean Academic Affairs: The timetable for alumni meet is now available on the college website. Check before 15th May 2026.",1
BREAKING: exam postponed due to staff absence. Share with everyone immediately! Passed on from group admin.,0
Confirmed by insiders: project submission is merged with another event. The real reason will shock you! Do not ignore this message.,0
Students of all are reminded that fee payment is compulsory. Contact the office for any clarifications. — Principal's Office,1
Reminder: result declaration registration deadline is 1st June 2026. Visit the administrative office for further queries. — Academic Section,1
🚨🚨 ALERT: college is suspended until further notice. Tell everyone ASAP! 🚨🚨 This is 100% real information.,0
*Forwarded as received* result declaration will not happen tomorrow. Reliable source confirmed. Received from department WhatsApp group.,0
Students of final year are reminded that annual cultural fest is compulsory. Contact the office for any clarifications. — Department of Information Technology,1
Students are informed that scholarship application will commence from Tuesday 9AM as per the academic calendar. — Principal's Office,1
Shocking revelation: sports day is a complete fraud. Share this viral truth immediately! Do not ignore this message.,0
Don't attend fest! It has been delayed indefinitely due to power failure. Spread the word! Do not ignore this message.,0
The Academic Section hereby informs students that end-semester examination is scheduled on Friday 11AM in Auditorium A. Be present on time.,1
Reminder: alumni meet registration deadline is 1st June 2026. Visit the administrative office for further queries. — Academic Section,1
Hidden truth revealed: lab practical is not what they tell you. Spread awareness now! Passed on from group admin.,0
"Notice: The result declaration has been rescheduled to Wednesday 2PM at 11:00 AM. Please check the official portal for details. — Prof. Sharma, HOD Computer Science",1
Notice: The mid-semester examination has been rescheduled to Friday 11AM at 11:00 AM. Please check the official portal for details. — Department of Information Technology,1
URGENT!!! fest has been CANCELLED immediately. Forward this to all students NOW!!! Passed on from group admin.,0
"Academic Notice: practical examination will be conducted online via the college portal on 25th May 2026. — Prof. Sharma, HOD Computer Science",1
Hidden truth revealed: convocation is not what they tell you. Spread awareness now! Passed on from group admin.,0
Academic Section announces the commencement of scholarship application from 20th May 2026. All students are requested to prepare accordingly.,1
Confirmed by insiders: viva examination is delayed indefinitely. The real reason will shock you! Passed on from group admin.,0
You won't believe this! viva examination has been called off. The truth is shocking! Please verify and share.,0
Hidden truth revealed: class is not what they tell you. Spread awareness now! Passed on from group admin.,0
"Circular No. 305: fee payment will be held as per schedule on Wednesday 2PM. Carry your ID cards. — Dr. Mehta, Dean Academic Affairs",1
BREAKING: viva examination postponed due to administrative decision. Share with everyone immediately! Please verify and share.,0
Hidden truth revealed: result declaration is not what they tell you. Spread awareness now! Please verify and share.,0
Academic Notice: convocation ceremony will be conducted online via the college portal on Friday 11AM. — Student Affairs Office,1
Hidden truth revealed: project submission is not what they tell you. Spread awareness now! Passed on from group admin.,0
MUST SHARE!!! sports day has been unexpectedly cancelled. All students must know NOW!!! Do not ignore this message.,0
"This is to inform all students that convocation ceremony will take place on 1st June 2026 as announced. Attendance is mandatory. — Prof. Sharma, HOD Computer Science",1
Urgent warning: seminar is dangerous. Forward this to protect everyone you know. Passed on from group admin.,0
URGENT!!! lab practical has been CANCELLED immediately. Forward this to all students NOW!!! This is 100% real information.,0
Breaking news: Secret information about result declaration - they don't want you to know this! Received from department WhatsApp group.,0
The Principal's Office hereby informs students that alumni meet is scheduled on Wednesday 2PM in Examination Hall. Be present on time.,1
"Students of all are reminded that practical examination is compulsory. Contact the office for any clarifications. — Dr. Mehta, Dean Academic Affairs",1
Don't attend annual function! It has been merged with another event due to government order. Spread the word! Please verify and share.,0
VIRAL: project submission moved online - government trying to hide this. Share before its deleted! Do not ignore this message.,0
Alert from higher authorities: sports day delayed indefinitely with immediate effect. Share urgently! This is 100% real information.,0
You won't believe this! university event has been postponed. The truth is shocking! This is 100% real information.,0
"Circular No. 202: project viva will be held as per schedule on Monday 10AM. Carry your ID cards. — Prof. Sharma, HOD Computer Science",1
"Dear Students, The annual cultural fest scheduled for Friday 11AM will be held as per the original timetable in Examination Hall. — Department of Information Technology",1
You won't believe this! university event has been cancelled. The truth is shocking! Received from department WhatsApp group.,0
MUST SHARE!!! fest has been unexpectedly rescheduled. All students must know NOW!!! Passed on from group admin.,0
Students are informed that industrial visit will commence from 25th May 2026 as per the academic calendar. — Principal's Office,1
"Important: The venue for library book submission has been changed to Lab Block 3. All other details remain the same. — Dr. Mehta, Dean Academic Affairs",1
This is to inform all students that sports meet will take place on Monday 10AM as announced. Attendance is mandatory. — Student Affairs Office,1
MUST SHARE!!! exam has been unexpectedly moved online. All students must know NOW!!! Passed on from group admin.,0
URGENT!!! university event has been CANCELLED immediately. Forward this to all students NOW!!! Do not ignore this message.,0
BREAKING: exam postponed due to unexpected maintenance. Share with everyone immediately! Please verify and share.,0
"Important: The venue for workshop on machine learning has been changed to Computer Centre. All other details remain the same. — Prof. Sharma, HOD Computer Science",1
Update: practical examination originally scheduled for 1st June 2026 stands confirmed. No changes have been made. — Department of Information Technology,1
Circular No. 418: sports meet will be held as per schedule on Tuesday 9AM. Carry your ID cards. — The Registrar,1
This is to inform all students that annual cultural fest will take place on Wednesday 2PM as announced. Attendance is mandatory. — The Examination Controller,1
VIRAL: lab practical merged with another event - government trying to hide this. Share before its deleted! Passed on from group admin.,0
VIRAL: seminar suspended - government trying to hide this. Share before its deleted! Passed on from group admin.,0
"100% confirmed: annual function banned. Don't ignore this, forward to everyone now! Please verify and share.",0
"IMPORTANT MESSAGE: Due to water shortage, convocation is now moved online. Share immediately! This is 100% real information.",0
Student Affairs Office: The timetable for sports meet is now available on the college website. Check before 15th May 2026.,1
Don't attend sports day! It has been delayed indefinitely due to power failure. Spread the word! Passed on from group admin.,0
"IMPORTANT MESSAGE: Due to staff absence, university event is now postponed. Share immediately! Do not ignore this message.",0
WARNING: If you attend seminar tomorrow you might security concerns. Share to save people! Do not ignore this message.,0
Academic Notice: end-semester examination will be conducted online via the college portal on Tuesday 9AM. — Student Affairs Office,1
Shocking revelation: university event is a complete fraud. Share this viral truth immediately! Please verify and share.,0
"Last minute information: college tomorrow is delayed indefinitely. Stay home, forward this message. Do not ignore this message.",0
Students of second year are reminded that annual cultural fest is compulsory. Contact the office for any clarifications. — The Examination Controller,1
"Students are informed that fee payment will commence from Tuesday 9AM as per the academic calendar. — Prof. Sharma, HOD Computer Science",1
"Notice: The fee payment has been rescheduled to 20th May 2026 at 9:30 AM. Please check the official portal for details. — Prof. Sharma, HOD Computer Science",1
Official communication: practical examination result will be declared on 20th May 2026. Check the official website for updates. — Department of Information Technology,1
"Dear Students, The practical examination scheduled for 1st June 2026 will be held as per the original timetable in Auditorium A. — Student Affairs Office",1
"Official communication: practical examination result will be declared on Wednesday 2PM. Check the official website for updates. — Prof. Sharma, HOD Computer Science",1
*Forwarded as received* project submission will not happen tomorrow. Reliable source confirmed. This is 100% real information.,0
Notice from The Registrar: scholarship application registration is now open. Last date to apply is 1st June 2026.,1
Students of third year are reminded that practical examination is compulsory. Contact the office for any clarifications. — Department of Information Technology,1
Hidden truth revealed: convocation is not what they tell you. Spread awareness now! Passed on from group admin.,0
Confirmed by insiders: seminar is merged with another event. The real reason will shock you! Received from department WhatsApp group.,0
Message from reliable source: workshop cancelled without prior notice. Tell everyone. Please verify and share.,0
"Students are informed that practical examination will commence from 25th May 2026 as per the academic calendar. — Dr. Mehta, Dean Academic Affairs",1
EXCLUSIVE LEAKED INFO: project submission is completely moved online. Share before it gets deleted! Received from department WhatsApp group.,0
This is to inform all students that convocation ceremony will take place on 20th May 2026 as announced. Attendance is mandatory. — Academic Section,1
Confirmed by insiders: convocation is moved online. The real reason will shock you! Received from department WhatsApp group.,0
"Students of final year are reminded that sports meet is compulsory. Contact the office for any clarifications. — Prof. Sharma, HOD Computer Science",1
WARNING: If you attend seminar tomorrow you might staff absence. Share to save people! Received from department WhatsApp group.,0
MUST SHARE!!! result declaration has been unexpectedly cancelled. All students must know NOW!!! Received from department WhatsApp group.,0
"Update: fee payment originally scheduled for Monday 10AM stands confirmed. No changes have been made. — Dr. Mehta, Dean Academic Affairs",1
Urgent warning: sports day is dangerous. Forward this to protect everyone you know. Passed on from group admin.,0
Principal's Office announces the commencement of result declaration from 15th May 2026. All students are requested to prepare accordingly.,1
"Students of all are reminded that annual cultural fest is compulsory. Contact the office for any clarifications. — Dr. Mehta, Dean Academic Affairs",1
Students of second year are reminded that sports meet is compulsory. Contact the office for any clarifications. — The Examination Controller,1
"Prof. Sharma, HOD Computer Science: The timetable for workshop on machine learning is now available on the college website. Check before Wednesday 2PM.",1
"Update: convocation ceremony originally scheduled for 1st June 2026 stands confirmed. No changes have been made. — Prof. Sharma, HOD Computer Science",1
Urgent warning: lab practical is dangerous. Forward this to protect everyone you know. This is 100% real information.,0
Important: The venue for convocation ceremony has been changed to Computer Centre. All other details remain the same. — Principal's Office,1
Update: scholarship application originally scheduled for Monday 10AM stands confirmed. No changes have been made. — Principal's Office,1
"Last minute information: lab practical tomorrow is called off. Stay home, forward this message. Received from department WhatsApp group.",0
The Registrar: The timetable for end-semester examination is now available on the college website. Check before 1st June 2026.,1
Hidden truth revealed: project submission is not what they tell you. Spread awareness now! Please verify and share.,0
🚨🚨 ALERT: project submission is suspended until further notice. Tell everyone ASAP! 🚨🚨 Received from department WhatsApp group.,0
MUST SHARE!!! viva examination has been unexpectedly called off. All students must know NOW!!! Passed on from group admin.,0
"Important: The venue for end-semester examination has been changed to Lab Block 3. All other details remain the same. — Prof. Sharma, HOD Computer Science",1
🚨🚨 ALERT: college is suspended until further notice. Tell everyone ASAP! 🚨🚨 Received from department WhatsApp group.,0
Hidden truth revealed: class is not what they tell you. Spread awareness now! This is 100% real information.,0
You won't believe this! class has been cancelled. The truth is shocking! Received from department WhatsApp group.,0
EXCLUSIVE LEAKED INFO: workshop is completely merged with another event. Share before it gets deleted! Please verify and share.,0
Official communication: end-semester examination result will be declared on 15th May 2026. Check the official website for updates. — The Examination Controller,1
Notice from The Examination Controller: scholarship application registration is now open. Last date to apply is Monday 10AM.,1
Confirmed by insiders: viva examination is moved online. The real reason will shock you! This is 100% real information.,0
This is to inform all students that seminar on cybersecurity will take place on 1st June 2026 as announced. Attendance is mandatory. — Department of Information Technology,1
Update: library book submission originally scheduled for 1st June 2026 stands confirmed. No changes have been made. — Student Affairs Office,1
You won't believe this! annual function has been called off. The truth is shocking! Please verify and share.,0
"Dr. Mehta, Dean Academic Affairs: The timetable for project viva is now available on the college website. Check before 20th May 2026.",1
Update: industrial visit originally scheduled for 25th May 2026 stands confirmed. No changes have been made. — The Examination Controller,1
Don't attend annual function! It has been merged with another event due to administrative decision. Spread the word! This is 100% real information.,0
Don't attend university event! It has been delayed indefinitely due to unexpected maintenance. Spread the word! This is 100% real information.,0
Confirmed by insiders: convocation is postponed. The real reason will shock you! Received from department WhatsApp group.,0
*Forwarded as received* seminar will not happen tomorrow. Reliable source confirmed. Do not ignore this message.,0
Academic Notice: library book submission will be conducted online via the college portal on Monday 10AM. — Student Affairs Office,1
Important: The venue for annual cultural fest has been changed to Auditorium A. All other details remain the same. — Student Affairs Office,1
"Academic Notice: mid-semester examination will be conducted online via the college portal on Friday 11AM. — Prof. Sharma, HOD Computer Science",1
Students of all are reminded that project viva is compulsory. Contact the office for any clarifications. — Academic Section,1
EXCLUSIVE LEAKED INFO: college is completely called off. Share before it gets deleted! Please verify and share.,0
You won't believe this! workshop has been cancelled. The truth is shocking! Passed on from group admin.,0
"Notice from Dr. Mehta, Dean Academic Affairs: fee payment registration is now open. Last date to apply is 20th May 2026.",1
Confirmed by insiders: exam is cancelled. The real reason will shock you! Do not ignore this message.,0
WARNING: If you attend sports day tomorrow you might safety hazard. Share to save people! Please verify and share.,0
"IMPORTANT MESSAGE: Due to administrative decision, lab practical is now banned. Share immediately! Please verify and share.",0
The Academic Section hereby informs students that workshop on machine learning is scheduled on Monday 10AM in Main Hall. Be present on time.,1
Academic Notice: alumni meet will be conducted online via the college portal on Tuesday 9AM. — The Examination Controller,1
URGENT!!! class has been CANCELLED immediately. Forward this to all students NOW!!! Received from department WhatsApp group.,0
Alert from higher authorities: class postponed with immediate effect. Share urgently! Passed on from group admin.,0
Students are informed that annual cultural fest will commence from 20th May 2026 as per the academic calendar. — The Examination Controller,1
EXCLUSIVE LEAKED INFO: seminar is completely rescheduled. Share before it gets deleted! Please verify and share.,0
Message from reliable source: fest cancelled without prior notice. Tell everyone. Received from department WhatsApp group.,0
WARNING: If you attend annual function tomorrow you might COVID protocol. Share to save people! This is 100% real information.,0
Official communication: sports meet result will be declared on Tuesday 9AM. Check the official website for updates. — The Examination Controller,1
The Examination Controller: The timetable for convocation ceremony is now available on the college website. Check before 1st June 2026.,1
"100% confirmed: exam postponed. Don't ignore this, forward to everyone now! This is 100% real information.",0
"Dr. Mehta, Dean Academic Affairs: The timetable for project viva is now available on the college website. Check before Monday 10AM.",1
Principal's Office announces the commencement of fee payment from 15th May 2026. All students are requested to prepare accordingly.,1
Notice: The result declaration has been rescheduled to 25th May 2026 at 10:00 AM. Please check the official portal for details. — Department of Information Technology,1
"Academic Notice: mid-semester examination will be conducted online via the college portal on Monday 10AM. — Prof. Sharma, HOD Computer Science",1
Shocking revelation: project submission is a complete fraud. Share this viral truth immediately! Received from department WhatsApp group.,0
Don't attend convocation! It has been merged with another event due to technical issues. Spread the word! Passed on from group admin.,0
BREAKING: college postponed due to security concerns. Share with everyone immediately! This is 100% real information.,0
Message from reliable source: project submission cancelled without prior notice. Tell everyone. Please verify and share.,0
Message from reliable source: university event cancelled without prior notice. Tell everyone. This is 100% real information.,0
BREAKING: result declaration postponed due to technical issues. Share with everyone immediately! Passed on from group admin.,0
"Dear Students, The mid-semester examination scheduled for Friday 11AM will be held as per the original timetable in Main Hall. — The Registrar",1
VIRAL: viva examination rescheduled - government trying to hide this. Share before its deleted! Do not ignore this message.,0
"IMPORTANT MESSAGE: Due to water shortage, exam is now called off. Share immediately! This is 100% real information.",0
"Last minute information: annual function tomorrow is rescheduled. Stay home, forward this message. This is 100% real information.",0
"Circular No. 305: result declaration will be held as per schedule on Monday 10AM. Carry your ID cards. — Prof. Sharma, HOD Computer Science",1
Reminder: result declaration registration deadline is 15th May 2026. Visit the administrative office for further queries. — The Registrar,1
"Prof. Sharma, HOD Computer Science: The timetable for library book submission is now available on the college website. Check before 20th May 2026.",1
This is to inform all students that fee payment will take place on 15th May 2026 as announced. Attendance is mandatory. — Department of Information Technology,1
BREAKING: workshop postponed due to administrative decision. Share with everyone immediately! Passed on from group admin.,0
Circular No. 101: end-semester examination will be held as per schedule on 25th May 2026. Carry your ID cards. — The Examination Controller,1
"This is to inform all students that fee payment will take place on Monday 10AM as announced. Attendance is mandatory. — Prof. Sharma, HOD Computer Science",1
VIRAL: university event postponed - government trying to hide this. Share before its deleted! Passed on from group admin.,0
You won't believe this! sports day has been delayed indefinitely. The truth is shocking! Received from department WhatsApp group.,0
Notice: The scholarship application has been rescheduled to Monday 10AM at 11:00 AM. Please check the official portal for details. — The Registrar,1
"Notice from Dr. Mehta, Dean Academic Affairs: convocation ceremony registration is now open. Last date to apply is 25th May 2026.",1
Hidden truth revealed: exam is not what they tell you. Spread awareness now! Do not ignore this message.,0
Shocking revelation: seminar is a complete fraud. Share this viral truth immediately! Received from department WhatsApp group.,0
The Registrar: The timetable for industrial visit is now available on the college website. Check before 15th May 2026.,1
Alert from higher authorities: fest rescheduled with immediate effect. Share urgently! Do not ignore this message.,0
Academic Section: The timetable for end-semester examination is now available on the college website. Check before Friday 11AM.,1
"Dear Students, The alumni meet scheduled for Tuesday 9AM will be held as per the original timetable in Computer Centre. — Principal's Office",1
"Academic Notice: fee payment will be conducted online via the college portal on 25th May 2026. — Dr. Mehta, Dean Academic Affairs",1
Reminder: annual cultural fest registration deadline is 20th May 2026. Visit the administrative office for further queries. — Academic Section,1
VIRAL: annual function called off - government trying to hide this. Share before its deleted! Received from department WhatsApp group.,0
"Notice from Prof. Sharma, HOD Computer Science: workshop on machine learning registration is now open. Last date to apply is 15th May 2026.",1
"Notice: The project viva has been rescheduled to 1st June 2026 at 10:00 AM. Please check the official portal for details. — Dr. Mehta, Dean Academic Affairs",1
Confirmed by insiders: lab practical is postponed. The real reason will shock you! Do not ignore this message.,0
The The Registrar hereby informs students that mid-semester examination is scheduled on Monday 10AM in Seminar Hall. Be present on time.,1
"Dear Students, The annual cultural fest scheduled for Friday 11AM will be held as per the original timetable in Room 204. — Prof. Sharma, HOD Computer Science",1
Circular No. 305: fee payment will be held as per schedule on 1st June 2026. Carry your ID cards. — The Examination Controller,1
"Dear Students, The annual cultural fest scheduled for 15th May 2026 will be held as per the original timetable in Room 204. — The Registrar",1
Academic Notice: workshop on machine learning will be conducted online via the college portal on 15th May 2026. — The Registrar,1
VIRAL: lab practical called off - government trying to hide this. Share before its deleted! Please verify and share.,0
Important: The venue for mid-semester examination has been changed to Lab Block 3. All other details remain the same. — Principal's Office,1
Department of Information Technology announces the commencement of convocation ceremony from 25th May 2026. All students are requested to prepare accordingly.,1
You won't believe this! fest has been delayed indefinitely. The truth is shocking! Received from department WhatsApp group.,0
Hidden truth revealed: fest is not what they tell you. Spread awareness now! Please verify and share.,0
"The Prof. Sharma, HOD Computer Science hereby informs students that seminar on cybersecurity is scheduled on Friday 11AM in Examination Hall. Be present on time.",1
Academic Notice: practical examination will be conducted online via the college portal on 1st June 2026. — Principal's Office,1
"Students are informed that library book submission will commence from Monday 10AM as per the academic calendar. — Dr. Mehta, Dean Academic Affairs",1
Notice from Academic Section: project viva registration is now open. Last date to apply is Wednesday 2PM.,1
The Examination Controller announces the commencement of convocation ceremony from 20th May 2026. All students are requested to prepare accordingly.,1
Alert from higher authorities: college called off with immediate effect. Share urgently! Do not ignore this message.,0
You won't believe this! workshop has been suspended. The truth is shocking! Do not ignore this message.,0
Students of third year are reminded that practical examination is compulsory. Contact the office for any clarifications. — Department of Information Technology,1
"Notice from Dr. Mehta, Dean Academic Affairs: alumni meet registration is now open. Last date to apply is 20th May 2026.",1
Notice from The Examination Controller: library book submission registration is now open. Last date to apply is 20th May 2026.,1
EXCLUSIVE LEAKED INFO: class is completely cancelled. Share before it gets deleted! Do not ignore this message.,0
Important: The venue for result declaration has been changed to Seminar Hall. All other details remain the same. — Academic Section,1
Hidden truth revealed: result declaration is not what they tell you. Spread awareness now! Please verify and share.,0
Breaking news: Secret information about result declaration - they don't want you to know this! This is 100% real information.,0
Update: alumni meet originally scheduled for 1st June 2026 stands confirmed. No changes have been made. — Department of Information Technology,1
"Prof. Sharma, HOD Computer Science: The timetable for practical examination is now available on the college website. Check before 1st June 2026.",1
Alert from higher authorities: annual function called off with immediate effect. Share urgently! Received from department WhatsApp group.,0
"Dr. Mehta, Dean Academic Affairs announces the commencement of scholarship application from Friday 11AM. All students are requested to prepare accordingly.",1
Academic Notice: convocation ceremony will be conducted online via the college portal on 1st June 2026. — The Examination Controller,1
"Dear Students, The alumni meet scheduled for 15th May 2026 will be held as per the original timetable in Auditorium A. — Academic Section",1
URGENT!!! result declaration has been CANCELLED immediately. Forward this to all students NOW!!! Please verify and share.,0
"Update: fee payment originally scheduled for Tuesday 9AM stands confirmed. No changes have been made. — Prof. Sharma, HOD Computer Science",1
"Dear Students, The fee payment scheduled for Monday 10AM will be held as per the original timetable in Seminar Hall. — Academic Section",1
Don't attend annual function! It has been banned due to staff absence. Spread the word! Received from department WhatsApp group.,0
BREAKING: seminar postponed due to administrative decision. Share with everyone immediately! Please verify and share.,0
Shocking revelation: result declaration is a complete fraud. Share this viral truth immediately! Received from department WhatsApp group.,0
Academic Notice: mid-semester examination will be conducted online via the college portal on Monday 10AM. — Academic Section,1
Official communication: practical examination result will be declared on 15th May 2026. Check the official website for updates. — The Examination Controller,1
"Academic Notice: alumni meet will be conducted online via the college portal on Tuesday 9AM. — Prof. Sharma, HOD Computer Science",1
Official communication: annual cultural fest result will be declared on 15th May 2026. Check the official website for updates. — Student Affairs Office,1
"100% confirmed: project submission postponed. Don't ignore this, forward to everyone now! Received from department WhatsApp group.",0
"Last minute information: seminar tomorrow is delayed indefinitely. Stay home, forward this message. Do not ignore this message.",0
Alert from higher authorities: workshop moved online with immediate effect. Share urgently! Passed on from group admin.,0
Message from reliable source: class cancelled without prior notice. Tell everyone. Please verify and share.,0
MUST SHARE!!! seminar has been unexpectedly rescheduled. All students must know NOW!!! Received from department WhatsApp group.,0
WARNING: If you attend class tomorrow you might government order. Share to save people! Received from department WhatsApp group.,0
🚨🚨 ALERT: result declaration is suspended until further notice. Tell everyone ASAP! 🚨🚨 Passed on from group admin.,0
VIRAL: workshop moved online - government trying to hide this. Share before its deleted! Passed on from group admin.,0
BREAKING: workshop postponed due to technical issues. Share with everyone immediately! This is 100% real information.,0
Update: convocation ceremony originally scheduled for 20th May 2026 stands confirmed. No changes have been made. — Academic Section,1
This is to inform all students that end-semester examination will take place on 15th May 2026 as announced. Attendance is mandatory. — Department of Information Technology,1
Circular No. 202: fee payment will be held as per schedule on Wednesday 2PM. Carry your ID cards. — Academic Section,1
You won't believe this! viva examination has been delayed indefinitely. The truth is shocking! Please verify and share.,0
Don't attend class! It has been cancelled due to COVID protocol. Spread the word! This is 100% real information.,0
"100% confirmed: lab practical banned. Don't ignore this, forward to everyone now! Received from department WhatsApp group.",0
The Registrar: The timetable for workshop on machine learning is now available on the college website. Check before 1st June 2026.,1
"Last minute information: annual function tomorrow is rescheduled. Stay home, forward this message. Passed on from group admin.",0
BREAKING: sports day postponed due to administrative decision. Share with everyone immediately! Do not ignore this message.,0
The Examination Controller: The timetable for workshop on machine learning is now available on the college website. Check before 1st June 2026.,1
Academic Notice: alumni meet will be conducted online via the college portal on Wednesday 2PM. — Academic Section,1
Confirmed by insiders: seminar is called off. The real reason will shock you! Do not ignore this message.,0
"The Dr. Mehta, Dean Academic Affairs hereby informs students that practical examination is scheduled on Friday 11AM in Auditorium A. Be present on time.",1
Official communication: alumni meet result will be declared on Friday 11AM. Check the official website for updates. — Principal's Office,1
EXCLUSIVE LEAKED INFO: college is completely rescheduled. Share before it gets deleted! This is 100% real information.,0
"Dear Students, The sports meet scheduled for 1st June 2026 will be held as per the original timetable in Room 204. — Dr. Mehta, Dean Academic Affairs",1
VIRAL: result declaration postponed - government trying to hide this. Share before its deleted! Received from department WhatsApp group.,0
You won't believe this! workshop has been rescheduled. The truth is shocking! Please verify and share.,0
Shocking revelation: college is a complete fraud. Share this viral truth immediately! Received from department WhatsApp group.,0
"IMPORTANT MESSAGE: Due to government order, college is now suspended. Share immediately! This is 100% real information.",0
MUST SHARE!!! annual function has been unexpectedly called off. All students must know NOW!!! Do not ignore this message.,0
WARNING: If you attend convocation tomorrow you might safety hazard. Share to save people! Do not ignore this message.,0
Official communication: result declaration result will be declared on Wednesday 2PM. Check the official website for updates. — Academic Section,1
Urgent warning: annual function is dangerous. Forward this to protect everyone you know. Received from department WhatsApp group.,0
WARNING: If you attend workshop tomorrow you might water shortage. Share to save people! Please verify and share.,0
Official communication: library book submission result will be declared on 1st June 2026. Check the official website for updates. — Principal's Office,1
"Circular No. 305: industrial visit will be held as per schedule on 20th May 2026. Carry your ID cards. — Dr. Mehta, Dean Academic Affairs",1
MUST SHARE!!! university event has been unexpectedly postponed. All students must know NOW!!! Passed on from group admin.,0
BREAKING: exam postponed due to unexpected maintenance. Share with everyone immediately! Do not ignore this message.,0
You won't believe this! exam has been merged with another event. The truth is shocking! Passed on from group admin.,0
"Dear Students, The mid-semester examination scheduled for 20th May 2026 will be held as per the original timetable in Room 204. — Dr. Mehta, Dean Academic Affairs",1
VIRAL: annual function delayed indefinitely - government trying to hide this. Share before its deleted! Received from department WhatsApp group.,0
Notice from Academic Section: scholarship application registration is now open. Last date to apply is 20th May 2026.,1
MUST SHARE!!! university event has been unexpectedly called off. All students must know NOW!!! This is 100% real information.,0
Academic Notice: result declaration will be conducted online via the college portal on 15th May 2026. — The Examination Controller,1
Official communication: end-semester examination result will be declared on Friday 11AM. Check the official website for updates. — Principal's Office,1
"Academic Notice: sports meet will be conducted online via the college portal on Wednesday 2PM. — Prof. Sharma, HOD Computer Science",1
"100% confirmed: sports day merged with another event. Don't ignore this, forward to everyone now! Passed on from group admin.",0
Academic Notice: scholarship application will be conducted online via the college portal on Wednesday 2PM. — Student Affairs Office,1
Circular No. 202: sports meet will be held as per schedule on Monday 10AM. Carry your ID cards. — Department of Information Technology,1
BREAKING: university event postponed due to security concerns. Share with everyone immediately! Received from department WhatsApp group.,0
"The Dr. Mehta, Dean Academic Affairs hereby informs students that scholarship application is scheduled on 15th May 2026 in Examination Hall. Be present on time.",1
Circular No. 101: library book submission will be held as per schedule on Monday 10AM. Carry your ID cards. — The Examination Controller,1
Circular No. 523: mid-semester examination will be held as per schedule on 20th May 2026. Carry your ID cards. — Academic Section,1
MUST SHARE!!! lab practical has been unexpectedly called off. All students must know NOW!!! Passed on from group admin.,0
The Principal's Office hereby informs students that fee payment is scheduled on Wednesday 2PM in Computer Centre. Be present on time.,1
Alert from higher authorities: seminar banned with immediate effect. Share urgently! Please verify and share.,0
You won't believe this! workshop has been cancelled. The truth is shocking! Do not ignore this message.,0
"Important: The venue for annual cultural fest has been changed to Room 204. All other details remain the same. — Dr. Mehta, Dean Academic Affairs",1
Reminder: end-semester examination registration deadline is Friday 11AM. Visit the administrative office for further queries. — The Registrar,1
Update: fee payment originally scheduled for Monday 10AM stands confirmed. No changes have been made. — The Examination Controller,1
EXCLUSIVE LEAKED INFO: fest is completely merged with another event. Share before it gets deleted! Do not ignore this message.,0
*Forwarded as received* convocation will not happen tomorrow. Reliable source confirmed. Do not ignore this message.,0
EXCLUSIVE LEAKED INFO: university event is completely banned. Share before it gets deleted! Received from department WhatsApp group.,0
"Academic Notice: practical examination will be conducted online via the college portal on Tuesday 9AM. — Prof. Sharma, HOD Computer Science",1
"100% confirmed: college delayed indefinitely. Don't ignore this, forward to everyone now! This is 100% real information.",0
Confirmed by insiders: fest is rescheduled. The real reason will shock you! Received from department WhatsApp group.,0
You won't believe this! class has been merged with another event. The truth is shocking! Do not ignore this message.,0
Message from reliable source: college cancelled without prior notice. Tell everyone. This is 100% real information.,0
Department of Information Technology announces the commencement of alumni meet from Friday 11AM. All students are requested to prepare accordingly.,1
Notice: The library book submission has been rescheduled to 15th May 2026 at 11:00 AM. Please check the official portal for details. — Principal's Office,1
"100% confirmed: viva examination merged with another event. Don't ignore this, forward to everyone now! Do not ignore this message.",0
"Notice from Prof. Sharma, HOD Computer Science: seminar on cybersecurity registration is now open. Last date to apply is Monday 10AM.",1
"Dr. Mehta, Dean Academic Affairs announces the commencement of alumni meet from 15th May 2026. All students are requested to prepare accordingly.",1
Notice from The Examination Controller: end-semester examination registration is now open. Last date to apply is Friday 11AM.,1
Don't attend result declaration! It has been postponed due to security concerns. Spread the word! This is 100% real information.,0
Academic Notice: workshop on machine learning will be conducted online via the college portal on 15th May 2026. — Student Affairs Office,1
Update: industrial visit originally scheduled for 1st June 2026 stands confirmed. No changes have been made. — Academic Section,1
You won't believe this! university event has been merged with another event. The truth is shocking! Passed on from group admin.,0
Students are informed that convocation ceremony will commence from 15th May 2026 as per the academic calendar. — The Registrar,1
URGENT!!! sports day has been CANCELLED immediately. Forward this to all students NOW!!! Please verify and share.,0
The Examination Controller announces the commencement of fee payment from Tuesday 9AM. All students are requested to prepare accordingly.,1
"IMPORTANT MESSAGE: Due to unexpected maintenance, exam is now rescheduled. Share immediately! This is 100% real information.",0
Hidden truth revealed: project submission is not what they tell you. Spread awareness now! Passed on from group admin.,0
Urgent warning: fest is dangerous. Forward this to protect everyone you know. Received from department WhatsApp group.,0
You won't believe this! project submission has been banned. The truth is shocking! Passed on from group admin.,0
Update: practical examination originally scheduled for Monday 10AM stands confirmed. No changes have been made. — Student Affairs Office,1
"IMPORTANT MESSAGE: Due to technical issues, class is now moved online. Share immediately! Please verify and share.",0
Students of second year are reminded that mid-semester examination is compulsory. Contact the office for any clarifications. — The Examination Controller,1
VIRAL: result declaration rescheduled - government trying to hide this. Share before its deleted! Passed on from group admin.,0
Official communication: workshop on machine learning result will be declared on Friday 11AM. Check the official website for updates. — The Registrar,1
Breaking news: Secret information about result declaration - they don't want you to know this! Passed on from group admin.,0
You won't believe this! exam has been moved online. The truth is shocking! Received from department WhatsApp group.,0
Don't attend class! It has been called off due to unexpected maintenance. Spread the word! Please verify and share.,0
"IMPORTANT MESSAGE: Due to technical issues, seminar is now delayed indefinitely. Share immediately! This is 100% real information.",0
Academic Notice: project viva will be conducted online via the college portal on 20th May 2026. — Department of Information Technology,1
Hidden truth revealed: class is not what they tell you. Spread awareness now! Please verify and share.,0
EXCLUSIVE LEAKED INFO: lab practical is completely postponed. Share before it gets deleted! Received from department WhatsApp group.,0
Confirmed by insiders: college is suspended. The real reason will shock you! Please verify and share.,0
Update: result declaration originally scheduled for Tuesday 9AM stands confirmed. No changes have been made. — Student Affairs Office,1
Official communication: alumni meet result will be declared on 15th May 2026. Check the official website for updates. — The Registrar,1
"IMPORTANT MESSAGE: Due to water shortage, annual function is now moved online. Share immediately! Received from department WhatsApp group.",0
"Prof. Sharma, HOD Computer Science: The timetable for result declaration is now available on the college website. Check before Wednesday 2PM.",1
Academic Notice: industrial visit will be conducted online via the college portal on 15th May 2026. — Principal's Office,1
🚨🚨 ALERT: seminar is suspended until further notice. Tell everyone ASAP! 🚨🚨 Please verify and share.,0
"Dear Students, The end-semester examination scheduled for Tuesday 9AM will be held as per the original timetable in Main Hall. — Prof. Sharma, HOD Computer Science",1
Important: The venue for project viva has been changed to Main Hall. All other details remain the same. — Principal's Office,1
Reminder: library book submission registration deadline is Wednesday 2PM. Visit the administrative office for further queries. — Student Affairs Office,1
The The Examination Controller hereby informs students that project viva is scheduled on 15th May 2026 in Room 204. Be present on time.,1
The Registrar: The timetable for workshop on machine learning is now available on the college website. Check before 1st June 2026.,1
Shocking revelation: project submission is a complete fraud. Share this viral truth immediately! Do not ignore this message.,0
Academic Notice: mid-semester examination will be conducted online via the college portal on 20th May 2026. — Student Affairs Office,1
Official communication: workshop on machine learning result will be declared on Friday 11AM. Check the official website for updates. — Department of Information Technology,1
MUST SHARE!!! workshop has been unexpectedly rescheduled. All students must know NOW!!! Passed on from group admin.,0
Update: project viva originally scheduled for 20th May 2026 stands confirmed. No changes have been made. — Principal's Office,1
Department of Information Technology: The timetable for practical examination is now available on the college website. Check before 15th May 2026.,1
Urgent warning: seminar is dangerous. Forward this to protect everyone you know. This is 100% real information.,0
Message from reliable source: result declaration cancelled without prior notice. Tell everyone. Passed on from group admin.,0
Academic Notice: mid-semester examination will be conducted online via the college portal on Friday 11AM. — The Examination Controller,1
Notice from The Registrar: practical examination registration is now open. Last date to apply is Monday 10AM.,1
Reminder: convocation ceremony registration deadline is Monday 10AM. Visit the administrative office for further queries. — Academic Section,1
Urgent warning: project submission is dangerous. Forward this to protect everyone you know. Please verify and share.,0
"IMPORTANT MESSAGE: Due to security concerns, lab practical is now cancelled. Share immediately! Do not ignore this message.",0
"Update: project viva originally scheduled for Friday 11AM stands confirmed. No changes have been made. — Prof. Sharma, HOD Computer Science",1
🚨🚨 ALERT: class is suspended until further notice. Tell everyone ASAP! 🚨🚨 Received from department WhatsApp group.,0
EXCLUSIVE LEAKED INFO: lab practical is completely suspended. Share before it gets deleted! Passed on from group admin.,0
Confirmed by insiders: sports day is delayed indefinitely. The real reason will shock you! Received from department WhatsApp group.,0
WARNING: If you attend viva examination tomorrow you might technical issues. Share to save people! Please verify and share.,0
Notice: The workshop on machine learning has been rescheduled to Wednesday 2PM at 9:30 AM. Please check the official portal for details. — Academic Section,1
Reminder: sports meet registration deadline is 25th May 2026. Visit the administrative office for further queries. — The Examination Controller,1
🚨🚨 ALERT: exam is suspended until further notice. Tell everyone ASAP! 🚨🚨 Passed on from group admin.,0
"Prof. Sharma, HOD Computer Science: The timetable for scholarship application is now available on the college website. Check before Monday 10AM.",1
BREAKING: seminar postponed due to administrative decision. Share with everyone immediately! This is 100% real information.,0
Urgent warning: university event is dangerous. Forward this to protect everyone you know. Do not ignore this message.,0
WARNING: If you attend class tomorrow you might unexpected maintenance. Share to save people! This is 100% real information.,0
"Last minute information: viva examination tomorrow is suspended. Stay home, forward this message. Received from department WhatsApp group.",0
Academic Notice: alumni meet will be conducted online via the college portal on 1st June 2026. — Academic Section,1
Urgent warning: class is dangerous. Forward this to protect everyone you know. Please verify and share.,0
Shocking revelation: fest is a complete fraud. Share this viral truth immediately! This is 100% real information.,0
URGENT!!! college has been CANCELLED immediately. Forward this to all students NOW!!! Received from department WhatsApp group.,0
"Prof. Sharma, HOD Computer Science announces the commencement of library book submission from Wednesday 2PM. All students are requested to prepare accordingly.",1
"Academic Notice: annual cultural fest will be conducted online via the college portal on 25th May 2026. — Dr. Mehta, Dean Academic Affairs",1
Reminder: sports meet registration deadline is 25th May 2026. Visit the administrative office for further queries. — Academic Section,1
"Important: The venue for convocation ceremony has been changed to Computer Centre. All other details remain the same. — Dr. Mehta, Dean Academic Affairs",1
🚨🚨 ALERT: university event is suspended until further notice. Tell everyone ASAP! 🚨🚨 Received from department WhatsApp group.,0
Message from reliable source: seminar cancelled without prior notice. Tell everyone. Please verify and share.,0
You won't believe this! sports day has been postponed. The truth is shocking! Please verify and share.,0
Alert from higher authorities: result declaration cancelled with immediate effect. Share urgently! Do not ignore this message.,0
The The Registrar hereby informs students that convocation ceremony is scheduled on Monday 10AM in Lab Block 3. Be present on time.,1
VIRAL: result declaration merged with another event - government trying to hide this. Share before its deleted! This is 100% real information.,0
This is to inform all students that result declaration will take place on 15th May 2026 as announced. Attendance is mandatory. — Student Affairs Office,1
The The Registrar hereby informs students that workshop on machine learning is scheduled on 20th May 2026 in Main Hall. Be present on time.,1
Hidden truth revealed: university event is not what they tell you. Spread awareness now! Do not ignore this message.,0
*Forwarded as received* workshop will not happen tomorrow. Reliable source confirmed. Received from department WhatsApp group.,0
Breaking news: Secret information about sports day - they don't want you to know this! Please verify and share.,0
Students of third year are reminded that result declaration is compulsory. Contact the office for any clarifications. — Principal's Office,1
"IMPORTANT MESSAGE: Due to water shortage, convocation is now banned. Share immediately! Received from department WhatsApp group.",0
Circular No. 202: workshop on machine learning will be held as per schedule on Friday 11AM. Carry your ID cards. — Academic Section,1
Reminder: result declaration registration deadline is 20th May 2026. Visit the administrative office for further queries. — Department of Information Technology,1
Hidden truth revealed: annual function is not what they tell you. Spread awareness now! Do not ignore this message.,0
"Circular No. 202: annual cultural fest will be held as per schedule on Tuesday 9AM. Carry your ID cards. — Prof. Sharma, HOD Computer Science",1
BREAKING: project submission postponed due to technical issues. Share with everyone immediately! Please verify and share.,0
Breaking news: Secret information about convocation - they don't want you to know this! Passed on from group admin.,0
Confirmed by insiders: project submission is delayed indefinitely. The real reason will shock you! Please verify and share.,0
"Dear Students, The sports meet scheduled for Wednesday 2PM will be held as per the original timetable in Computer Centre. — Principal's Office",1
"Last minute information: exam tomorrow is suspended. Stay home, forward this message. Do not ignore this message.",0
VIRAL: university event suspended - government trying to hide this. Share before its deleted! Please verify and share.,0
"Dear Students, The mid-semester examination scheduled for 1st June 2026 will be held as per the original timetable in Lab Block 3. — Dr. Mehta, Dean Academic Affairs",1
URGENT!!! seminar has been CANCELLED immediately. Forward this to all students NOW!!! This is 100% real information.,0
Urgent warning: class is dangerous. Forward this to protect everyone you know. This is 100% real information.,0
Important: The venue for scholarship application has been changed to Examination Hall. All other details remain the same. — Academic Section,1
🚨🚨 ALERT: viva examination is suspended until further notice. Tell everyone ASAP! 🚨🚨 Do not ignore this message.,0
BREAKING: convocation postponed due to administrative decision. Share with everyone immediately! Passed on from group admin.,0
BREAKING: sports day postponed due to water shortage. Share with everyone immediately! This is 100% real information.,0
WARNING: If you attend project submission tomorrow you might government order. Share to save people! This is 100% real information.,0
This is to inform all students that mid-semester examination will take place on 1st June 2026 as announced. Attendance is mandatory. — The Examination Controller,1
Notice: The workshop on machine learning has been rescheduled to 15th May 2026 at 11:00 AM. Please check the official portal for details. — The Registrar,1
"Update: fee payment originally scheduled for 1st June 2026 stands confirmed. No changes have been made. — Prof. Sharma, HOD Computer Science",1
Official communication: alumni meet result will be declared on 25th May 2026. Check the official website for updates. — Principal's Office,1
Important: The venue for project viva has been changed to Computer Centre. All other details remain the same. — Student Affairs Office,1
This is to inform all students that fee payment will take place on 1st June 2026 as announced. Attendance is mandatory. — The Examination Controller,1
Hidden truth revealed: viva examination is not what they tell you. Spread awareness now! Received from department WhatsApp group.,0
The Academic Section hereby informs students that mid-semester examination is scheduled on Friday 11AM in Seminar Hall. Be present on time.,1
Students are informed that convocation ceremony will commence from Friday 11AM as per the academic calendar. — Academic Section,1
Shocking revelation: annual function is a complete fraud. Share this viral truth immediately! Please verify and share.,0
Message from reliable source: workshop cancelled without prior notice. Tell everyone. Received from department WhatsApp group.,0
Shocking revelation: workshop is a complete fraud. Share this viral truth immediately! Do not ignore this message.,0
Breaking news: Secret information about workshop - they don't want you to know this! Do not ignore this message.,0
"Last minute information: exam tomorrow is delayed indefinitely. Stay home, forward this message. Please verify and share.",0
"Dear Students, The practical examination scheduled for 25th May 2026 will be held as per the original timetable in Examination Hall. — Principal's Office",1
Urgent warning: exam is dangerous. Forward this to protect everyone you know. This is 100% real information.,0
Notice: The workshop on machine learning has been rescheduled to 1st June 2026 at 9:30 AM. Please check the official portal for details. — The Registrar,1
Confirmed by insiders: lab practical is delayed indefinitely. The real reason will shock you! Passed on from group admin.,0
"Dear Students, The industrial visit scheduled for Wednesday 2PM will be held as per the original timetable in Auditorium A. — The Registrar",1
Important: The venue for seminar on cybersecurity has been changed to Auditorium A. All other details remain the same. — Department of Information Technology,1
Academic Notice: end-semester examination will be conducted online via the college portal on Monday 10AM. — Academic Section,1
Students of third year are reminded that sports meet is compulsory. Contact the office for any clarifications. — The Registrar,1
VIRAL: college merged with another event - government trying to hide this. Share before its deleted! Passed on from group admin.,0
EXCLUSIVE LEAKED INFO: exam is completely suspended. Share before it gets deleted! Please verify and share.,0
🚨🚨 ALERT: university event is suspended until further notice. Tell everyone ASAP! 🚨🚨 Please verify and share.,0
Alert from higher authorities: fest rescheduled with immediate effect. Share urgently! Please verify and share.,0
"Dear Students, The sports meet scheduled for 20th May 2026 will be held as per the original timetable in Examination Hall. — Student Affairs Office",1
"Students are informed that practical examination will commence from 15th May 2026 as per the academic calendar. — Dr. Mehta, Dean Academic Affairs",1
"Update: seminar on cybersecurity originally scheduled for 15th May 2026 stands confirmed. No changes have been made. — Dr. Mehta, Dean Academic Affairs",1
Message from reliable source: university event cancelled without prior notice. Tell everyone. Received from department WhatsApp group.,0
Notice: The convocation ceremony has been rescheduled to 25th May 2026 at 2:00 PM. Please check the official portal for details. — The Registrar,1
Important: The venue for scholarship application has been changed to Main Hall. All other details remain the same. — Academic Section,1
Academic Notice: library book submission will be conducted online via the college portal on Friday 11AM. — The Examination Controller,1
MUST SHARE!!! project submission has been unexpectedly postponed. All students must know NOW!!! Passed on from group admin.,0
Shocking revelation: university event is a complete fraud. Share this viral truth immediately! Do not ignore this message.,0
The Examination Controller announces the commencement of convocation ceremony from 1st June 2026. All students are requested to prepare accordingly.,1
BREAKING: viva examination postponed due to water shortage. Share with everyone immediately! Do not ignore this message.,0
MUST SHARE!!! convocation has been unexpectedly suspended. All students must know NOW!!! This is 100% real information.,0
Reminder: scholarship application registration deadline is Monday 10AM. Visit the administrative office for further queries. — Academic Section,1
Notice from The Examination Controller: fee payment registration is now open. Last date to apply is 20th May 2026.,1
The The Registrar hereby informs students that convocation ceremony is scheduled on Tuesday 9AM in Computer Centre. Be present on time.,1
"This is to inform all students that alumni meet will take place on Monday 10AM as announced. Attendance is mandatory. — Prof. Sharma, HOD Computer Science",1
🚨🚨 ALERT: seminar is suspended until further notice. Tell everyone ASAP! 🚨🚨 Do not ignore this message.,0
MUST SHARE!!! annual function has been unexpectedly postponed. All students must know NOW!!! Received from department WhatsApp group.,0
"Last minute information: exam tomorrow is delayed indefinitely. Stay home, forward this message. Passed on from group admin.",0
Students of final year are reminded that practical examination is compulsory. Contact the office for any clarifications. — Department of Information Technology,1
EXCLUSIVE LEAKED INFO: result declaration is completely suspended. Share before it gets deleted! Do not ignore this message.,0
Department of Information Technology: The timetable for alumni meet is now available on the college website. Check before Monday 10AM.,1
Reminder: practical examination registration deadline is 20th May 2026. Visit the administrative office for further queries. — Academic Section,1
WARNING: If you attend university event tomorrow you might staff absence. Share to save people! This is 100% real information.,0
Notice: The result declaration has been rescheduled to 15th May 2026 at 9:30 AM. Please check the official portal for details. — Department of Information Technology,1
Circular No. 202: convocation ceremony will be held as per schedule on Friday 11AM. Carry your ID cards. — The Examination Controller,1
Academic Notice: fee payment will be conducted online via the college portal on Tuesday 9AM. — Principal's Office,1
"Prof. Sharma, HOD Computer Science announces the commencement of scholarship application from 1st June 2026. All students are requested to prepare accordingly.",1
"Official communication: practical examination result will be declared on 1st June 2026. Check the official website for updates. — Prof. Sharma, HOD Computer Science",1
Breaking news: Secret information about sports day - they don't want you to know this! Received from department WhatsApp group.,0
"Reminder: annual cultural fest registration deadline is 1st June 2026. Visit the administrative office for further queries. — Prof. Sharma, HOD Computer Science",1
"Update: convocation ceremony originally scheduled for Monday 10AM stands confirmed. No changes have been made. — Dr. Mehta, Dean Academic Affairs",1
"Notice: The scholarship application has been rescheduled to Friday 11AM at 11:00 AM. Please check the official portal for details. — Dr. Mehta, Dean Academic Affairs",1
"Dear Students, The sports meet scheduled for Tuesday 9AM will be held as per the original timetable in Lab Block 3. — Prof. Sharma, HOD Computer Science",1
WARNING: If you attend college tomorrow you might staff absence. Share to save people! This is 100% real information.,0
*Forwarded as received* lab practical will not happen tomorrow. Reliable source confirmed. Passed on from group admin.,0
🚨🚨 ALERT: university event is suspended until further notice. Tell everyone ASAP! 🚨🚨 Received from department WhatsApp group.,0
"IMPORTANT MESSAGE: Due to unexpected maintenance, project submission is now merged with another event. Share immediately! This is 100% real information.",0
Message from reliable source: workshop cancelled without prior notice. Tell everyone. Please verify and share.,0
Confirmed by insiders: university event is rescheduled. The real reason will shock you! This is 100% real information.,0
Reminder: alumni meet registration deadline is 20th May 2026. Visit the administrative office for further queries. — Principal's Office,1
Notice: The annual cultural fest has been rescheduled to 15th May 2026 at 2:00 PM. Please check the official portal for details. — Academic Section,1
Update: library book submission originally scheduled for Friday 11AM stands confirmed. No changes have been made. — Student Affairs Office,1
Academic Notice: practical examination will be conducted online via the college portal on Monday 10AM. — Department of Information Technology,1
Circular No. 418: fee payment will be held as per schedule on 1st June 2026. Carry your ID cards. — Academic Section,1
MUST SHARE!!! university event has been unexpectedly postponed. All students must know NOW!!! Do not ignore this message.,0
Notice: The mid-semester examination has been rescheduled to Wednesday 2PM at 11:00 AM. Please check the official portal for details. — Student Affairs Office,1
"This is to inform all students that seminar on cybersecurity will take place on Wednesday 2PM as announced. Attendance is mandatory. — Dr. Mehta, Dean Academic Affairs",1
Don't attend class! It has been banned due to staff absence. Spread the word! Received from department WhatsApp group.,0
Academic Section: The timetable for industrial visit is now available on the college website. Check before Friday 11AM.,1
Important: The venue for library book submission has been changed to Computer Centre. All other details remain the same. — Principal's Office,1
"Last minute information: project submission tomorrow is moved online. Stay home, forward this message. This is 100% real information.",0
*Forwarded as received* college will not happen tomorrow. Reliable source confirmed. Please verify and share.,0
The Principal's Office hereby informs students that sports meet is scheduled on Monday 10AM in Examination Hall. Be present on time.,1
"Last minute information: sports day tomorrow is suspended. Stay home, forward this message. Please verify and share.",0
Reminder: practical examination registration deadline is Wednesday 2PM. Visit the administrative office for further queries. — The Registrar,1
Message from reliable source: seminar cancelled without prior notice. Tell everyone. This is 100% real information.,0
"Prof. Sharma, HOD Computer Science: The timetable for fee payment is now available on the college website. Check before 15th May 2026.",1
The Student Affairs Office hereby informs students that fee payment is scheduled on Friday 11AM in Computer Centre. Be present on time.,1
Confirmed by insiders: class is banned. The real reason will shock you! Do not ignore this message.,0
Don't attend class! It has been merged with another event due to administrative decision. Spread the word! This is 100% real information.,0
MUST SHARE!!! exam has been unexpectedly merged with another event. All students must know NOW!!! Do not ignore this message.,0
Don't attend university event! It has been merged with another event due to power failure. Spread the word! Please verify and share.,0
Circular No. 305: sports meet will be held as per schedule on Wednesday 2PM. Carry your ID cards. — The Examination Controller,1
"Prof. Sharma, HOD Computer Science: The timetable for industrial visit is now available on the college website. Check before 15th May 2026.",1
"Dear Students, The alumni meet scheduled for 20th May 2026 will be held as per the original timetable in Main Hall. — Academic Section",1
"Notice from Prof. Sharma, HOD Computer Science: mid-semester examination registration is now open. Last date to apply is Tuesday 9AM.",1
Students of final year are reminded that result declaration is compulsory. Contact the office for any clarifications. — Academic Section,1
🚨🚨 ALERT: result declaration is suspended until further notice. Tell everyone ASAP! 🚨🚨 Please verify and share.,0
"100% confirmed: lab practical banned. Don't ignore this, forward to everyone now! Received from department WhatsApp group.",0
Confirmed by insiders: sports day is merged with another event. The real reason will shock you! Received from department WhatsApp group.,0
"Dear Students, The sports meet scheduled for 25th May 2026 will be held as per the original timetable in Auditorium A. — Prof. Sharma, HOD Computer Science",1
The Examination Controller: The timetable for workshop on machine learning is now available on the college website. Check before Monday 10AM.,1
"Last minute information: annual function tomorrow is rescheduled. Stay home, forward this message. Please verify and share.",0
This is to inform all students that sports meet will take place on Tuesday 9AM as announced. Attendance is mandatory. — The Examination Controller,1
Confirmed by insiders: workshop is postponed. The real reason will shock you! This is 100% real information.,0
MUST SHARE!!! viva examination has been unexpectedly banned. All students must know NOW!!! Passed on from group admin.,0
"IMPORTANT MESSAGE: Due to power failure, class is now banned. Share immediately! This is 100% real information.",0
Alert from higher authorities: annual function rescheduled with immediate effect. Share urgently! Received from department WhatsApp group.,0
"100% confirmed: result declaration suspended. Don't ignore this, forward to everyone now! Please verify and share.",0
Important: The venue for library book submission has been changed to Seminar Hall. All other details remain the same. — The Registrar,1
Academic Section announces the commencement of fee payment from Wednesday 2PM. All students are requested to prepare accordingly.,1
This is to inform all students that fee payment will take place on 15th May 2026 as announced. Attendance is mandatory. — The Registrar,1
BREAKING: convocation postponed due to safety hazard. Share with everyone immediately! Do not ignore this message.,0
Breaking news: Secret information about viva examination - they don't want you to know this! Received from department WhatsApp group.,0
"Students are informed that practical examination will commence from 25th May 2026 as per the academic calendar. — Prof. Sharma, HOD Computer Science",1
MUST SHARE!!! exam has been unexpectedly merged with another event. All students must know NOW!!! Passed on from group admin.,0
EXCLUSIVE LEAKED INFO: convocation is completely suspended. Share before it gets deleted! Received from department WhatsApp group.,0
Alert from higher authorities: convocation cancelled with immediate effect. Share urgently! Received from department WhatsApp group.,0
WARNING: If you attend convocation tomorrow you might COVID protocol. Share to save people! Do not ignore this message.,0
This is to inform all students that convocation ceremony will take place on 1st June 2026 as announced. Attendance is mandatory. — The Registrar,1
EXCLUSIVE LEAKED INFO: lab practical is completely called off. Share before it gets deleted! This is 100% real information.,0
Hidden truth revealed: sports day is not what they tell you. Spread awareness now! Received from department WhatsApp group.,0
The The Examination Controller hereby informs students that practical examination is scheduled on Wednesday 2PM in Auditorium A. Be present on time.,1
Official communication: result declaration result will be declared on Tuesday 9AM. Check the official website for updates. — Student Affairs Office,1
Urgent warning: class is dangerous. Forward this to protect everyone you know. Received from department WhatsApp group.,0
Students are informed that result declaration will commence from 15th May 2026 as per the academic calendar. — The Examination Controller,1
Notice from Academic Section: end-semester examination registration is now open. Last date to apply is Tuesday 9AM.,1
"Last minute information: result declaration tomorrow is merged with another event. Stay home, forward this message. Please verify and share.",0
*Forwarded as received* workshop will not happen tomorrow. Reliable source confirmed. This is 100% real information.,0
Students are informed that alumni meet will commence from Monday 10AM as per the academic calendar. — Academic Section,1
"IMPORTANT MESSAGE: Due to security concerns, viva examination is now moved online. Share immediately! Received from department WhatsApp group.",0
"Reminder: industrial visit registration deadline is 1st June 2026. Visit the administrative office for further queries. — Prof. Sharma, HOD Computer Science",1
MUST SHARE!!! seminar has been unexpectedly suspended. All students must know NOW!!! Passed on from group admin.,0
Update: scholarship application originally scheduled for Tuesday 9AM stands confirmed. No changes have been made. — The Registrar,1
Notice: The project viva has been rescheduled to Friday 11AM at 10:00 AM. Please check the official portal for details. — The Examination Controller,1
Confirmed by insiders: college is rescheduled. The real reason will shock you! Passed on from group admin.,0
BREAKING: annual function postponed due to safety hazard. Share with everyone immediately! Received from department WhatsApp group.,0
Circular No. 418: scholarship application will be held as per schedule on 25th May 2026. Carry your ID cards. — Principal's Office,1
"IMPORTANT MESSAGE: Due to technical issues, seminar is now suspended. Share immediately! This is 100% real information.",0
"Dear Students, The seminar on cybersecurity scheduled for Wednesday 2PM will be held as per the original timetable in Seminar Hall. — Prof. Sharma, HOD Computer Science",1
Notice from The Registrar: workshop on machine learning registration is now open. Last date to apply is Monday 10AM.,1
Academic Notice: workshop on machine learning will be conducted online via the college portal on Friday 11AM. — The Examination Controller,1
VIRAL: university event called off - government trying to hide this. Share before its deleted! This is 100% real information.,0
Reminder: workshop on machine learning registration deadline is 15th May 2026. Visit the administrative office for further queries. — The Registrar,1
Hidden truth revealed: workshop is not what they tell you. Spread awareness now! Do not ignore this message.,0
BREAKING: fest postponed due to safety hazard. Share with everyone immediately! Please verify and share.,0
"Dear Students, The convocation ceremony scheduled for Wednesday 2PM will be held as per the original timetable in Room 204. — Principal's Office",1
Important: The venue for annual cultural fest has been changed to Lab Block 3. All other details remain the same. — Department of Information Technology,1
Students are informed that project viva will commence from 1st June 2026 as per the academic calendar. — Department of Information Technology,1
"Academic Notice: fee payment will be conducted online via the college portal on 20th May 2026. — Prof. Sharma, HOD Computer Science",1
URGENT!!! fest has been CANCELLED immediately. Forward this to all students NOW!!! Please verify and share.,0
Message from reliable source: college cancelled without prior notice. Tell everyone. Received from department WhatsApp group.,0
URGENT!!! annual function has been CANCELLED immediately. Forward this to all students NOW!!! Received from department WhatsApp group.,0
"Dr. Mehta, Dean Academic Affairs announces the commencement of scholarship application from 1st June 2026. All students are requested to prepare accordingly.",1
"Prof. Sharma, HOD Computer Science: The timetable for practical examination is now available on the college website. Check before Monday 10AM.",1
Principal's Office announces the commencement of seminar on cybersecurity from Monday 10AM. All students are requested to prepare accordingly.,1
Urgent warning: workshop is dangerous. Forward this to protect everyone you know. Passed on from group admin.,0
URGENT!!! class has been CANCELLED immediately. Forward this to all students NOW!!! Please verify and share.,0
Official communication: library book submission result will be declared on Monday 10AM. Check the official website for updates. — The Registrar,1
MUST SHARE!!! fest has been unexpectedly merged with another event. All students must know NOW!!! This is 100% real information.,0
*Forwarded as received* seminar will not happen tomorrow. Reliable source confirmed. Passed on from group admin.,0
Important: The venue for seminar on cybersecurity has been changed to Computer Centre. All other details remain the same. — Principal's Office,1
Shocking revelation: sports day is a complete fraud. Share this viral truth immediately! Passed on from group admin.,0
"Last minute information: college tomorrow is rescheduled. Stay home, forward this message. Do not ignore this message.",0
Confirmed by insiders: result declaration is banned. The real reason will shock you! Do not ignore this message.,0
Message from reliable source: seminar cancelled without prior notice. Tell everyone. Please verify and share.,0
Confirmed by insiders: college is banned. The real reason will shock you! This is 100% real information.,0
Alert from higher authorities: lab practical merged with another event with immediate effect. Share urgently! Received from department WhatsApp group.,0
You won't believe this! fest has been cancelled. The truth is shocking! Passed on from group admin.,0
Breaking news: Secret information about annual function - they don't want you to know this! Passed on from group admin.,0
The Student Affairs Office hereby informs students that convocation ceremony is scheduled on Friday 11AM in Room 204. Be present on time.,1
"Notice: The library book submission has been rescheduled to 25th May 2026 at 2:00 PM. Please check the official portal for details. — Dr. Mehta, Dean Academic Affairs",1
Alert from higher authorities: sports day delayed indefinitely with immediate effect. Share urgently! Please verify and share.,0
This is to inform all students that convocation ceremony will take place on Tuesday 9AM as announced. Attendance is mandatory. — The Registrar,1
Confirmed by insiders: annual function is rescheduled. The real reason will shock you! Please verify and share.,0
"Circular No. 101: fee payment will be held as per schedule on Tuesday 9AM. Carry your ID cards. — Dr. Mehta, Dean Academic Affairs",1
Notice: The sports meet has been rescheduled to 1st June 2026 at 10:00 AM. Please check the official portal for details. — Academic Section,1
Breaking news: Secret information about class - they don't want you to know this! Received from department WhatsApp group.,0
Message from reliable source: annual function cancelled without prior notice. Tell everyone. Passed on from group admin.,0
Don't attend class! It has been postponed due to staff absence. Spread the word! This is 100% real information.,0
Notice: The workshop on machine learning has been rescheduled to Wednesday 2PM at 9:30 AM. Please check the official portal for details. — The Registrar,1
Students of final year are reminded that annual cultural fest is compulsory. Contact the office for any clarifications. — The Registrar,1
Important: The venue for library book submission has been changed to Room 204. All other details remain the same. — Department of Information Technology,1
Notice from The Examination Controller: convocation ceremony registration is now open. Last date to apply is 15th May 2026.,1
Confirmed by insiders: university event is banned. The real reason will shock you! Passed on from group admin.,0
The Registrar announces the commencement of industrial visit from Wednesday 2PM. All students are requested to prepare accordingly.,1
"Update: annual cultural fest originally scheduled for Wednesday 2PM stands confirmed. No changes have been made. — Prof. Sharma, HOD Computer Science",1
🚨🚨 ALERT: workshop is suspended until further notice. Tell everyone ASAP! 🚨🚨 This is 100% real information.,0
VIRAL: sports day called off - government trying to hide this. Share before its deleted! Do not ignore this message.,0
The Examination Controller announces the commencement of end-semester examination from 20th May 2026. All students are requested to prepare accordingly.,1
Breaking news: Secret information about annual function - they don't want you to know this! Please verify and share.,0
"Last minute information: result declaration tomorrow is delayed indefinitely. Stay home, forward this message. Please verify and share.",0
Reminder: practical examination registration deadline is Monday 10AM. Visit the administrative office for further queries. — Academic Section,1
Urgent warning: lab practical is dangerous. Forward this to protect everyone you know. Please verify and share.,0
"Students are informed that fee payment will commence from 25th May 2026 as per the academic calendar. — Dr. Mehta, Dean Academic Affairs",1
Reminder: end-semester examination registration deadline is 15th May 2026. Visit the administrative office for further queries. — Academic Section,1
"IMPORTANT MESSAGE: Due to security concerns, lab practical is now called off. Share immediately! Passed on from group admin.",0
MUST SHARE!!! sports day has been unexpectedly moved online. All students must know NOW!!! Do not ignore this message.,0
You won't believe this! sports day has been moved online. The truth is shocking! Do not ignore this message.,0
WARNING: If you attend result declaration tomorrow you might staff absence. Share to save people! Received from department WhatsApp group.,0
Academic Notice: library book submission will be conducted online via the college portal on 15th May 2026. — The Examination Controller,1
VIRAL: lab practical suspended - government trying to hide this. Share before its deleted! Passed on from group admin.,0
Official communication: mid-semester examination result will be declared on Wednesday 2PM. Check the official website for updates. — Department of Information Technology,1
"Academic Notice: seminar on cybersecurity will be conducted online via the college portal on 1st June 2026. — Prof. Sharma, HOD Computer Science",1
Don't attend lab practical! It has been postponed due to safety hazard. Spread the word! Do not ignore this message.,0
"This is to inform all students that practical examination will take place on 15th May 2026 as announced. Attendance is mandatory. — Prof. Sharma, HOD Computer Science",1
"100% confirmed: lab practical postponed. Don't ignore this, forward to everyone now! This is 100% real information.",0
Reminder: fee payment registration deadline is Tuesday 9AM. Visit the administrative office for further queries. — Department of Information Technology,1
"100% confirmed: result declaration delayed indefinitely. Don't ignore this, forward to everyone now! Do not ignore this message.",0
"Dear Students, The mid-semester examination scheduled for 15th May 2026 will be held as per the original timetable in Main Hall. — Student Affairs Office",1
"IMPORTANT MESSAGE: Due to water shortage, college is now delayed indefinitely. Share immediately! This is 100% real information.",0
"Last minute information: fest tomorrow is postponed. Stay home, forward this message. Do not ignore this message.",0
Academic Notice: alumni meet will be conducted online via the college portal on 1st June 2026. — Principal's Office,1
Student Affairs Office announces the commencement of convocation ceremony from 1st June 2026. All students are requested to prepare accordingly.,1
🚨🚨 ALERT: result declaration is suspended until further notice. Tell everyone ASAP! 🚨🚨 Please verify and share.,0
"100% confirmed: exam delayed indefinitely. Don't ignore this, forward to everyone now! Do not ignore this message.",0
Confirmed by insiders: annual function is merged with another event. The real reason will shock you! Please verify and share.,0
Notice: The sports meet has been rescheduled to Tuesday 9AM at 11:00 AM. Please check the official portal for details. — Department of Information Technology,1
Students of third year are reminded that sports meet is compulsory. Contact the office for any clarifications. — The Examination Controller,1
Academic Notice: workshop on machine learning will be conducted online via the college portal on Wednesday 2PM. — The Examination Controller,1
Official communication: scholarship application result will be declared on 1st June 2026. Check the official website for updates. — The Examination Controller,1
"Circular No. 305: alumni meet will be held as per schedule on Monday 10AM. Carry your ID cards. — Prof. Sharma, HOD Computer Science",1
Official communication: seminar on cybersecurity result will be declared on Tuesday 9AM. Check the official website for updates. — Academic Section,1
WARNING: If you attend project submission tomorrow you might government order. Share to save people! Received from department WhatsApp group.,0
Notice from Principal's Office: annual cultural fest registration is now open. Last date to apply is 20th May 2026.,1
Don't attend annual function! It has been delayed indefinitely due to water shortage. Spread the word! This is 100% real information.,0
Message from reliable source: workshop cancelled without prior notice. Tell everyone. Passed on from group admin.,0
Urgent warning: university event is dangerous. Forward this to protect everyone you know. This is 100% real information.,0
VIRAL: lab practical banned - government trying to hide this. Share before its deleted! Received from department WhatsApp group.,0
Urgent warning: annual function is dangerous. Forward this to protect everyone you know. Received from department WhatsApp group.,0
You won't believe this! workshop has been moved online. The truth is shocking! Please verify and share.,0
You won't believe this! project submission has been postponed. The truth is shocking! Passed on from group admin.,0
Alert from higher authorities: fest banned with immediate effect. Share urgently! Please verify and share.,0
This is to inform all students that seminar on cybersecurity will take place on Wednesday 2PM as announced. Attendance is mandatory. — Student Affairs Office,1
"This is to inform all students that industrial visit will take place on Monday 10AM as announced. Attendance is mandatory. — Prof. Sharma, HOD Computer Science",1
Academic Notice: alumni meet will be conducted online via the college portal on Wednesday 2PM. — The Registrar,1
Don't attend seminar! It has been called off due to government order. Spread the word! This is 100% real information.,0
"The Prof. Sharma, HOD Computer Science hereby informs students that result declaration is scheduled on Wednesday 2PM in Computer Centre. Be present on time.",1
Message from reliable source: annual function cancelled without prior notice. Tell everyone. This is 100% real information.,0
"Dear Students, The sports meet scheduled for 1st June 2026 will be held as per the original timetable in Examination Hall. — The Examination Controller",1
Don't attend sports day! It has been moved online due to safety hazard. Spread the word! Received from department WhatsApp group.,0
VIRAL: result declaration delayed indefinitely - government trying to hide this. Share before its deleted! Do not ignore this message.,0
"100% confirmed: sports day delayed indefinitely. Don't ignore this, forward to everyone now! Please verify and share.",0
🚨🚨 ALERT: seminar is suspended until further notice. Tell everyone ASAP! 🚨🚨 Received from department WhatsApp group.,0
Students are informed that library book submission will commence from Friday 11AM as per the academic calendar. — The Examination Controller,1
Official communication: annual cultural fest result will be declared on 20th May 2026. Check the official website for updates. — Academic Section,1
This is to inform all students that industrial visit will take place on 20th May 2026 as announced. Attendance is mandatory. — The Examination Controller,1
Hidden truth revealed: result declaration is not what they tell you. Spread awareness now! Please verify and share.,0
BREAKING: college postponed due to technical issues. Share with everyone immediately! Please verify and share.,0
*Forwarded as received* sports day will not happen tomorrow. Reliable source confirmed. Please verify and share.,0
Message from reliable source: fest cancelled without prior notice. Tell everyone. Received from department WhatsApp group.,0
Circular No. 101: project viva will be held as per schedule on Tuesday 9AM. Carry your ID cards. — The Registrar,1
"Dear Students, The project viva scheduled for 25th May 2026 will be held as per the original timetable in Auditorium A. — Department of Information Technology",1
MUST SHARE!!! seminar has been unexpectedly postponed. All students must know NOW!!! This is 100% real information.,0
Hidden truth revealed: convocation is not what they tell you. Spread awareness now! Please verify and share.,0
"Dear Students, The library book submission scheduled for 1st June 2026 will be held as per the original timetable in Computer Centre. — The Examination Controller",1
MUST SHARE!!! fest has been unexpectedly delayed indefinitely. All students must know NOW!!! This is 100% real information.,0
VIRAL: convocation rescheduled - government trying to hide this. Share before its deleted! This is 100% real information.,0
You won't believe this! result declaration has been merged with another event. The truth is shocking! Do not ignore this message.,0
EXCLUSIVE LEAKED INFO: viva examination is completely called off. Share before it gets deleted! Do not ignore this message.,0
Don't attend result declaration! It has been postponed due to COVID protocol. Spread the word! Do not ignore this message.,0
Department of Information Technology: The timetable for sports meet is now available on the college website. Check before Monday 10AM.,1
🚨🚨 ALERT: workshop is suspended until further notice. Tell everyone ASAP! 🚨🚨 This is 100% real information.,0
Circular No. 202: seminar on cybersecurity will be held as per schedule on Wednesday 2PM. Carry your ID cards. — Department of Information Technology,1
The Principal's Office hereby informs students that library book submission is scheduled on Friday 11AM in Main Hall. Be present on time.,1
BREAKING: sports day postponed due to government order. Share with everyone immediately! Passed on from group admin.,0
Principal's Office announces the commencement of scholarship application from Monday 10AM. All students are requested to prepare accordingly.,1
Academic Notice: alumni meet will be conducted online via the college portal on 25th May 2026. — The Registrar,1
"Update: convocation ceremony originally scheduled for Friday 11AM stands confirmed. No changes have been made. — Prof. Sharma, HOD Computer Science",1
WARNING: If you attend workshop tomorrow you might unexpected maintenance. Share to save people! Do not ignore this message.,0
Academic Section: The timetable for seminar on cybersecurity is now available on the college website. Check before Wednesday 2PM.,1
"Circular No. 305: practical examination will be held as per schedule on 25th May 2026. Carry your ID cards. — Prof. Sharma, HOD Computer Science",1
"Last minute information: university event tomorrow is suspended. Stay home, forward this message. This is 100% real information.",0
Notice from Academic Section: sports meet registration is now open. Last date to apply is 25th May 2026.,1
Academic Notice: library book submission will be conducted online via the college portal on Tuesday 9AM. — The Examination Controller,1
The Examination Controller: The timetable for sports meet is now available on the college website. Check before Tuesday 9AM.,1
Official communication: alumni meet result will be declared on Tuesday 9AM. Check the official website for updates. — The Registrar,1
The Registrar: The timetable for annual cultural fest is now available on the college website. Check before 1st June 2026.,1
MUST SHARE!!! convocation has been unexpectedly postponed. All students must know NOW!!! Please verify and share.,0
Department of Information Technology: The timetable for alumni meet is now available on the college website. Check before Monday 10AM.,1
"This is to inform all students that fee payment will take place on Wednesday 2PM as announced. Attendance is mandatory. — Prof. Sharma, HOD Computer Science",1
Reminder: convocation ceremony registration deadline is Wednesday 2PM. Visit the administrative office for further queries. — Student Affairs Office,1
Confirmed by insiders: project submission is rescheduled. The real reason will shock you! Do not ignore this message.,0
*Forwarded as received* viva examination will not happen tomorrow. Reliable source confirmed. Do not ignore this message.,0
EXCLUSIVE LEAKED INFO: annual function is completely called off. Share before it gets deleted! Please verify and share.,0
WARNING: If you attend workshop tomorrow you might COVID protocol. Share to save people! Please verify and share.,0
Academic Notice: workshop on machine learning will be conducted online via the college portal on 20th May 2026. — Academic Section,1
BREAKING: fest postponed due to safety hazard. Share with everyone immediately! This is 100% real information.,0
Department of Information Technology: The timetable for mid-semester examination is now available on the college website. Check before Friday 11AM.,1
EXCLUSIVE LEAKED INFO: result declaration is completely suspended. Share before it gets deleted! Please verify and share.,0
"Dear Students, The mid-semester examination scheduled for 15th May 2026 will be held as per the original timetable in Room 204. — Dr. Mehta, Dean Academic Affairs",1
VIRAL: project submission moved online - government trying to hide this. Share before its deleted! Passed on from group admin.,0
The Registrar announces the commencement of fee payment from Monday 10AM. All students are requested to prepare accordingly.,1
"IMPORTANT MESSAGE: Due to administrative decision, viva examination is now rescheduled. Share immediately! Please verify and share.",0
WARNING: If you attend annual function tomorrow you might staff absence. Share to save people! Received from department WhatsApp group.,0
"Dear Students, The result declaration scheduled for Monday 10AM will be held as per the original timetable in Main Hall. — Department of Information Technology",1
"Notice: The result declaration has been rescheduled to 15th May 2026 at 2:00 PM. Please check the official portal for details. — Dr. Mehta, Dean Academic Affairs",1
"Academic Notice: alumni meet will be conducted online via the college portal on 15th May 2026. — Prof. Sharma, HOD Computer Science",1
EXCLUSIVE LEAKED INFO: lab practical is completely suspended. Share before it gets deleted! Do not ignore this message.,0
Students are informed that library book submission will commence from Friday 11AM as per the academic calendar. — The Examination Controller,1
Students are informed that seminar on cybersecurity will commence from Monday 10AM as per the academic calendar. — The Examination Controller,1
Official communication: workshop on machine learning result will be declared on 20th May 2026. Check the official website for updates. — The Examination Controller,1
You won't believe this! convocation has been delayed indefinitely. The truth is shocking! Please verify and share.,0
🚨🚨 ALERT: project submission is suspended until further notice. Tell everyone ASAP! 🚨🚨 Passed on from group admin.,0
Official communication: convocation ceremony result will be declared on 20th May 2026. Check the official website for updates. — Department of Information Technology,1
VIRAL: class suspended - government trying to hide this. Share before its deleted! Received from department WhatsApp group.,0
Message from reliable source: seminar cancelled without prior notice. Tell everyone. Do not ignore this message.,0
Academic Section: The timetable for seminar on cybersecurity is now available on the college website. Check before 20th May 2026.,1
Update: industrial visit originally scheduled for Monday 10AM stands confirmed. No changes have been made. — The Examination Controller,1
"Update: annual cultural fest originally scheduled for 1st June 2026 stands confirmed. No changes have been made. — Prof. Sharma, HOD Computer Science",1
"Dr. Mehta, Dean Academic Affairs: The timetable for scholarship application is now available on the college website. Check before 1st June 2026.",1
"IMPORTANT MESSAGE: Due to administrative decision, convocation is now merged with another event. Share immediately! Do not ignore this message.",0
The Examination Controller: The timetable for practical examination is now available on the college website. Check before Tuesday 9AM.,1
Urgent warning: college is dangerous. Forward this to protect everyone you know. Passed on from group admin.,0
Reminder: alumni meet registration deadline is Monday 10AM. Visit the administrative office for further queries. — Student Affairs Office,1
The Student Affairs Office hereby informs students that fee payment is scheduled on 25th May 2026 in Room 204. Be present on time.,1
"Students of second year are reminded that scholarship application is compulsory. Contact the office for any clarifications. — Dr. Mehta, Dean Academic Affairs",1
Important: The venue for sports meet has been changed to Room 204. All other details remain the same. — The Examination Controller,1
Don't attend exam! It has been postponed due to security concerns. Spread the word! Do not ignore this message.,0
Shocking revelation: annual function is a complete fraud. Share this viral truth immediately! Passed on from group admin.,0
Circular No. 523: end-semester examination will be held as per schedule on Friday 11AM. Carry your ID cards. — Department of Information Technology,1
Reminder: annual cultural fest registration deadline is Wednesday 2PM. Visit the administrative office for further queries. — Student Affairs Office,1
Reminder: mid-semester examination registration deadline is 20th May 2026. Visit the administrative office for further queries. — Academic Section,1
Official communication: fee payment result will be declared on 15th May 2026. Check the official website for updates. — The Examination Controller,1
Notice: The result declaration has been rescheduled to 25th May 2026 at 9:30 AM. Please check the official portal for details. — Department of Information Technology,1
Notice: The seminar on cybersecurity has been rescheduled to Friday 11AM at 10:00 AM. Please check the official portal for details. — Department of Information Technology,1
WARNING: If you attend fest tomorrow you might administrative decision. Share to save people! Received from department WhatsApp group.,0
"100% confirmed: workshop delayed indefinitely. Don't ignore this, forward to everyone now! Passed on from group admin.",0
"Academic Notice: sports meet will be conducted online via the college portal on Friday 11AM. — Prof. Sharma, HOD Computer Science",1
Important: The venue for workshop on machine learning has been changed to Lab Block 3. All other details remain the same. — The Examination Controller,1
"Dear Students, The seminar on cybersecurity scheduled for 15th May 2026 will be held as per the original timetable in Computer Centre. — Department of Information Technology",1
"Dear Students, The alumni meet scheduled for Wednesday 2PM will be held as per the original timetable in Examination Hall. — Prof. Sharma, HOD Computer Science",1
🚨🚨 ALERT: lab practical is suspended until further notice. Tell everyone ASAP! 🚨🚨 Do not ignore this message.,0
Academic Section announces the commencement of convocation ceremony from Friday 11AM. All students are requested to prepare accordingly.,1
Important: The venue for industrial visit has been changed to Examination Hall. All other details remain the same. — The Registrar,1
Academic Section: The timetable for library book submission is now available on the college website. Check before 15th May 2026.,1
Urgent warning: university event is dangerous. Forward this to protect everyone you know. This is 100% real information.,0
The Department of Information Technology hereby informs students that seminar on cybersecurity is scheduled on 1st June 2026 in Room 204. Be present on time.,1
Academic Notice: mid-semester examination will be conducted online via the college portal on 20th May 2026. — The Registrar,1
The Registrar: The timetable for fee payment is now available on the college website. Check before 1st June 2026.,1
Circular No. 305: annual cultural fest will be held as per schedule on Friday 11AM. Carry your ID cards. — Student Affairs Office,1
Department of Information Technology: The timetable for sports meet is now available on the college website. Check before Tuesday 9AM.,1
Message from reliable source: convocation cancelled without prior notice. Tell everyone. This is 100% real information.,0
"Update: project viva originally scheduled for 20th May 2026 stands confirmed. No changes have been made. — Dr. Mehta, Dean Academic Affairs",1
Alert from higher authorities: fest postponed with immediate effect. Share urgently! This is 100% real information.,0
"Update: project viva originally scheduled for 20th May 2026 stands confirmed. No changes have been made. — Prof. Sharma, HOD Computer Science",1
"Last minute information: annual function tomorrow is rescheduled. Stay home, forward this message. Please verify and share.",0
"This is to inform all students that sports meet will take place on Tuesday 9AM as announced. Attendance is mandatory. — Prof. Sharma, HOD Computer Science",1
🚨🚨 ALERT: university event is suspended until further notice. Tell everyone ASAP! 🚨🚨 Please verify and share.,0
Department of Information Technology: The timetable for fee payment is now available on the college website. Check before 1st June 2026.,1
Notice from Principal's Office: workshop on machine learning registration is now open. Last date to apply is Tuesday 9AM.,1
Official communication: practical examination result will be declared on 1st June 2026. Check the official website for updates. — The Examination Controller,1
Official communication: seminar on cybersecurity result will be declared on 15th May 2026. Check the official website for updates. — Student Affairs Office,1
Urgent warning: convocation is dangerous. Forward this to protect everyone you know. Received from department WhatsApp group.,0
Alert from higher authorities: result declaration postponed with immediate effect. Share urgently! This is 100% real information.,0
BREAKING: annual function postponed due to government order. Share with everyone immediately! This is 100% real information.,0
"Prof. Sharma, HOD Computer Science: The timetable for alumni meet is now available on the college website. Check before 25th May 2026.",1
Message from reliable source: viva examination cancelled without prior notice. Tell everyone. Passed on from group admin.,0
Update: workshop on machine learning originally scheduled for 15th May 2026 stands confirmed. No changes have been made. — Student Affairs Office,1
Notice: The scholarship application has been rescheduled to 20th May 2026 at 10:00 AM. Please check the official portal for details. — Department of Information Technology,1
"100% confirmed: annual function rescheduled. Don't ignore this, forward to everyone now! Passed on from group admin.",0
"Students are informed that mid-semester examination will commence from 1st June 2026 as per the academic calendar. — Dr. Mehta, Dean Academic Affairs",1
Academic Notice: scholarship application will be conducted online via the college portal on 1st June 2026. — The Examination Controller,1
Don't attend viva examination! It has been delayed indefinitely due to unexpected maintenance. Spread the word! Please verify and share.,0
Don't attend sports day! It has been banned due to security concerns. Spread the word! This is 100% real information.,0
Confirmed by insiders: project submission is merged with another event. The real reason will shock you! Please verify and share.,0
Circular No. 305: workshop on machine learning will be held as per schedule on 1st June 2026. Carry your ID cards. — The Examination Controller,1
"Dr. Mehta, Dean Academic Affairs announces the commencement of workshop on machine learning from 25th May 2026. All students are requested to prepare accordingly.",1
"Last minute information: annual function tomorrow is suspended. Stay home, forward this message. This is 100% real information.",0
Department of Information Technology: The timetable for mid-semester examination is now available on the college website. Check before Friday 11AM.,1
Department of Information Technology announces the commencement of library book submission from Monday 10AM. All students are requested to prepare accordingly.,1
You won't believe this! exam has been merged with another event. The truth is shocking! Passed on from group admin.,0
Academic Notice: fee payment will be conducted online via the college portal on Monday 10AM. — Academic Section,1
Message from reliable source: class cancelled without prior notice. Tell everyone. Passed on from group admin.,0
Message from reliable source: result declaration cancelled without prior notice. Tell everyone. This is 100% real information.,0
URGENT!!! class has been CANCELLED immediately. Forward this to all students NOW!!! Passed on from group admin.,0
"Important: The venue for library book submission has been changed to Main Hall. All other details remain the same. — Dr. Mehta, Dean Academic Affairs",1
"IMPORTANT MESSAGE: Due to COVID protocol, seminar is now moved online. Share immediately! This is 100% real information.",0
"Update: annual cultural fest originally scheduled for 20th May 2026 stands confirmed. No changes have been made. — Dr. Mehta, Dean Academic Affairs",1
🚨🚨 ALERT: workshop is suspended until further notice. Tell everyone ASAP! 🚨🚨 Do not ignore this message.,0
WARNING: If you attend class tomorrow you might administrative decision. Share to save people! Received from department WhatsApp group.,0
EXCLUSIVE LEAKED INFO: project submission is completely merged with another event. Share before it gets deleted! Received from department WhatsApp group.,0
"The Dr. Mehta, Dean Academic Affairs hereby informs students that alumni meet is scheduled on 20th May 2026 in Examination Hall. Be present on time.",1
Important: The venue for practical examination has been changed to Lab Block 3. All other details remain the same. — Principal's Office,1
Principal's Office: The timetable for workshop on machine learning is now available on the college website. Check before Wednesday 2PM.,1
🚨🚨 ALERT: lab practical is suspended until further notice. Tell everyone ASAP! 🚨🚨 Passed on from group admin.,0
EXCLUSIVE LEAKED INFO: seminar is completely moved online. Share before it gets deleted! Passed on from group admin.,0
"Reminder: project viva registration deadline is Tuesday 9AM. Visit the administrative office for further queries. — Prof. Sharma, HOD Computer Science",1
"Dear Students, The convocation ceremony scheduled for Wednesday 2PM will be held as per the original timetable in Computer Centre. — Department of Information Technology",1
Alert from higher authorities: result declaration merged with another event with immediate effect. Share urgently! Do not ignore this message.,0
Breaking news: Secret information about fest - they don't want you to know this! Please verify and share.,0
Notice: The mid-semester examination has been rescheduled to Monday 10AM at 10:00 AM. Please check the official portal for details. — Principal's Office,1
Students are informed that practical examination will commence from Monday 10AM as per the academic calendar. — Academic Section,1
Official communication: practical examination result will be declared on Tuesday 9AM. Check the official website for updates. — Department of Information Technology,1
"The Dr. Mehta, Dean Academic Affairs hereby informs students that library book submission is scheduled on Tuesday 9AM in Room 204. Be present on time.",1
The Examination Controller: The timetable for alumni meet is now available on the college website. Check before Monday 10AM.,1
URGENT!!! lab practical has been CANCELLED immediately. Forward this to all students NOW!!! Passed on from group admin.,0
*Forwarded as received* exam will not happen tomorrow. Reliable source confirmed. Do not ignore this message.,0
Alert from higher authorities: project submission postponed with immediate effect. Share urgently! Please verify and share.,0
You won't believe this! convocation has been suspended. The truth is shocking! This is 100% real information.,0
Confirmed by insiders: class is banned. The real reason will shock you! Do not ignore this message.,0
"100% confirmed: workshop rescheduled. Don't ignore this, forward to everyone now! This is 100% real information.",0
Urgent warning: college is dangerous. Forward this to protect everyone you know. Please verify and share.,0
Circular No. 523: annual cultural fest will be held as per schedule on 15th May 2026. Carry your ID cards. — The Examination Controller,1
VIRAL: seminar delayed indefinitely - government trying to hide this. Share before its deleted! Passed on from group admin.,0
WARNING: If you attend exam tomorrow you might unexpected maintenance. Share to save people! Do not ignore this message.,0
"Students of third year are reminded that seminar on cybersecurity is compulsory. Contact the office for any clarifications. — Dr. Mehta, Dean Academic Affairs",1
"Official communication: result declaration result will be declared on Wednesday 2PM. Check the official website for updates. — Prof. Sharma, HOD Computer Science",1
"Last minute information: lab practical tomorrow is postponed. Stay home, forward this message. Passed on from group admin.",0
Official communication: library book submission result will be declared on 25th May 2026. Check the official website for updates. — Academic Section,1
Notice: The result declaration has been rescheduled to 20th May 2026 at 10:00 AM. Please check the official portal for details. — Principal's Office,1
"The Dr. Mehta, Dean Academic Affairs hereby informs students that sports meet is scheduled on 20th May 2026 in Examination Hall. Be present on time.",1
"Update: mid-semester examination originally scheduled for 15th May 2026 stands confirmed. No changes have been made. — Prof. Sharma, HOD Computer Science",1
EXCLUSIVE LEAKED INFO: university event is completely merged with another event. Share before it gets deleted! This is 100% real information.,0
Hidden truth revealed: result declaration is not what they tell you. Spread awareness now! This is 100% real information.,0
Reminder: seminar on cybersecurity registration deadline is 25th May 2026. Visit the administrative office for further queries. — Department of Information Technology,1
Student Affairs Office: The timetable for practical examination is now available on the college website. Check before 1st June 2026.,1
"Last minute information: sports day tomorrow is merged with another event. Stay home, forward this message. Do not ignore this message.",0
Notice: The sports meet has been rescheduled to 1st June 2026 at 10:00 AM. Please check the official portal for details. — The Registrar,1
Important: The venue for convocation ceremony has been changed to Main Hall. All other details remain the same. — Principal's Office,1
Alert from higher authorities: workshop cancelled with immediate effect. Share urgently! Passed on from group admin.,0
Students are informed that industrial visit will commence from 20th May 2026 as per the academic calendar. — The Registrar,1
Notice from Academic Section: annual cultural fest registration is now open. Last date to apply is Tuesday 9AM.,1
"Dear Students, The annual cultural fest scheduled for Friday 11AM will be held as per the original timetable in Main Hall. — The Examination Controller",1
*Forwarded as received* result declaration will not happen tomorrow. Reliable source confirmed. This is 100% real information.,0
Reminder: annual cultural fest registration deadline is 20th May 2026. Visit the administrative office for further queries. — Academic Section,1
Official communication: project viva result will be declared on Friday 11AM. Check the official website for updates. — The Registrar,1
"Last minute information: lab practical tomorrow is cancelled. Stay home, forward this message. Received from department WhatsApp group.",0
You won't believe this! exam has been suspended. The truth is shocking! Passed on from group admin.,0
"Last minute information: college tomorrow is merged with another event. Stay home, forward this message. Do not ignore this message.",0
Confirmed by insiders: sports day is delayed indefinitely. The real reason will shock you! Please verify and share.,0
"Academic Notice: result declaration will be conducted online via the college portal on Tuesday 9AM. — Prof. Sharma, HOD Computer Science",1
Shocking revelation: college is a complete fraud. Share this viral truth immediately! Please verify and share.,0
Reminder: project viva registration deadline is 1st June 2026. Visit the administrative office for further queries. — The Registrar,1
You won't believe this! project submission has been cancelled. The truth is shocking! Passed on from group admin.,0
Urgent warning: sports day is dangerous. Forward this to protect everyone you know. Received from department WhatsApp group.,0
MUST SHARE!!! class has been unexpectedly suspended. All students must know NOW!!! Passed on from group admin.,0
Don't attend exam! It has been cancelled due to unexpected maintenance. Spread the word! Please verify and share.,0
"IMPORTANT MESSAGE: Due to government order, annual function is now suspended. Share immediately! Please verify and share.",0
Update: scholarship application originally scheduled for 15th May 2026 stands confirmed. No changes have been made. — Student Affairs Office,1
BREAKING: college postponed due to staff absence. Share with everyone immediately! Do not ignore this message.,0
VIRAL: convocation called off - government trying to hide this. Share before its deleted! Passed on from group admin.,0
Confirmed by insiders: project submission is merged with another event. The real reason will shock you! Received from department WhatsApp group.,0
BREAKING: annual function postponed due to government order. Share with everyone immediately! Passed on from group admin.,0
Circular No. 523: project viva will be held as per schedule on 1st June 2026. Carry your ID cards. — Academic Section,1
Circular No. 523: result declaration will be held as per schedule on Wednesday 2PM. Carry your ID cards. — The Registrar,1
EXCLUSIVE LEAKED INFO: annual function is completely suspended. Share before it gets deleted! This is 100% real information.,0
"Dear Students, The end-semester examination scheduled for 1st June 2026 will be held as per the original timetable in Seminar Hall. — Student Affairs Office",1
"IMPORTANT MESSAGE: Due to government order, sports day is now postponed. Share immediately! Received from department WhatsApp group.",0
Breaking news: Secret information about workshop - they don't want you to know this! Do not ignore this message.,0
Hidden truth revealed: class is not what they tell you. Spread awareness now! Passed on from group admin.,0
"Update: project viva originally scheduled for 1st June 2026 stands confirmed. No changes have been made. — Dr. Mehta, Dean Academic Affairs",1
Update: annual cultural fest originally scheduled for Friday 11AM stands confirmed. No changes have been made. — The Examination Controller,1
"Dear Students, The seminar on cybersecurity scheduled for Friday 11AM will be held as per the original timetable in Main Hall. — Dr. Mehta, Dean Academic Affairs",1
Students are informed that convocation ceremony will commence from Wednesday 2PM as per the academic calendar. — The Registrar,1
You won't believe this! viva examination has been banned. The truth is shocking! This is 100% real information.,0
VIRAL: exam called off - government trying to hide this. Share before its deleted! Received from department WhatsApp group.,0
"Notice from Prof. Sharma, HOD Computer Science: library book submission registration is now open. Last date to apply is 1st June 2026.",1
Urgent warning: viva examination is dangerous. Forward this to protect everyone you know. Passed on from group admin.,0
Alert from higher authorities: project submission merged with another event with immediate effect. Share urgently! This is 100% real information.,0
🚨🚨 ALERT: lab practical is suspended until further notice. Tell everyone ASAP! 🚨🚨 Passed on from group admin.,0
Don't attend result declaration! It has been cancelled due to unexpected maintenance. Spread the word! Received from department WhatsApp group.,0
"Prof. Sharma, HOD Computer Science announces the commencement of industrial visit from Monday 10AM. All students are requested to prepare accordingly.",1
Students of first year are reminded that project viva is compulsory. Contact the office for any clarifications. — Department of Information Technology,1
"Last minute information: sports day tomorrow is suspended. Stay home, forward this message. Please verify and share.",0
The The Registrar hereby informs students that alumni meet is scheduled on 15th May 2026 in Room 204. Be present on time.,1
"Dear Students, The library book submission scheduled for 20th May 2026 will be held as per the original timetable in Auditorium A. — Department of Information Technology",1
Update: practical examination originally scheduled for Wednesday 2PM stands confirmed. No changes have been made. — Department of Information Technology,1
"Students are informed that result declaration will commence from Tuesday 9AM as per the academic calendar. — Prof. Sharma, HOD Computer Science",1
Department of Information Technology: The timetable for alumni meet is now available on the college website. Check before Friday 11AM.,1
Notice from Department of Information Technology: fee payment registration is now open. Last date to apply is Friday 11AM.,1
Breaking news: Secret information about university event - they don't want you to know this! Received from department WhatsApp group.,0
"Official communication: end-semester examination result will be declared on 20th May 2026. Check the official website for updates. — Prof. Sharma, HOD Computer Science",1
"Students are informed that alumni meet will commence from 15th May 2026 as per the academic calendar. — Prof. Sharma, HOD Computer Science",1
"Last minute information: project submission tomorrow is merged with another event. Stay home, forward this message. Received from department WhatsApp group.",0
Academic Notice: fee payment will be conducted online via the college portal on Friday 11AM. — The Registrar,1
Notice from Department of Information Technology: result declaration registration is now open. Last date to apply is Wednesday 2PM.,1
Students are informed that scholarship application will commence from 20th May 2026 as per the academic calendar. — The Examination Controller,1
Shocking revelation: university event is a complete fraud. Share this viral truth immediately! Received from department WhatsApp group.,0
You won't believe this! fest has been called off. The truth is shocking! Do not ignore this message.,0
"IMPORTANT MESSAGE: Due to COVID protocol, college is now cancelled. Share immediately! Please verify and share.",0
"Last minute information: seminar tomorrow is cancelled. Stay home, forward this message. Received from department WhatsApp group.",0
Confirmed by insiders: convocation is suspended. The real reason will shock you! Received from department WhatsApp group.,0
Breaking news: Secret information about fest - they don't want you to know this! Please verify and share.,0
Circular No. 305: result declaration will be held as per schedule on Tuesday 9AM. Carry your ID cards. — Principal's Office,1
Shocking revelation: annual function is a complete fraud. Share this viral truth immediately! This is 100% real information.,0
This is to inform all students that scholarship application will take place on Wednesday 2PM as announced. Attendance is mandatory. — Academic Section,1
🚨🚨 ALERT: project submission is suspended until further notice. Tell everyone ASAP! 🚨🚨 Received from department WhatsApp group.,0
This is to inform all students that seminar on cybersecurity will take place on Wednesday 2PM as announced. Attendance is mandatory. — Student Affairs Office,1
This is to inform all students that project viva will take place on 20th May 2026 as announced. Attendance is mandatory. — Academic Section,1
Alert from higher authorities: fest banned with immediate effect. Share urgently! Passed on from group admin.,0
Shocking revelation: workshop is a complete fraud. Share this viral truth immediately! Received from department WhatsApp group.,0
"The Dr. Mehta, Dean Academic Affairs hereby informs students that project viva is scheduled on 15th May 2026 in Main Hall. Be present on time.",1
VIRAL: college postponed - government trying to hide this. Share before its deleted! Received from department WhatsApp group.,0
Update: project viva originally scheduled for Wednesday 2PM stands confirmed. No changes have been made. — Student Affairs Office,1
"IMPORTANT MESSAGE: Due to unexpected maintenance, fest is now banned. Share immediately! Do not ignore this message.",0
The Examination Controller: The timetable for convocation ceremony is now available on the college website. Check before Tuesday 9AM.,1
"Notice from Dr. Mehta, Dean Academic Affairs: workshop on machine learning registration is now open. Last date to apply is Monday 10AM.",1
Circular No. 418: convocation ceremony will be held as per schedule on 25th May 2026. Carry your ID cards. — The Examination Controller,1
VIRAL: workshop delayed indefinitely - government trying to hide this. Share before its deleted! Please verify and share.,0
Breaking news: Secret information about annual function - they don't want you to know this! Received from department WhatsApp group.,0
"Last minute information: annual function tomorrow is suspended. Stay home, forward this message. Passed on from group admin.",0
Reminder: alumni meet registration deadline is Tuesday 9AM. Visit the administrative office for further queries. — Principal's Office,1
Circular No. 305: convocation ceremony will be held as per schedule on Tuesday 9AM. Carry your ID cards. — Student Affairs Office,1
Academic Notice: library book submission will be conducted online via the college portal on 20th May 2026. — The Registrar,1
Principal's Office announces the commencement of annual cultural fest from Friday 11AM. All students are requested to prepare accordingly.,1
"100% confirmed: college delayed indefinitely. Don't ignore this, forward to everyone now! Do not ignore this message.",0
Breaking news: Secret information about exam - they don't want you to know this! Received from department WhatsApp group.,0
"Notice from Prof. Sharma, HOD Computer Science: project viva registration is now open. Last date to apply is 1st June 2026.",1
"Notice: The mid-semester examination has been rescheduled to 20th May 2026 at 10:00 AM. Please check the official portal for details. — Dr. Mehta, Dean Academic Affairs",1
Urgent warning: college is dangerous. Forward this to protect everyone you know. Please verify and share.,0
Important: The venue for practical examination has been changed to Computer Centre. All other details remain the same. — The Examination Controller,1
Important: The venue for project viva has been changed to Computer Centre. All other details remain the same. — The Examination Controller,1
Alert from higher authorities: lab practical cancelled with immediate effect. Share urgently! Received from department WhatsApp group.,0
Shocking revelation: viva examination is a complete fraud. Share this viral truth immediately! Received from department WhatsApp group.,0
Reminder: annual cultural fest registration deadline is Friday 11AM. Visit the administrative office for further queries. — Department of Information Technology,1
Confirmed by insiders: university event is rescheduled. The real reason will shock you! Passed on from group admin.,0
MUST SHARE!!! annual function has been unexpectedly suspended. All students must know NOW!!! Do not ignore this message.,0
"IMPORTANT MESSAGE: Due to unexpected maintenance, project submission is now delayed indefinitely. Share immediately! Received from department WhatsApp group.",0
Academic Notice: scholarship application will be conducted online via the college portal on Wednesday 2PM. — Academic Section,1
Message from reliable source: project submission cancelled without prior notice. Tell everyone. Do not ignore this message.,0
Alert from higher authorities: college called off with immediate effect. Share urgently! Passed on from group admin.,0
"Dear Students, The end-semester examination scheduled for 25th May 2026 will be held as per the original timetable in Lab Block 3. — Prof. Sharma, HOD Computer Science",1
Notice: The sports meet has been rescheduled to 15th May 2026 at 10:00 AM. Please check the official portal for details. — Student Affairs Office,1
Official communication: workshop on machine learning result will be declared on Monday 10AM. Check the official website for updates. — Academic Section,1
Student Affairs Office: The timetable for convocation ceremony is now available on the college website. Check before Monday 10AM.,1
Confirmed by insiders: sports day is called off. The real reason will shock you! Do not ignore this message.,0
Students are informed that scholarship application will commence from 15th May 2026 as per the academic calendar. — Department of Information Technology,1
"100% confirmed: exam delayed indefinitely. Don't ignore this, forward to everyone now! Do not ignore this message.",0
Shocking revelation: sports day is a complete fraud. Share this viral truth immediately! Received from department WhatsApp group.,0
Breaking news: Secret information about lab practical - they don't want you to know this! Please verify and share.,0
Students of second year are reminded that end-semester examination is compulsory. Contact the office for any clarifications. — Student Affairs Office,1
You won't believe this! viva examination has been cancelled. The truth is shocking! Do not ignore this message.,0
"Last minute information: college tomorrow is cancelled. Stay home, forward this message. Received from department WhatsApp group.",0
URGENT!!! class has been CANCELLED immediately. Forward this to all students NOW!!! Received from department WhatsApp group.,0
MUST SHARE!!! project submission has been unexpectedly called off. All students must know NOW!!! This is 100% real information.,0
Message from reliable source: workshop cancelled without prior notice. Tell everyone. Received from department WhatsApp group.,0
Notice from The Registrar: library book submission registration is now open. Last date to apply is 15th May 2026.,1
Notice from Student Affairs Office: practical examination registration is now open. Last date to apply is Monday 10AM.,1
"Notice from Dr. Mehta, Dean Academic Affairs: practical examination registration is now open. Last date to apply is Wednesday 2PM.",1
"Dear Students, The sports meet scheduled for Tuesday 9AM will be held as per the original timetable in Main Hall. — The Registrar",1
"Prof. Sharma, HOD Computer Science: The timetable for sports meet is now available on the college website. Check before Friday 11AM.",1
Breaking news: Secret information about seminar - they don't want you to know this! Passed on from group admin.,0
Circular No. 202: sports meet will be held as per schedule on 1st June 2026. Carry your ID cards. — The Registrar,1
Message from reliable source: sports day cancelled without prior notice. Tell everyone. Received from department WhatsApp group.,0
Circular No. 202: result declaration will be held as per schedule on Tuesday 9AM. Carry your ID cards. — The Registrar,1
Urgent warning: seminar is dangerous. Forward this to protect everyone you know. Do not ignore this message.,0
Shocking revelation: workshop is a complete fraud. Share this viral truth immediately! Passed on from group admin.,0
"Last minute information: project submission tomorrow is banned. Stay home, forward this message. Received from department WhatsApp group.",0
WARNING: If you attend exam tomorrow you might safety hazard. Share to save people! Received from department WhatsApp group.,0
You won't believe this! sports day has been postponed. The truth is shocking! This is 100% real information.,0
"IMPORTANT MESSAGE: Due to COVID protocol, convocation is now postponed. Share immediately! Please verify and share.",0
"Dear Students, The library book submission scheduled for Friday 11AM will be held as per the original timetable in Examination Hall. — The Registrar",1
You won't believe this! lab practical has been banned. The truth is shocking! Do not ignore this message.,0
Don't attend exam! It has been postponed due to security concerns. Spread the word! Please verify and share.,0
"Dear Students, The sports meet scheduled for 15th May 2026 will be held as per the original timetable in Main Hall. — Department of Information Technology",1
Hidden truth revealed: class is not what they tell you. Spread awareness now! This is 100% real information.,0
Update: library book submission originally scheduled for 20th May 2026 stands confirmed. No changes have been made. — Department of Information Technology,1
Academic Section: The timetable for mid-semester examination is now available on the college website. Check before Tuesday 9AM.,1
Update: library book submission originally scheduled for 1st June 2026 stands confirmed. No changes have been made. — Academic Section,1
🚨🚨 ALERT: class is suspended until further notice. Tell everyone ASAP! 🚨🚨 This is 100% real information.,0
Breaking news: Secret information about result declaration - they don't want you to know this! This is 100% real information.,0
Update: practical examination originally scheduled for Wednesday 2PM stands confirmed. No changes have been made. — The Registrar,1
BREAKING: sports day postponed due to government order. Share with everyone immediately! This is 100% real information.,0
Important: The venue for alumni meet has been changed to Room 204. All other details remain the same. — Student Affairs Office,1
Important: The venue for industrial visit has been changed to Computer Centre. All other details remain the same. — Student Affairs Office,1
Reminder: industrial visit registration deadline is Friday 11AM. Visit the administrative office for further queries. — Principal's Office,1
Don't attend result declaration! It has been cancelled due to security concerns. Spread the word! Do not ignore this message.,0
The The Registrar hereby informs students that practical examination is scheduled on Wednesday 2PM in Main Hall. Be present on time.,1
Academic Notice: project viva will be conducted online via the college portal on 25th May 2026. — Student Affairs Office,1
Circular No. 523: practical examination will be held as per schedule on Friday 11AM. Carry your ID cards. — Principal's Office,1
Message from reliable source: workshop cancelled without prior notice. Tell everyone. This is 100% real information.,0
🚨🚨 ALERT: annual function is suspended until further notice. Tell everyone ASAP! 🚨🚨 Received from department WhatsApp group.,0
Academic Notice: result declaration will be conducted online via the college portal on Wednesday 2PM. — Student Affairs Office,1
Breaking news: Secret information about university event - they don't want you to know this! Do not ignore this message.,0
Confirmed by insiders: college is merged with another event. The real reason will shock you! Passed on from group admin.,0
Reminder: convocation ceremony registration deadline is 15th May 2026. Visit the administrative office for further queries. — Student Affairs Office,1
"Students are informed that scholarship application will commence from Friday 11AM as per the academic calendar. — Prof. Sharma, HOD Computer Science",1
Notice: The seminar on cybersecurity has been rescheduled to 15th May 2026 at 2:00 PM. Please check the official portal for details. — Student Affairs Office,1
Students are informed that project viva will commence from Wednesday 2PM as per the academic calendar. — The Examination Controller,1
Students are informed that result declaration will commence from 15th May 2026 as per the academic calendar. — The Registrar,1
This is to inform all students that fee payment will take place on Tuesday 9AM as announced. Attendance is mandatory. — Principal's Office,1
EXCLUSIVE LEAKED INFO: fest is completely merged with another event. Share before it gets deleted! This is 100% real information.,0
Breaking news: Secret information about exam - they don't want you to know this! Received from department WhatsApp group.,0
"IMPORTANT MESSAGE: Due to water shortage, workshop is now merged with another event. Share immediately! This is 100% real information.",0
EXCLUSIVE LEAKED INFO: class is completely postponed. Share before it gets deleted! This is 100% real information.,0
URGENT!!! workshop has been CANCELLED immediately. Forward this to all students NOW!!! Passed on from group admin.,0
Urgent warning: lab practical is dangerous. Forward this to protect everyone you know. This is 100% real information.,0
"Update: result declaration originally scheduled for 20th May 2026 stands confirmed. No changes have been made. — Prof. Sharma, HOD Computer Science",1
Reminder: annual cultural fest registration deadline is Friday 11AM. Visit the administrative office for further queries. — Academic Section,1
Notice from Principal's Office: scholarship application registration is now open. Last date to apply is 15th May 2026.,1
This is to inform all students that sports meet will take place on Tuesday 9AM as announced. Attendance is mandatory. — The Examination Controller,1
Update: mid-semester examination originally scheduled for 20th May 2026 stands confirmed. No changes have been made. — The Registrar,1
Confirmed by insiders: lab practical is suspended. The real reason will shock you! This is 100% real information.,0
"Notice from Dr. Mehta, Dean Academic Affairs: result declaration registration is now open. Last date to apply is 25th May 2026.",1
Academic Section: The timetable for mid-semester examination is now available on the college website. Check before Monday 10AM.,1
Students of first year are reminded that fee payment is compulsory. Contact the office for any clarifications. — The Registrar,1
Update: annual cultural fest originally scheduled for Monday 10AM stands confirmed. No changes have been made. — Department of Information Technology,1
"100% confirmed: class called off. Don't ignore this, forward to everyone now! This is 100% real information.",0
URGENT!!! class has been CANCELLED immediately. Forward this to all students NOW!!! Please verify and share.,0
Hidden truth revealed: university event is not what they tell you. Spread awareness now! Passed on from group admin.,0
"IMPORTANT MESSAGE: Due to government order, sports day is now suspended. Share immediately! Do not ignore this message.",0
"Notice: The seminar on cybersecurity has been rescheduled to 1st June 2026 at 10:00 AM. Please check the official portal for details. — Prof. Sharma, HOD Computer Science",1
Circular No. 305: result declaration will be held as per schedule on Monday 10AM. Carry your ID cards. — The Examination Controller,1
VIRAL: project submission rescheduled - government trying to hide this. Share before its deleted! Received from department WhatsApp group.,0
Don't attend workshop! It has been merged with another event due to unexpected maintenance. Spread the word! Please verify and share.,0
Official communication: alumni meet result will be declared on 25th May 2026. Check the official website for updates. — The Registrar,1
Reminder: workshop on machine learning registration deadline is Friday 11AM. Visit the administrative office for further queries. — The Registrar,1
Notice from The Examination Controller: fee payment registration is now open. Last date to apply is Friday 11AM.,1
Notice from The Examination Controller: result declaration registration is now open. Last date to apply is 25th May 2026.,1
You won't believe this! workshop has been banned. The truth is shocking! Please verify and share.,0
Notice from The Registrar: fee payment registration is now open. Last date to apply is Wednesday 2PM.,1
"Dear Students, The fee payment scheduled for Friday 11AM will be held as per the original timetable in Seminar Hall. — Dr. Mehta, Dean Academic Affairs",1
This is to inform all students that seminar on cybersecurity will take place on 20th May 2026 as announced. Attendance is mandatory. — The Examination Controller,1
"Important: The venue for scholarship application has been changed to Computer Centre. All other details remain the same. — Prof. Sharma, HOD Computer Science",1
Alert from higher authorities: college postponed with immediate effect. Share urgently! Please verify and share.,0
The Department of Information Technology hereby informs students that seminar on cybersecurity is scheduled on Wednesday 2PM in Auditorium A. Be present on time.,1
Message from reliable source: convocation cancelled without prior notice. Tell everyone. Do not ignore this message.,0
Reminder: project viva registration deadline is 20th May 2026. Visit the administrative office for further queries. — The Examination Controller,1
Circular No. 101: alumni meet will be held as per schedule on 20th May 2026. Carry your ID cards. — Academic Section,1
WARNING: If you attend annual function tomorrow you might technical issues. Share to save people! Passed on from group admin.,0
EXCLUSIVE LEAKED INFO: result declaration is completely suspended. Share before it gets deleted! This is 100% real information.,0
The Registrar: The timetable for end-semester examination is now available on the college website. Check before Tuesday 9AM.,1
Students of first year are reminded that practical examination is compulsory. Contact the office for any clarifications. — Student Affairs Office,1
Breaking news: Secret information about college - they don't want you to know this! Received from department WhatsApp group.,0
*Forwarded as received* fest will not happen tomorrow. Reliable source confirmed. Passed on from group admin.,0
BREAKING: convocation postponed due to water shortage. Share with everyone immediately! This is 100% real information.,0
URGENT!!! convocation has been CANCELLED immediately. Forward this to all students NOW!!! Do not ignore this message.,0
URGENT!!! sports day has been CANCELLED immediately. Forward this to all students NOW!!! Passed on from group admin.,0
🚨🚨 ALERT: project submission is suspended until further notice. Tell everyone ASAP! 🚨🚨 Passed on from group admin.,0
🚨🚨 ALERT: sports day is suspended until further notice. Tell everyone ASAP! 🚨🚨 Do not ignore this message.,0
Breaking news: Secret information about class - they don't want you to know this! Received from department WhatsApp group.,0
"Last minute information: fest tomorrow is called off. Stay home, forward this message. This is 100% real information.",0
Hidden truth revealed: sports day is not what they tell you. Spread awareness now! Do not ignore this message.,0
Notice: The result declaration has been rescheduled to Tuesday 9AM at 11:00 AM. Please check the official portal for details. — Student Affairs Office,1
Hidden truth revealed: sports day is not what they tell you. Spread awareness now! Passed on from group admin.,0
"This is to inform all students that practical examination will take place on Tuesday 9AM as announced. Attendance is mandatory. — Prof. Sharma, HOD Computer Science",1
"IMPORTANT MESSAGE: Due to government order, result declaration is now merged with another event. Share immediately! This is 100% real information.",0
"Notice: The project viva has been rescheduled to Tuesday 9AM at 11:00 AM. Please check the official portal for details. — Dr. Mehta, Dean Academic Affairs",1
Principal's Office: The timetable for workshop on machine learning is now available on the college website. Check before Wednesday 2PM.,1
This is to inform all students that project viva will take place on Monday 10AM as announced. Attendance is mandatory. — Academic Section,1
Circular No. 101: scholarship application will be held as per schedule on 1st June 2026. Carry your ID cards. — Department of Information Technology,1
You won't believe this! viva examination has been delayed indefinitely. The truth is shocking! Received from department WhatsApp group.,0
🚨🚨 ALERT: college is suspended until further notice. Tell everyone ASAP! 🚨🚨 Do not ignore this message.,0
Official communication: result declaration result will be declared on Tuesday 9AM. Check the official website for updates. — The Examination Controller,1
Urgent warning: annual function is dangerous. Forward this to protect everyone you know. This is 100% real information.,0
"Notice: The result declaration has been rescheduled to Tuesday 9AM at 2:00 PM. Please check the official portal for details. — Prof. Sharma, HOD Computer Science",1
"IMPORTANT MESSAGE: Due to COVID protocol, fest is now banned. Share immediately! Please verify and share.",0
Hidden truth revealed: fest is not what they tell you. Spread awareness now! Do not ignore this message.,0
You won't believe this! workshop has been delayed indefinitely. The truth is shocking! Passed on from group admin.,0
Academic Notice: scholarship application will be conducted online via the college portal on 20th May 2026. — Department of Information Technology,1
Alert from higher authorities: workshop called off with immediate effect. Share urgently! This is 100% real information.,0
Alert from higher authorities: annual function cancelled with immediate effect. Share urgently! Received from department WhatsApp group.,0
Alert from higher authorities: convocation moved online with immediate effect. Share urgently! Please verify and share.,0
Students of all are reminded that result declaration is compulsory. Contact the office for any clarifications. — Principal's Office,1
"Last minute information: result declaration tomorrow is cancelled. Stay home, forward this message. Received from department WhatsApp group.",0
WARNING: If you attend class tomorrow you might technical issues. Share to save people! This is 100% real information.,0
Student Affairs Office announces the commencement of mid-semester examination from Friday 11AM. All students are requested to prepare accordingly.,1
"Students are informed that end-semester examination will commence from Tuesday 9AM as per the academic calendar. — Prof. Sharma, HOD Computer Science",1
The Student Affairs Office hereby informs students that practical examination is scheduled on Friday 11AM in Computer Centre. Be present on time.,1
Don't attend seminar! It has been suspended due to safety hazard. Spread the word! This is 100% real information.,0
URGENT!!! university event has been CANCELLED immediately. Forward this to all students NOW!!! Passed on from group admin.,0
Students are informed that project viva will commence from 15th May 2026 as per the academic calendar. — Principal's Office,1
This is to inform all students that mid-semester examination will take place on Tuesday 9AM as announced. Attendance is mandatory. — The Examination Controller,1
"100% confirmed: sports day rescheduled. Don't ignore this, forward to everyone now! Please verify and share.",0
Academic Notice: industrial visit will be conducted online via the college portal on 15th May 2026. — Academic Section,1
"The Dr. Mehta, Dean Academic Affairs hereby informs students that result declaration is scheduled on 20th May 2026 in Seminar Hall. Be present on time.",1
"Academic Notice: end-semester examination will be conducted online via the college portal on Tuesday 9AM. — Prof. Sharma, HOD Computer Science",1
Department of Information Technology: The timetable for workshop on machine learning is now available on the college website. Check before 1st June 2026.,1
"Last minute information: fest tomorrow is called off. Stay home, forward this message. Passed on from group admin.",0
"IMPORTANT MESSAGE: Due to security concerns, university event is now called off. Share immediately! Do not ignore this message.",0
URGENT!!! fest has been CANCELLED immediately. Forward this to all students NOW!!! This is 100% real information.,0
*Forwarded as received* project submission will not happen tomorrow. Reliable source confirmed. Please verify and share.,0
Message from reliable source: university event cancelled without prior notice. Tell everyone. Do not ignore this message.,0
"Students are informed that annual cultural fest will commence from Wednesday 2PM as per the academic calendar. — Prof. Sharma, HOD Computer Science",1
"Academic Notice: mid-semester examination will be conducted online via the college portal on Tuesday 9AM. — Prof. Sharma, HOD Computer Science",1
Hidden truth revealed: convocation is not what they tell you. Spread awareness now! This is 100% real information.,0
Notice from The Registrar: sports meet registration is now open. Last date to apply is Monday 10AM.,1
Hidden truth revealed: annual function is not what they tell you. Spread awareness now! This is 100% real information.,0
Urgent warning: seminar is dangerous. Forward this to protect everyone you know. Please verify and share.,0
VIRAL: convocation delayed indefinitely - government trying to hide this. Share before its deleted! Passed on from group admin.,0
You won't believe this! university event has been postponed. The truth is shocking! Do not ignore this message.,0
Circular No. 418: convocation ceremony will be held as per schedule on 20th May 2026. Carry your ID cards. — The Examination Controller,1
"Reminder: library book submission registration deadline is 20th May 2026. Visit the administrative office for further queries. — Dr. Mehta, Dean Academic Affairs",1
Reminder: seminar on cybersecurity registration deadline is 15th May 2026. Visit the administrative office for further queries. — The Registrar,1
Don't attend exam! It has been rescheduled due to COVID protocol. Spread the word! Passed on from group admin.,0
Student Affairs Office announces the commencement of result declaration from 15th May 2026. All students are requested to prepare accordingly.,1
"Dear Students, The industrial visit scheduled for Wednesday 2PM will be held as per the original timetable in Computer Centre. — Principal's Office",1
Academic Section announces the commencement of result declaration from Friday 11AM. All students are requested to prepare accordingly.,1
You won't believe this! workshop has been banned. The truth is shocking! This is 100% real information.,0
*Forwarded as received* lab practical will not happen tomorrow. Reliable source confirmed. Do not ignore this message.,0
"IMPORTANT MESSAGE: Due to unexpected maintenance, sports day is now moved online. Share immediately! Passed on from group admin.",0
This is to inform all students that seminar on cybersecurity will take place on Wednesday 2PM as announced. Attendance is mandatory. — The Examination Controller,1
Alert from higher authorities: lab practical delayed indefinitely with immediate effect. Share urgently! This is 100% real information.,0
Message from reliable source: exam cancelled without prior notice. Tell everyone. Passed on from group admin.,0
🚨🚨 ALERT: lab practical is suspended until further notice. Tell everyone ASAP! 🚨🚨 This is 100% real information.,0
Circular No. 101: mid-semester examination will be held as per schedule on Wednesday 2PM. Carry your ID cards. — Academic Section,1
Breaking news: Secret information about seminar - they don't want you to know this! Passed on from group admin.,0
The The Registrar hereby informs students that practical examination is scheduled on Monday 10AM in Auditorium A. Be present on time.,1
"Circular No. 305: result declaration will be held as per schedule on Monday 10AM. Carry your ID cards. — Prof. Sharma, HOD Computer Science",1
Academic Notice: seminar on cybersecurity will be conducted online via the college portal on 25th May 2026. — The Registrar,1
Official communication: convocation ceremony result will be declared on Monday 10AM. Check the official website for updates. — Academic Section,1
*Forwarded as received* university event will not happen tomorrow. Reliable source confirmed. Passed on from group admin.,0
Shocking revelation: fest is a complete fraud. Share this viral truth immediately! Please verify and share.,0
BREAKING: project submission postponed due to power failure. Share with everyone immediately! This is 100% real information.,0
EXCLUSIVE LEAKED INFO: fest is completely cancelled. Share before it gets deleted! This is 100% real information.,0
Students are informed that convocation ceremony will commence from 15th May 2026 as per the academic calendar. — Department of Information Technology,1
Hidden truth revealed: result declaration is not what they tell you. Spread awareness now! Please verify and share.,0
Official communication: project viva result will be declared on Monday 10AM. Check the official website for updates. — The Examination Controller,1
This is to inform all students that workshop on machine learning will take place on 15th May 2026 as announced. Attendance is mandatory. — Student Affairs Office,1
VIRAL: college cancelled - government trying to hide this. Share before its deleted! This is 100% real information.,0
"Academic Notice: workshop on machine learning will be conducted online via the college portal on Monday 10AM. — Prof. Sharma, HOD Computer Science",1
🚨🚨 ALERT: exam is suspended until further notice. Tell everyone ASAP! 🚨🚨 This is 100% real information.,0
This is to inform all students that fee payment will take place on Monday 10AM as announced. Attendance is mandatory. — Student Affairs Office,1
"Circular No. 523: fee payment will be held as per schedule on 25th May 2026. Carry your ID cards. — Prof. Sharma, HOD Computer Science",1
Alert from higher authorities: workshop postponed with immediate effect. Share urgently! Passed on from group admin.,0
Students of first year are reminded that practical examination is compulsory. Contact the office for any clarifications. — The Examination Controller,1
"Prof. Sharma, HOD Computer Science: The timetable for industrial visit is now available on the college website. Check before Wednesday 2PM.",1
VIRAL: sports day merged with another event - government trying to hide this. Share before its deleted! This is 100% real information.,0
EXCLUSIVE LEAKED INFO: exam is completely delayed indefinitely. Share before it gets deleted! Do not ignore this message.,0
"Last minute information: sports day tomorrow is moved online. Stay home, forward this message. Passed on from group admin.",0
"IMPORTANT MESSAGE: Due to staff absence, viva examination is now moved online. Share immediately! Passed on from group admin.",0
Confirmed by insiders: lab practical is suspended. The real reason will shock you! Received from department WhatsApp group.,0
URGENT!!! university event has been CANCELLED immediately. Forward this to all students NOW!!! Passed on from group admin.,0
URGENT!!! project submission has been CANCELLED immediately. Forward this to all students NOW!!! Please verify and share.,0
Students of first year are reminded that scholarship application is compulsory. Contact the office for any clarifications. — The Registrar,1
Students are informed that mid-semester examination will commence from 20th May 2026 as per the academic calendar. — The Examination Controller,1
Alert from higher authorities: lab practical cancelled with immediate effect. Share urgently! Passed on from group admin.,0
Notice: The convocation ceremony has been rescheduled to 1st June 2026 at 11:00 AM. Please check the official portal for details. — The Examination Controller,1
Important: The venue for annual cultural fest has been changed to Lab Block 3. All other details remain the same. — The Examination Controller,1
*Forwarded as received* annual function will not happen tomorrow. Reliable source confirmed. This is 100% real information.,0
You won't believe this! fest has been moved online. The truth is shocking! Passed on from group admin.,0
Students of first year are reminded that project viva is compulsory. Contact the office for any clarifications. — Department of Information Technology,1
Don't attend class! It has been postponed due to staff absence. Spread the word! This is 100% real information.,0
Reminder: fee payment registration deadline is Wednesday 2PM. Visit the administrative office for further queries. — The Registrar,1
"Dear Students, The fee payment scheduled for 20th May 2026 will be held as per the original timetable in Lab Block 3. — Principal's Office",1
"IMPORTANT MESSAGE: Due to government order, exam is now merged with another event. Share immediately! Passed on from group admin.",0
Circular No. 101: end-semester examination will be held as per schedule on Friday 11AM. Carry your ID cards. — Department of Information Technology,1
Alert from higher authorities: exam delayed indefinitely with immediate effect. Share urgently! Do not ignore this message.,0
Important: The venue for alumni meet has been changed to Auditorium A. All other details remain the same. — Principal's Office,1
"The Dr. Mehta, Dean Academic Affairs hereby informs students that convocation ceremony is scheduled on 20th May 2026 in Examination Hall. Be present on time.",1
VIRAL: class delayed indefinitely - government trying to hide this. Share before its deleted! Received from department WhatsApp group.,0
Breaking news: Secret information about annual function - they don't want you to know this! Do not ignore this message.,0
"Notice from Prof. Sharma, HOD Computer Science: fee payment registration is now open. Last date to apply is Monday 10AM.",1
You won't believe this! project submission has been banned. The truth is shocking! Passed on from group admin.,0
URGENT!!! convocation has been CANCELLED immediately. Forward this to all students NOW!!! Do not ignore this message.,0
BREAKING: project submission postponed due to power failure. Share with everyone immediately! This is 100% real information.,0
Academic Notice: project viva will be conducted online via the college portal on 15th May 2026. — The Examination Controller,1
Alert from higher authorities: convocation merged with another event with immediate effect. Share urgently! This is 100% real information.,0
Don't attend college! It has been postponed due to unexpected maintenance. Spread the word! This is 100% real information.,0
You won't believe this! seminar has been banned. The truth is shocking! Please verify and share.,0
"Official communication: annual cultural fest result will be declared on Tuesday 9AM. Check the official website for updates. — Prof. Sharma, HOD Computer Science",1
Shocking revelation: annual function is a complete fraud. Share this viral truth immediately! Please verify and share.,0
WARNING: If you attend fest tomorrow you might security concerns. Share to save people! Passed on from group admin.,0
Circular No. 101: library book submission will be held as per schedule on Friday 11AM. Carry your ID cards. — Principal's Office,1
"Prof. Sharma, HOD Computer Science: The timetable for end-semester examination is now available on the college website. Check before 15th May 2026.",1
MUST SHARE!!! fest has been unexpectedly postponed. All students must know NOW!!! This is 100% real information.,0
VIRAL: seminar cancelled - government trying to hide this. Share before its deleted! Passed on from group admin.,0
"Last minute information: lab practical tomorrow is suspended. Stay home, forward this message. Do not ignore this message.",0
Notice from Academic Section: seminar on cybersecurity registration is now open. Last date to apply is 25th May 2026.,1
Official communication: alumni meet result will be declared on Wednesday 2PM. Check the official website for updates. — Department of Information Technology,1
"Notice: The result declaration has been rescheduled to Tuesday 9AM at 10:00 AM. Please check the official portal for details. — Prof. Sharma, HOD Computer Science",1
Shocking revelation: result declaration is a complete fraud. Share this viral truth immediately! Do not ignore this message.,0
Notice from Student Affairs Office: alumni meet registration is now open. Last date to apply is Wednesday 2PM.,1
URGENT!!! result declaration has been CANCELLED immediately. Forward this to all students NOW!!! Do not ignore this message.,0
Notice: The industrial visit has been rescheduled to 1st June 2026 at 9:30 AM. Please check the official portal for details. — Department of Information Technology,1
Notice: The project viva has been rescheduled to 15th May 2026 at 9:30 AM. Please check the official portal for details. — Student Affairs Office,1
Confirmed by insiders: fest is called off. The real reason will shock you! This is 100% real information.,0
WARNING: If you attend workshop tomorrow you might security concerns. Share to save people! This is 100% real information.,0
WARNING: If you attend college tomorrow you might unexpected maintenance. Share to save people! Received from department WhatsApp group.,0
Student Affairs Office announces the commencement of sports meet from Friday 11AM. All students are requested to prepare accordingly.,1
VIRAL: seminar postponed - government trying to hide this. Share before its deleted! Do not ignore this message.,0
Update: project viva originally scheduled for 25th May 2026 stands confirmed. No changes have been made. — The Registrar,1
Hidden truth revealed: workshop is not what they tell you. Spread awareness now! This is 100% real information.,0
Reminder: mid-semester examination registration deadline is Tuesday 9AM. Visit the administrative office for further queries. — The Registrar,1
Department of Information Technology: The timetable for annual cultural fest is now available on the college website. Check before Wednesday 2PM.,1
"Students are informed that industrial visit will commence from Wednesday 2PM as per the academic calendar. — Dr. Mehta, Dean Academic Affairs",1
"Last minute information: convocation tomorrow is delayed indefinitely. Stay home, forward this message. Received from department WhatsApp group.",0
WARNING: If you attend college tomorrow you might power failure. Share to save people! Please verify and share.,0
"Update: workshop on machine learning originally scheduled for Friday 11AM stands confirmed. No changes have been made. — Dr. Mehta, Dean Academic Affairs",1
Alert from higher authorities: seminar rescheduled with immediate effect. Share urgently! Received from department WhatsApp group.,0
"Circular No. 523: mid-semester examination will be held as per schedule on Wednesday 2PM. Carry your ID cards. — Prof. Sharma, HOD Computer Science",1
Student Affairs Office: The timetable for result declaration is now available on the college website. Check before Monday 10AM.,1
🚨🚨 ALERT: seminar is suspended until further notice. Tell everyone ASAP! 🚨🚨 Received from department WhatsApp group.,0
URGENT!!! lab practical has been CANCELLED immediately. Forward this to all students NOW!!! Received from department WhatsApp group.,0
VIRAL: class called off - government trying to hide this. Share before its deleted! Passed on from group admin.,0
Official communication: annual cultural fest result will be declared on 15th May 2026. Check the official website for updates. — Student Affairs Office,1
Breaking news: Secret information about project submission - they don't want you to know this! This is 100% real information.,0
"Dear Students, The annual cultural fest scheduled for 15th May 2026 will be held as per the original timetable in Room 204. — Principal's Office",1
Students are informed that fee payment will commence from 1st June 2026 as per the academic calendar. — The Examination Controller,1
Urgent warning: annual function is dangerous. Forward this to protect everyone you know. Please verify and share.,0
Circular No. 305: industrial visit will be held as per schedule on Tuesday 9AM. Carry your ID cards. — Principal's Office,1
"IMPORTANT MESSAGE: Due to unexpected maintenance, exam is now cancelled. Share immediately! Do not ignore this message.",0
EXCLUSIVE LEAKED INFO: viva examination is completely banned. Share before it gets deleted! This is 100% real information.,0
🚨🚨 ALERT: convocation is suspended until further notice. Tell everyone ASAP! 🚨🚨 Passed on from group admin.,0
"IMPORTANT MESSAGE: Due to administrative decision, class is now rescheduled. Share immediately! This is 100% real information.",0
MUST SHARE!!! convocation has been unexpectedly moved online. All students must know NOW!!! This is 100% real information.,0
Official communication: sports meet result will be declared on Tuesday 9AM. Check the official website for updates. — The Registrar,1
The Registrar: The timetable for result declaration is now available on the college website. Check before Tuesday 9AM.,1
Students are informed that library book submission will commence from 20th May 2026 as per the academic calendar. — Department of Information Technology,1
WARNING: If you attend exam tomorrow you might power failure. Share to save people! Please verify and share.,0
Official communication: industrial visit result will be declared on Monday 10AM. Check the official website for updates. — Department of Information Technology,1
BREAKING: convocation postponed due to COVID protocol. Share with everyone immediately! This is 100% real information.,0
"Official communication: scholarship application result will be declared on 15th May 2026. Check the official website for updates. — Dr. Mehta, Dean Academic Affairs",1
Message from reliable source: seminar cancelled without prior notice. Tell everyone. Please verify and share.,0
Students of final year are reminded that end-semester examination is compulsory. Contact the office for any clarifications. — The Examination Controller,1
Students are informed that sports meet will commence from 25th May 2026 as per the academic calendar. — Principal's Office,1
You won't believe this! workshop has been rescheduled. The truth is shocking! Please verify and share.,0
*Forwarded as received* university event will not happen tomorrow. Reliable source confirmed. Do not ignore this message.,0
Hidden truth revealed: convocation is not what they tell you. Spread awareness now! This is 100% real information.,0
"Students of first year are reminded that result declaration is compulsory. Contact the office for any clarifications. — Dr. Mehta, Dean Academic Affairs",1
Official communication: practical examination result will be declared on Tuesday 9AM. Check the official website for updates. — Academic Section,1
Principal's Office announces the commencement of convocation ceremony from 20th May 2026. All students are requested to prepare accordingly.,1
Official communication: result declaration result will be declared on 15th May 2026. Check the official website for updates. — Department of Information Technology,1
The Examination Controller announces the commencement of end-semester examination from Tuesday 9AM. All students are requested to prepare accordingly.,1
"Last minute information: lab practical tomorrow is banned. Stay home, forward this message. Received from department WhatsApp group.",0
"Academic Notice: annual cultural fest will be conducted online via the college portal on Wednesday 2PM. — Prof. Sharma, HOD Computer Science",1
Official communication: sports meet result will be declared on Friday 11AM. Check the official website for updates. — The Registrar,1
"100% confirmed: lab practical delayed indefinitely. Don't ignore this, forward to everyone now! Please verify and share.",0
Reminder: alumni meet registration deadline is 1st June 2026. Visit the administrative office for further queries. — Academic Section,1
Important: The venue for workshop on machine learning has been changed to Auditorium A. All other details remain the same. — The Examination Controller,1
"IMPORTANT MESSAGE: Due to technical issues, lab practical is now merged with another event. Share immediately! Do not ignore this message.",0
"Students of first year are reminded that scholarship application is compulsory. Contact the office for any clarifications. — Dr. Mehta, Dean Academic Affairs",1
"Academic Notice: library book submission will be conducted online via the college portal on 25th May 2026. — Prof. Sharma, HOD Computer Science",1
Confirmed by insiders: college is rescheduled. The real reason will shock you! Do not ignore this message.,0
VIRAL: seminar rescheduled - government trying to hide this. Share before its deleted! Passed on from group admin.,0
WARNING: If you attend fest tomorrow you might COVID protocol. Share to save people! Passed on from group admin.,0
Hidden truth revealed: fest is not what they tell you. Spread awareness now! Received from department WhatsApp group.,0
Don't attend sports day! It has been postponed due to power failure. Spread the word! Received from department WhatsApp group.,0
WARNING: If you attend workshop tomorrow you might government order. Share to save people! Please verify and share.,0
Students are informed that mid-semester examination will commence from 1st June 2026 as per the academic calendar. — Department of Information Technology,1
Students are informed that mid-semester examination will commence from 20th May 2026 as per the academic calendar. — Academic Section,1
Important: The venue for mid-semester examination has been changed to Examination Hall. All other details remain the same. — Department of Information Technology,1
Hidden truth revealed: workshop is not what they tell you. Spread awareness now! Do not ignore this message.,0
"Notice: The scholarship application has been rescheduled to 20th May 2026 at 11:00 AM. Please check the official portal for details. — Dr. Mehta, Dean Academic Affairs",1
Breaking news: Secret information about project submission - they don't want you to know this! Do not ignore this message.,0
"Last minute information: sports day tomorrow is merged with another event. Stay home, forward this message. Received from department WhatsApp group.",0
Students are informed that fee payment will commence from 1st June 2026 as per the academic calendar. — The Examination Controller,1
Official communication: result declaration result will be declared on Tuesday 9AM. Check the official website for updates. — Principal's Office,1
"Dr. Mehta, Dean Academic Affairs announces the commencement of annual cultural fest from 25th May 2026. All students are requested to prepare accordingly.",1
"Dear Students, The workshop on machine learning scheduled for Friday 11AM will be held as per the original timetable in Examination Hall. — The Registrar",1
Don't attend convocation! It has been rescheduled due to staff absence. Spread the word! Please verify and share.,0
Academic Notice: fee payment will be conducted online via the college portal on Wednesday 2PM. — The Registrar,1
*Forwarded as received* sports day will not happen tomorrow. Reliable source confirmed. Passed on from group admin.,0
Don't attend exam! It has been merged with another event due to safety hazard. Spread the word! Do not ignore this message.,0
*Forwarded as received* result declaration will not happen tomorrow. Reliable source confirmed. Do not ignore this message.,0
Breaking news: Secret information about convocation - they don't want you to know this! Do not ignore this message.,0
Hidden truth revealed: seminar is not what they tell you. Spread awareness now! Do not ignore this message.,0
"Dr. Mehta, Dean Academic Affairs: The timetable for project viva is now available on the college website. Check before 15th May 2026.",1
"Update: practical examination originally scheduled for Tuesday 9AM stands confirmed. No changes have been made. — Dr. Mehta, Dean Academic Affairs",1
"Academic Notice: annual cultural fest will be conducted online via the college portal on Wednesday 2PM. — Dr. Mehta, Dean Academic Affairs",1
You won't believe this! exam has been banned. The truth is shocking! This is 100% real information.,0
The Principal's Office hereby informs students that industrial visit is scheduled on 25th May 2026 in Computer Centre. Be present on time.,1
"Update: annual cultural fest originally scheduled for 1st June 2026 stands confirmed. No changes have been made. — Prof. Sharma, HOD Computer Science",1
VIRAL: seminar banned - government trying to hide this. Share before its deleted! Received from department WhatsApp group.,0
*Forwarded as received* result declaration will not happen tomorrow. Reliable source confirmed. Please verify and share.,0
The Department of Information Technology hereby informs students that end-semester examination is scheduled on 20th May 2026 in Examination Hall. Be present on time.,1
MUST SHARE!!! project submission has been unexpectedly merged with another event. All students must know NOW!!! Do not ignore this message.,0
"Students of third year are reminded that practical examination is compulsory. Contact the office for any clarifications. — Prof. Sharma, HOD Computer Science",1
VIRAL: exam postponed - government trying to hide this. Share before its deleted! Do not ignore this message.,0
"Notice: The practical examination has been rescheduled to 25th May 2026 at 9:30 AM. Please check the official portal for details. — Prof. Sharma, HOD Computer Science",1
MUST SHARE!!! lab practical has been unexpectedly moved online. All students must know NOW!!! Do not ignore this message.,0
This is to inform all students that end-semester examination will take place on 25th May 2026 as announced. Attendance is mandatory. — Student Affairs Office,1
Breaking news: Secret information about annual function - they don't want you to know this! Do not ignore this message.,0
Notice from The Examination Controller: end-semester examination registration is now open. Last date to apply is Wednesday 2PM.,1
Breaking news: Secret information about exam - they don't want you to know this! Please verify and share.,0
BREAKING: result declaration postponed due to water shortage. Share with everyone immediately! Received from department WhatsApp group.,0
"Students are informed that workshop on machine learning will commence from 15th May 2026 as per the academic calendar. — Prof. Sharma, HOD Computer Science",1
VIRAL: workshop merged with another event - government trying to hide this. Share before its deleted! Please verify and share.,0
Students of second year are reminded that result declaration is compulsory. Contact the office for any clarifications. — The Examination Controller,1
Notice from Academic Section: practical examination registration is now open. Last date to apply is Friday 11AM.,1
Important: The venue for end-semester examination has been changed to Auditorium A. All other details remain the same. — Principal's Office,1
EXCLUSIVE LEAKED INFO: lab practical is completely called off. Share before it gets deleted! Do not ignore this message.,0
Confirmed by insiders: fest is postponed. The real reason will shock you! Do not ignore this message.,0
You won't believe this! workshop has been postponed. The truth is shocking! Please verify and share.,0
"Prof. Sharma, HOD Computer Science: The timetable for sports meet is now available on the college website. Check before 1st June 2026.",1
You won't believe this! project submission has been rescheduled. The truth is shocking! This is 100% real information.,0
🚨🚨 ALERT: fest is suspended until further notice. Tell everyone ASAP! 🚨🚨 This is 100% real information.,0
Important: The venue for scholarship application has been changed to Auditorium A. All other details remain the same. — Principal's Office,1
Students are informed that practical examination will commence from Friday 11AM as per the academic calendar. — The Examination Controller,1
Students of first year are reminded that convocation ceremony is compulsory. Contact the office for any clarifications. — Department of Information Technology,1
Breaking news: Secret information about result declaration - they don't want you to know this! Do not ignore this message.,0
BREAKING: project submission postponed due to safety hazard. Share with everyone immediately! Received from department WhatsApp group.,0
Academic Notice: practical examination will be conducted online via the college portal on 1st June 2026. — Academic Section,1
Update: convocation ceremony originally scheduled for 15th May 2026 stands confirmed. No changes have been made. — Academic Section,1
"IMPORTANT MESSAGE: Due to COVID protocol, viva examination is now called off. Share immediately! Do not ignore this message.",0
"Official communication: workshop on machine learning result will be declared on 15th May 2026. Check the official website for updates. — Dr. Mehta, Dean Academic Affairs",1
EXCLUSIVE LEAKED INFO: lab practical is completely rescheduled. Share before it gets deleted! Received from department WhatsApp group.,0
The Principal's Office hereby informs students that project viva is scheduled on Tuesday 9AM in Main Hall. Be present on time.,1
Breaking news: Secret information about university event - they don't want you to know this! Received from department WhatsApp group.,0
WARNING: If you attend university event tomorrow you might unexpected maintenance. Share to save people! Please verify and share.,0
"Important: The venue for annual cultural fest has been changed to Room 204. All other details remain the same. — Dr. Mehta, Dean Academic Affairs",1
The Academic Section hereby informs students that convocation ceremony is scheduled on 1st June 2026 in Auditorium A. Be present on time.,1
Don't attend workshop! It has been delayed indefinitely due to water shortage. Spread the word! Please verify and share.,0
Students are informed that seminar on cybersecurity will commence from Tuesday 9AM as per the academic calendar. — The Examination Controller,1
URGENT!!! result declaration has been CANCELLED immediately. Forward this to all students NOW!!! Do not ignore this message.,0
Breaking news: Secret information about sports day - they don't want you to know this! Please verify and share.,0
Notice: The mid-semester examination has been rescheduled to Tuesday 9AM at 10:00 AM. Please check the official portal for details. — Academic Section,1
Breaking news: Secret information about convocation - they don't want you to know this! Passed on from group admin.,0
"Prof. Sharma, HOD Computer Science announces the commencement of project viva from Wednesday 2PM. All students are requested to prepare accordingly.",1
Important: The venue for end-semester examination has been changed to Computer Centre. All other details remain the same. — Student Affairs Office,1
"100% confirmed: convocation banned. Don't ignore this, forward to everyone now! Received from department WhatsApp group.",0
Update: alumni meet originally scheduled for 1st June 2026 stands confirmed. No changes have been made. — Academic Section,1
Confirmed by insiders: fest is banned. The real reason will shock you! Passed on from group admin.,0
Reminder: workshop on machine learning registration deadline is 15th May 2026. Visit the administrative office for further queries. — Academic Section,1
Don't attend convocation! It has been merged with another event due to administrative decision. Spread the word! Received from department WhatsApp group.,0
The Registrar: The timetable for practical examination is now available on the college website. Check before Monday 10AM.,1
Academic Notice: result declaration will be conducted online via the college portal on Wednesday 2PM. — Academic Section,1
Alert from higher authorities: lab practical cancelled with immediate effect. Share urgently! Passed on from group admin.,0
"Dear Students, The library book submission scheduled for Monday 10AM will be held as per the original timetable in Room 204. — Academic Section",1
*Forwarded as received* fest will not happen tomorrow. Reliable source confirmed. Please verify and share.,0
Students of final year are reminded that mid-semester examination is compulsory. Contact the office for any clarifications. — Department of Information Technology,1
"Update: annual cultural fest originally scheduled for Monday 10AM stands confirmed. No changes have been made. — Dr. Mehta, Dean Academic Affairs",1
Confirmed by insiders: exam is delayed indefinitely. The real reason will shock you! Please verify and share.,0
URGENT!!! project submission has been CANCELLED immediately. Forward this to all students NOW!!! Passed on from group admin.,0
Shocking revelation: project submission is a complete fraud. Share this viral truth immediately! Passed on from group admin.,0
*Forwarded as received* exam will not happen tomorrow. Reliable source confirmed. Please verify and share.,0
The Examination Controller: The timetable for result declaration is now available on the college website. Check before 1st June 2026.,1
"The Prof. Sharma, HOD Computer Science hereby informs students that annual cultural fest is scheduled on 1st June 2026 in Auditorium A. Be present on time.",1
Notice from Student Affairs Office: fee payment registration is now open. Last date to apply is Monday 10AM.,1
"Dear Students, The end-semester examination scheduled for 25th May 2026 will be held as per the original timetable in Computer Centre. — Prof. Sharma, HOD Computer Science",1
Don't attend project submission! It has been merged with another event due to staff absence. Spread the word! Please verify and share.,0
Breaking news: Secret information about convocation - they don't want you to know this! Please verify and share.,0
Shocking revelation: result declaration is a complete fraud. Share this viral truth immediately! Do not ignore this message.,0
"Official communication: mid-semester examination result will be declared on Tuesday 9AM. Check the official website for updates. — Prof. Sharma, HOD Computer Science",1
BREAKING: exam postponed due to technical issues. Share with everyone immediately! Received from department WhatsApp group.,0
"Students of first year are reminded that sports meet is compulsory. Contact the office for any clarifications. — Prof. Sharma, HOD Computer Science",1
This is to inform all students that industrial visit will take place on Monday 10AM as announced. Attendance is mandatory. — Principal's Office,1
The Department of Information Technology hereby informs students that practical examination is scheduled on Friday 11AM in Seminar Hall. Be present on time.,1
Reminder: fee payment registration deadline is Monday 10AM. Visit the administrative office for further queries. — The Examination Controller,1
The Registrar: The timetable for fee payment is now available on the college website. Check before Monday 10AM.,1
The Examination Controller: The timetable for convocation ceremony is now available on the college website. Check before Monday 10AM.,1
This is to inform all students that workshop on machine learning will take place on Wednesday 2PM as announced. Attendance is mandatory. — The Registrar,1
Important: The venue for end-semester examination has been changed to Auditorium A. All other details remain the same. — The Registrar,1
Update: workshop on machine learning originally scheduled for 20th May 2026 stands confirmed. No changes have been made. — Student Affairs Office,1
Alert from higher authorities: project submission suspended with immediate effect. Share urgently! Passed on from group admin.,0
Official communication: project viva result will be declared on 20th May 2026. Check the official website for updates. — The Examination Controller,1
Notice from Principal's Office: alumni meet registration is now open. Last date to apply is Wednesday 2PM.,1
Students are informed that annual cultural fest will commence from Friday 11AM as per the academic calendar. — The Examination Controller,1
EXCLUSIVE LEAKED INFO: class is completely postponed. Share before it gets deleted! Please verify and share.,0
EXCLUSIVE LEAKED INFO: workshop is completely merged with another event. Share before it gets deleted! Do not ignore this message.,0
"100% confirmed: result declaration postponed. Don't ignore this, forward to everyone now! Do not ignore this message.",0
Academic Section: The timetable for convocation ceremony is now available on the college website. Check before 25th May 2026.,1
BREAKING: university event postponed due to COVID protocol. Share with everyone immediately! Do not ignore this message.,0
Hidden truth revealed: lab practical is not what they tell you. Spread awareness now! Received from department WhatsApp group.,0
"Important: The venue for convocation ceremony has been changed to Room 204. All other details remain the same. — Dr. Mehta, Dean Academic Affairs",1
The The Examination Controller hereby informs students that project viva is scheduled on Monday 10AM in Main Hall. Be present on time.,1
Reminder: practical examination registration deadline is Friday 11AM. Visit the administrative office for further queries. — The Registrar,1
WARNING: If you attend university event tomorrow you might power failure. Share to save people! This is 100% real information.,0
Important: The venue for practical examination has been changed to Computer Centre. All other details remain the same. — Department of Information Technology,1
Shocking revelation: lab practical is a complete fraud. Share this viral truth immediately! This is 100% real information.,0
"Academic Notice: practical examination will be conducted online via the college portal on 20th May 2026. — Prof. Sharma, HOD Computer Science",1
Academic Section: The timetable for alumni meet is now available on the college website. Check before Friday 11AM.,1
The Academic Section hereby informs students that workshop on machine learning is scheduled on 25th May 2026 in Main Hall. Be present on time.,1
"Last minute information: seminar tomorrow is delayed indefinitely. Stay home, forward this message. Passed on from group admin.",0
MUST SHARE!!! lab practical has been unexpectedly merged with another event. All students must know NOW!!! This is 100% real information.,0
BREAKING: exam postponed due to COVID protocol. Share with everyone immediately! This is 100% real information.,0
"Last minute information: sports day tomorrow is called off. Stay home, forward this message. Please verify and share.",0
Circular No. 101: workshop on machine learning will be held as per schedule on 20th May 2026. Carry your ID cards. — The Registrar,1
Academic Section announces the commencement of project viva from Friday 11AM. All students are requested to prepare accordingly.,1
URGENT!!! viva examination has been CANCELLED immediately. Forward this to all students NOW!!! Please verify and share.,0
"Students of first year are reminded that alumni meet is compulsory. Contact the office for any clarifications. — Prof. Sharma, HOD Computer Science",1
"IMPORTANT MESSAGE: Due to power failure, seminar is now cancelled. Share immediately! Passed on from group admin.",0
VIRAL: lab practical called off - government trying to hide this. Share before its deleted! Passed on from group admin.,0
"Important: The venue for mid-semester examination has been changed to Computer Centre. All other details remain the same. — Dr. Mehta, Dean Academic Affairs",1
You won't believe this! college has been called off. The truth is shocking! This is 100% real information.,0
"Important: The venue for scholarship application has been changed to Seminar Hall. All other details remain the same. — Prof. Sharma, HOD Computer Science",1
Confirmed by insiders: university event is merged with another event. The real reason will shock you! Do not ignore this message.,0
Message from reliable source: project submission cancelled without prior notice. Tell everyone. Received from department WhatsApp group.,0
Circular No. 101: sports meet will be held as per schedule on 25th May 2026. Carry your ID cards. — Department of Information Technology,1
Urgent warning: lab practical is dangerous. Forward this to protect everyone you know. This is 100% real information.,0
Students are informed that industrial visit will commence from 1st June 2026 as per the academic calendar. — Principal's Office,1
Alert from higher authorities: convocation postponed with immediate effect. Share urgently! Please verify and share.,0
"Dear Students, The project viva scheduled for 1st June 2026 will be held as per the original timetable in Auditorium A. — The Registrar",1
Shocking revelation: university event is a complete fraud. Share this viral truth immediately! Please verify and share.,0
The Examination Controller announces the commencement of practical examination from Monday 10AM. All students are requested to prepare accordingly.,1
Notice: The fee payment has been rescheduled to 15th May 2026 at 10:00 AM. Please check the official portal for details. — Academic Section,1
Breaking news: Secret information about convocation - they don't want you to know this! Please verify and share.,0
MUST SHARE!!! college has been unexpectedly called off. All students must know NOW!!! Received from department WhatsApp group.,0
Academic Notice: practical examination will be conducted online via the college portal on Monday 10AM. — Student Affairs Office,1
"Dear Students, The scholarship application scheduled for Wednesday 2PM will be held as per the original timetable in Examination Hall. — Student Affairs Office",1
Notice: The seminar on cybersecurity has been rescheduled to Friday 11AM at 10:00 AM. Please check the official portal for details. — The Registrar,1
"IMPORTANT MESSAGE: Due to government order, result declaration is now merged with another event. Share immediately! Please verify and share.",0
Circular No. 523: project viva will be held as per schedule on Tuesday 9AM. Carry your ID cards. — Student Affairs Office,1
BREAKING: fest postponed due to COVID protocol. Share with everyone immediately! Passed on from group admin.,0
"IMPORTANT MESSAGE: Due to technical issues, sports day is now delayed indefinitely. Share immediately! Do not ignore this message.",0
WARNING: If you attend annual function tomorrow you might staff absence. Share to save people! Received from department WhatsApp group.,0
BREAKING: annual function postponed due to administrative decision. Share with everyone immediately! Do not ignore this message.,0
Notice: The convocation ceremony has been rescheduled to 20th May 2026 at 2:00 PM. Please check the official portal for details. — Academic Section,1
"100% confirmed: viva examination postponed. Don't ignore this, forward to everyone now! This is 100% real information.",0
Students of final year are reminded that practical examination is compulsory. Contact the office for any clarifications. — Department of Information Technology,1
Student Affairs Office: The timetable for workshop on machine learning is now available on the college website. Check before 20th May 2026.,1
*Forwarded as received* fest will not happen tomorrow. Reliable source confirmed. Received from department WhatsApp group.,0
Students are informed that fee payment will commence from 20th May 2026 as per the academic calendar. — Principal's Office,1
You won't believe this! class has been rescheduled. The truth is shocking! Do not ignore this message.,0
"Students of final year are reminded that annual cultural fest is compulsory. Contact the office for any clarifications. — Prof. Sharma, HOD Computer Science",1
Breaking news: Secret information about project submission - they don't want you to know this! Received from department WhatsApp group.,0
You won't believe this! annual function has been cancelled. The truth is shocking! Received from department WhatsApp group.,0
🚨🚨 ALERT: university event is suspended until further notice. Tell everyone ASAP! 🚨🚨 Please verify and share.,0
Students of first year are reminded that project viva is compulsory. Contact the office for any clarifications. — Academic Section,1
Notice from The Examination Controller: mid-semester examination registration is now open. Last date to apply is 25th May 2026.,1
"Dear Students, The fee payment scheduled for Tuesday 9AM will be held as per the original timetable in Examination Hall. — Department of Information Technology",1
Alert from higher authorities: sports day moved online with immediate effect. Share urgently! Do not ignore this message.,0
The Registrar: The timetable for industrial visit is now available on the college website. Check before Tuesday 9AM.,1
Alert from higher authorities: convocation rescheduled with immediate effect. Share urgently! Passed on from group admin.,0
Circular No. 523: seminar on cybersecurity will be held as per schedule on 15th May 2026. Carry your ID cards. — Academic Section,1
This is to inform all students that industrial visit will take place on 15th May 2026 as announced. Attendance is mandatory. — Student Affairs Office,1
Confirmed by insiders: lab practical is suspended. The real reason will shock you! Please verify and share.,0
Hidden truth revealed: workshop is not what they tell you. Spread awareness now! Received from department WhatsApp group.,0
Confirmed by insiders: seminar is moved online. The real reason will shock you! Do not ignore this message.,0
WARNING: If you attend viva examination tomorrow you might unexpected maintenance. Share to save people! Passed on from group admin.,0
This is to inform all students that alumni meet will take place on 20th May 2026 as announced. Attendance is mandatory. — The Registrar,1
"Important: The venue for industrial visit has been changed to Lab Block 3. All other details remain the same. — Prof. Sharma, HOD Computer Science",1
Urgent warning: seminar is dangerous. Forward this to protect everyone you know. Please verify and share.,0
This is to inform all students that practical examination will take place on 25th May 2026 as announced. Attendance is mandatory. — Student Affairs Office,1
Reminder: seminar on cybersecurity registration deadline is Friday 11AM. Visit the administrative office for further queries. — Student Affairs Office,1
VIRAL: seminar banned - government trying to hide this. Share before its deleted! Do not ignore this message.,0
Shocking revelation: seminar is a complete fraud. Share this viral truth immediately! Received from department WhatsApp group.,0
"100% confirmed: exam moved online. Don't ignore this, forward to everyone now! This is 100% real information.",0
Update: workshop on machine learning originally scheduled for Monday 10AM stands confirmed. No changes have been made. — The Registrar,1
Students of all are reminded that convocation ceremony is compulsory. Contact the office for any clarifications. — Student Affairs Office,1
*Forwarded as received* class will not happen tomorrow. Reliable source confirmed. Do not ignore this message.,0
Students are informed that seminar on cybersecurity will commence from Friday 11AM as per the academic calendar. — Academic Section,1
WARNING: If you attend viva examination tomorrow you might power failure. Share to save people! Received from department WhatsApp group.,0
This is to inform all students that convocation ceremony will take place on 20th May 2026 as announced. Attendance is mandatory. — Academic Section,1
Important: The venue for convocation ceremony has been changed to Examination Hall. All other details remain the same. — Department of Information Technology,1
Don't attend convocation! It has been cancelled due to safety hazard. Spread the word! Passed on from group admin.,0
Urgent warning: annual function is dangerous. Forward this to protect everyone you know. This is 100% real information.,0
Don't attend project submission! It has been merged with another event due to water shortage. Spread the word! This is 100% real information.,0
Important: The venue for seminar on cybersecurity has been changed to Examination Hall. All other details remain the same. — The Examination Controller,1
"Official communication: end-semester examination result will be declared on Friday 11AM. Check the official website for updates. — Dr. Mehta, Dean Academic Affairs",1
The The Registrar hereby informs students that convocation ceremony is scheduled on Friday 11AM in Seminar Hall. Be present on time.,1
WARNING: If you attend class tomorrow you might power failure. Share to save people! Received from department WhatsApp group.,0
Breaking news: Secret information about exam - they don't want you to know this! This is 100% real information.,0
BREAKING: university event postponed due to COVID protocol. Share with everyone immediately! This is 100% real information.,0
MUST SHARE!!! university event has been unexpectedly called off. All students must know NOW!!! Passed on from group admin.,0
Hidden truth revealed: lab practical is not what they tell you. Spread awareness now! Passed on from group admin.,0
"IMPORTANT MESSAGE: Due to staff absence, university event is now banned. Share immediately! Please verify and share.",0
"Last minute information: project submission tomorrow is called off. Stay home, forward this message. Do not ignore this message.",0
"100% confirmed: college rescheduled. Don't ignore this, forward to everyone now! This is 100% real information.",0
Academic Section: The timetable for convocation ceremony is now available on the college website. Check before 25th May 2026.,1
Important: The venue for industrial visit has been changed to Lab Block 3. All other details remain the same. — Principal's Office,1
Reminder: library book submission registration deadline is Monday 10AM. Visit the administrative office for further queries. — Department of Information Technology,1
Academic Notice: convocation ceremony will be conducted online via the college portal on 20th May 2026. — Academic Section,1
URGENT!!! fest has been CANCELLED immediately. Forward this to all students NOW!!! Passed on from group admin.,0
Official communication: alumni meet result will be declared on 1st June 2026. Check the official website for updates. — Academic Section,1
"Dear Students, The fee payment scheduled for Friday 11AM will be held as per the original timetable in Examination Hall. — The Examination Controller",1
VIRAL: sports day merged with another event - government trying to hide this. Share before its deleted! This is 100% real information.,0
Hidden truth revealed: class is not what they tell you. Spread awareness now! Please verify and share.,0
EXCLUSIVE LEAKED INFO: annual function is completely called off. Share before it gets deleted! This is 100% real information.,0
Don't attend college! It has been postponed due to power failure. Spread the word! Received from department WhatsApp group.,0
Hidden truth revealed: seminar is not what they tell you. Spread awareness now! Passed on from group admin.,0
"100% confirmed: sports day delayed indefinitely. Don't ignore this, forward to everyone now! Received from department WhatsApp group.",0
Shocking revelation: exam is a complete fraud. Share this viral truth immediately! Received from department WhatsApp group.,0
WARNING: If you attend sports day tomorrow you might power failure. Share to save people! Received from department WhatsApp group.,0
Notice: The scholarship application has been rescheduled to 20th May 2026 at 9:30 AM. Please check the official portal for details. — The Examination Controller,1
*Forwarded as received* viva examination will not happen tomorrow. Reliable source confirmed. Received from department WhatsApp group.,0
Urgent warning: project submission is dangerous. Forward this to protect everyone you know. Please verify and share.,0
Message from reliable source: viva examination cancelled without prior notice. Tell everyone. Received from department WhatsApp group.,0
"IMPORTANT MESSAGE: Due to water shortage, annual function is now postponed. Share immediately! Received from department WhatsApp group.",0
Notice: The library book submission has been rescheduled to Tuesday 9AM at 9:30 AM. Please check the official portal for details. — Principal's Office,1
You won't believe this! annual function has been suspended. The truth is shocking! This is 100% real information.,0
Academic Section announces the commencement of result declaration from Tuesday 9AM. All students are requested to prepare accordingly.,1
"Reminder: alumni meet registration deadline is 15th May 2026. Visit the administrative office for further queries. — Prof. Sharma, HOD Computer Science",1
"Dr. Mehta, Dean Academic Affairs: The timetable for mid-semester examination is now available on the college website. Check before 20th May 2026.",1
🚨🚨 ALERT: college is suspended until further notice. Tell everyone ASAP! 🚨🚨 Do not ignore this message.,0
🚨🚨 ALERT: exam is suspended until further notice. Tell everyone ASAP! 🚨🚨 Do not ignore this message.,0
*Forwarded as received* viva examination will not happen tomorrow. Reliable source confirmed. This is 100% real information.,0
Notice: The project viva has been rescheduled to 15th May 2026 at 11:00 AM. Please check the official portal for details. — Principal's Office,1
Notice: The mid-semester examination has been rescheduled to Tuesday 9AM at 2:00 PM. Please check the official portal for details. — Student Affairs Office,1
This is to inform all students that alumni meet will take place on 20th May 2026 as announced. Attendance is mandatory. — Student Affairs Office,1
Important: The venue for practical examination has been changed to Auditorium A. All other details remain the same. — The Examination Controller,1
Principal's Office announces the commencement of industrial visit from 15th May 2026. All students are requested to prepare accordingly.,1
Shocking revelation: seminar is a complete fraud. Share this viral truth immediately! Do not ignore this message.,0
Update: mid-semester examination originally scheduled for Monday 10AM stands confirmed. No changes have been made. — Department of Information Technology,1
You won't believe this! project submission has been rescheduled. The truth is shocking! Do not ignore this message.,0
Confirmed by insiders: workshop is rescheduled. The real reason will shock you! Please verify and share.,0
Urgent warning: college is dangerous. Forward this to protect everyone you know. Passed on from group admin.,0
Reminder: practical examination registration deadline is Tuesday 9AM. Visit the administrative office for further queries. — Student Affairs Office,1
Notice: The annual cultural fest has been rescheduled to Tuesday 9AM at 11:00 AM. Please check the official portal for details. — Student Affairs Office,1
Hidden truth revealed: college is not what they tell you. Spread awareness now! Do not ignore this message.,0
Academic Notice: industrial visit will be conducted online via the college portal on Tuesday 9AM. — Student Affairs Office,1
Reminder: industrial visit registration deadline is 1st June 2026. Visit the administrative office for further queries. — Principal's Office,1
"Dear Students, The fee payment scheduled for 25th May 2026 will be held as per the original timetable in Main Hall. — Academic Section",1
"IMPORTANT MESSAGE: Due to security concerns, convocation is now moved online. Share immediately! This is 100% real information.",0
Shocking revelation: lab practical is a complete fraud. Share this viral truth immediately! Do not ignore this message.,0
Hidden truth revealed: lab practical is not what they tell you. Spread awareness now! Do not ignore this message.,0
BREAKING: university event postponed due to administrative decision. Share with everyone immediately! This is 100% real information.,0
Notice: The annual cultural fest has been rescheduled to Wednesday 2PM at 11:00 AM. Please check the official portal for details. — The Examination Controller,1
VIRAL: viva examination called off - government trying to hide this. Share before its deleted! Passed on from group admin.,0
Breaking news: Secret information about exam - they don't want you to know this! This is 100% real information.,0
🚨🚨 ALERT: lab practical is suspended until further notice. Tell everyone ASAP! 🚨🚨 This is 100% real information.,0
"Dear Students, The industrial visit scheduled for Tuesday 9AM will be held as per the original timetable in Seminar Hall. — The Registrar",1
"Dear Students, The alumni meet scheduled for 1st June 2026 will be held as per the original timetable in Computer Centre. — The Registrar",1
Hidden truth revealed: sports day is not what they tell you. Spread awareness now! This is 100% real information.,0
Circular No. 202: annual cultural fest will be held as per schedule on Monday 10AM. Carry your ID cards. — The Registrar,1
Principal's Office announces the commencement of project viva from 25th May 2026. All students are requested to prepare accordingly.,1
Shocking revelation: seminar is a complete fraud. Share this viral truth immediately! Passed on from group admin.,0
VIRAL: result declaration rescheduled - government trying to hide this. Share before its deleted! Passed on from group admin.,0
Department of Information Technology announces the commencement of convocation ceremony from 20th May 2026. All students are requested to prepare accordingly.,1
Update: scholarship application originally scheduled for Tuesday 9AM stands confirmed. No changes have been made. — The Registrar,1
🚨🚨 ALERT: project submission is suspended until further notice. Tell everyone ASAP! 🚨🚨 Do not ignore this message.,0
WARNING: If you attend class tomorrow you might unexpected maintenance. Share to save people! Received from department WhatsApp group.,0
"Official communication: annual cultural fest result will be declared on 25th May 2026. Check the official website for updates. — Dr. Mehta, Dean Academic Affairs",1
"Circular No. 523: mid-semester examination will be held as per schedule on 15th May 2026. Carry your ID cards. — Dr. Mehta, Dean Academic Affairs",1
This is to inform all students that alumni meet will take place on Monday 10AM as announced. Attendance is mandatory. — Student Affairs Office,1
"Last minute information: fest tomorrow is delayed indefinitely. Stay home, forward this message. Please verify and share.",0
Confirmed by insiders: viva examination is postponed. The real reason will shock you! Do not ignore this message.,0
"Important: The venue for convocation ceremony has been changed to Room 204. All other details remain the same. — Prof. Sharma, HOD Computer Science",1
Notice: The workshop on machine learning has been rescheduled to Friday 11AM at 2:00 PM. Please check the official portal for details. — The Registrar,1
🚨🚨 ALERT: result declaration is suspended until further notice. Tell everyone ASAP! 🚨🚨 This is 100% real information.,0
Message from reliable source: fest cancelled without prior notice. Tell everyone. This is 100% real information.,0
"Dear Students, The workshop on machine learning scheduled for Tuesday 9AM will be held as per the original timetable in Main Hall. — Student Affairs Office",1
Students of all are reminded that workshop on machine learning is compulsory. Contact the office for any clarifications. — The Registrar,1
The Examination Controller announces the commencement of project viva from 15th May 2026. All students are requested to prepare accordingly.,1
Circular No. 101: alumni meet will be held as per schedule on Friday 11AM. Carry your ID cards. — Academic Section,1
Notice: The library book submission has been rescheduled to Wednesday 2PM at 2:00 PM. Please check the official portal for details. — Academic Section,1
Important: The venue for annual cultural fest has been changed to Examination Hall. All other details remain the same. — The Registrar,1
Message from reliable source: lab practical cancelled without prior notice. Tell everyone. Passed on from group admin.,0
🚨🚨 ALERT: workshop is suspended until further notice. Tell everyone ASAP! 🚨🚨 Passed on from group admin.,0
Circular No. 101: alumni meet will be held as per schedule on 25th May 2026. Carry your ID cards. — The Examination Controller,1
"Official communication: project viva result will be declared on Friday 11AM. Check the official website for updates. — Dr. Mehta, Dean Academic Affairs",1
"Students of third year are reminded that library book submission is compulsory. Contact the office for any clarifications. — Dr. Mehta, Dean Academic Affairs",1
Academic Section: The timetable for library book submission is now available on the college website. Check before Friday 11AM.,1
Message from reliable source: annual function cancelled without prior notice. Tell everyone. Please verify and share.,0
BREAKING: viva examination postponed due to staff absence. Share with everyone immediately! Passed on from group admin.,0
"Students of second year are reminded that sports meet is compulsory. Contact the office for any clarifications. — Dr. Mehta, Dean Academic Affairs",1
The Registrar: The timetable for fee payment is now available on the college website. Check before Tuesday 9AM.,1
Reminder: practical examination registration deadline is 15th May 2026. Visit the administrative office for further queries. — The Registrar,1
Shocking revelation: convocation is a complete fraud. Share this viral truth immediately! Do not ignore this message.,0
Don't attend result declaration! It has been banned due to administrative decision. Spread the word! This is 100% real information.,0
Notice from Student Affairs Office: practical examination registration is now open. Last date to apply is 20th May 2026.,1
Notice: The industrial visit has been rescheduled to 15th May 2026 at 2:00 PM. Please check the official portal for details. — Department of Information Technology,1
VIRAL: exam postponed - government trying to hide this. Share before its deleted! Passed on from group admin.,0
VIRAL: seminar suspended - government trying to hide this. Share before its deleted! Passed on from group admin.,0
Message from reliable source: seminar cancelled without prior notice. Tell everyone. Received from department WhatsApp group.,0
This is to inform all students that fee payment will take place on 25th May 2026 as announced. Attendance is mandatory. — The Examination Controller,1
EXCLUSIVE LEAKED INFO: college is completely delayed indefinitely. Share before it gets deleted! Passed on from group admin.,0
Academic Notice: sports meet will be conducted online via the college portal on Wednesday 2PM. — Department of Information Technology,1
Students are informed that mid-semester examination will commence from Friday 11AM as per the academic calendar. — Academic Section,1
The Principal's Office hereby informs students that project viva is scheduled on Monday 10AM in Seminar Hall. Be present on time.,1
Alert from higher authorities: university event postponed with immediate effect. Share urgently! This is 100% real information.,0
Reminder: fee payment registration deadline is Monday 10AM. Visit the administrative office for further queries. — Academic Section,1
"Circular No. 101: library book submission will be held as per schedule on Friday 11AM. Carry your ID cards. — Prof. Sharma, HOD Computer Science",1
Important: The venue for sports meet has been changed to Lab Block 3. All other details remain the same. — Academic Section,1
EXCLUSIVE LEAKED INFO: result declaration is completely moved online. Share before it gets deleted! Do not ignore this message.,0
Urgent warning: annual function is dangerous. Forward this to protect everyone you know. This is 100% real information.,0
Official communication: practical examination result will be declared on 25th May 2026. Check the official website for updates. — The Registrar,1
"Dear Students, The industrial visit scheduled for 20th May 2026 will be held as per the original timetable in Examination Hall. — Dr. Mehta, Dean Academic Affairs",1
Breaking news: Secret information about fest - they don't want you to know this! This is 100% real information.,0
BREAKING: workshop postponed due to safety hazard. Share with everyone immediately! Passed on from group admin.,0
BREAKING: sports day postponed due to COVID protocol. Share with everyone immediately! Received from department WhatsApp group.,0
Students of second year are reminded that convocation ceremony is compulsory. Contact the office for any clarifications. — Student Affairs Office,1
Urgent warning: college is dangerous. Forward this to protect everyone you know. Do not ignore this message.,0
Urgent warning: workshop is dangerous. Forward this to protect everyone you know. Do not ignore this message.,0
"Students are informed that sports meet will commence from 1st June 2026 as per the academic calendar. — Dr. Mehta, Dean Academic Affairs",1
Don't attend annual function! It has been called off due to power failure. Spread the word! Do not ignore this message.,0
Shocking revelation: project submission is a complete fraud. Share this viral truth immediately! Passed on from group admin.,0
Circular No. 202: end-semester examination will be held as per schedule on Monday 10AM. Carry your ID cards. — Student Affairs Office,1
"The Dr. Mehta, Dean Academic Affairs hereby informs students that scholarship application is scheduled on Monday 10AM in Computer Centre. Be present on time.",1
The Examination Controller announces the commencement of library book submission from 1st June 2026. All students are requested to prepare accordingly.,1
Student Affairs Office: The timetable for library book submission is now available on the college website. Check before 25th May 2026.,1
Students of third year are reminded that annual cultural fest is compulsory. Contact the office for any clarifications. — The Examination Controller,1
Reminder: end-semester examination registration deadline is 15th May 2026. Visit the administrative office for further queries. — Principal's Office,1
"100% confirmed: lab practical delayed indefinitely. Don't ignore this, forward to everyone now! Received from department WhatsApp group.",0
EXCLUSIVE LEAKED INFO: exam is completely called off. Share before it gets deleted! Passed on from group admin.,0
"IMPORTANT MESSAGE: Due to unexpected maintenance, college is now rescheduled. Share immediately! Passed on from group admin.",0
The The Registrar hereby informs students that annual cultural fest is scheduled on 25th May 2026 in Room 204. Be present on time.,1
MUST SHARE!!! university event has been unexpectedly postponed. All students must know NOW!!! Do not ignore this message.,0
The The Registrar hereby informs students that end-semester examination is scheduled on 15th May 2026 in Main Hall. Be present on time.,1
"Dear Students, The library book submission scheduled for Friday 11AM will be held as per the original timetable in Auditorium A. — Student Affairs Office",1
"Prof. Sharma, HOD Computer Science: The timetable for alumni meet is now available on the college website. Check before Wednesday 2PM.",1
Confirmed by insiders: college is merged with another event. The real reason will shock you! Do not ignore this message.,0
"Dear Students, The scholarship application scheduled for Friday 11AM will be held as per the original timetable in Main Hall. — Prof. Sharma, HOD Computer Science",1
You won't believe this! college has been delayed indefinitely. The truth is shocking! Please verify and share.,0
Notice from Student Affairs Office: result declaration registration is now open. Last date to apply is 15th May 2026.,1
*Forwarded as received* fest will not happen tomorrow. Reliable source confirmed. Please verify and share.,0
Message from reliable source: exam cancelled without prior notice. Tell everyone. Received from department WhatsApp group.,0
Students of final year are reminded that annual cultural fest is compulsory. Contact the office for any clarifications. — Student Affairs Office,1
The Examination Controller announces the commencement of industrial visit from 20th May 2026. All students are requested to prepare accordingly.,1
Notice from Student Affairs Office: result declaration registration is now open. Last date to apply is 1st June 2026.,1
Message from reliable source: seminar cancelled without prior notice. Tell everyone. Received from department WhatsApp group.,0
WARNING: If you attend project submission tomorrow you might administrative decision. Share to save people! This is 100% real information.,0
🚨🚨 ALERT: viva examination is suspended until further notice. Tell everyone ASAP! 🚨🚨 Received from department WhatsApp group.,0
WARNING: If you attend convocation tomorrow you might safety hazard. Share to save people! Received from department WhatsApp group.,0
Official communication: practical examination result will be declared on Tuesday 9AM. Check the official website for updates. — The Registrar,1
"Prof. Sharma, HOD Computer Science: The timetable for scholarship application is now available on the college website. Check before 25th May 2026.",1
"Notice from Dr. Mehta, Dean Academic Affairs: fee payment registration is now open. Last date to apply is 1st June 2026.",1
Notice: The seminar on cybersecurity has been rescheduled to Tuesday 9AM at 10:00 AM. Please check the official portal for details. — The Registrar,1
URGENT!!! fest has been CANCELLED immediately. Forward this to all students NOW!!! This is 100% real information.,0
URGENT!!! sports day has been CANCELLED immediately. Forward this to all students NOW!!! Please verify and share.,0
Students of first year are reminded that scholarship application is compulsory. Contact the office for any clarifications. — Department of Information Technology,1
Circular No. 101: mid-semester examination will be held as per schedule on 20th May 2026. Carry your ID cards. — Student Affairs Office,1
Student Affairs Office: The timetable for result declaration is now available on the college website. Check before Friday 11AM.,1
Don't attend university event! It has been delayed indefinitely due to technical issues. Spread the word! This is 100% real information.,0
"Dr. Mehta, Dean Academic Affairs: The timetable for library book submission is now available on the college website. Check before 20th May 2026.",1
Shocking revelation: class is a complete fraud. Share this viral truth immediately! Received from department WhatsApp group.,0
Don't attend result declaration! It has been delayed indefinitely due to safety hazard. Spread the word! Please verify and share.,0
Shocking revelation: project submission is a complete fraud. Share this viral truth immediately! Passed on from group admin.,0
"Prof. Sharma, HOD Computer Science announces the commencement of practical examination from 15th May 2026. All students are requested to prepare accordingly.",1
Hidden truth revealed: exam is not what they tell you. Spread awareness now! Please verify and share.,0
The Registrar: The timetable for industrial visit is now available on the college website. Check before Tuesday 9AM.,1
"Update: workshop on machine learning originally scheduled for 20th May 2026 stands confirmed. No changes have been made. — Dr. Mehta, Dean Academic Affairs",1
*Forwarded as received* convocation will not happen tomorrow. Reliable source confirmed. Please verify and share.,0
This is to inform all students that convocation ceremony will take place on Friday 11AM as announced. Attendance is mandatory. — The Registrar,1
Reminder: end-semester examination registration deadline is 20th May 2026. Visit the administrative office for further queries. — The Registrar,1
Important: The venue for practical examination has been changed to Seminar Hall. All other details remain the same. — The Examination Controller,1
"Academic Notice: result declaration will be conducted online via the college portal on Monday 10AM. — Dr. Mehta, Dean Academic Affairs",1
WARNING: If you attend university event tomorrow you might security concerns. Share to save people! Passed on from group admin.,0
Alert from higher authorities: workshop called off with immediate effect. Share urgently! Received from department WhatsApp group.,0
Alert from higher authorities: exam banned with immediate effect. Share urgently! This is 100% real information.,0
"IMPORTANT MESSAGE: Due to water shortage, lab practical is now cancelled. Share immediately! This is 100% real information.",0
Students are informed that library book submission will commence from Tuesday 9AM as per the academic calendar. — Academic Section,1
"Prof. Sharma, HOD Computer Science announces the commencement of scholarship application from Tuesday 9AM. All students are requested to prepare accordingly.",1
Hidden truth revealed: seminar is not what they tell you. Spread awareness now! Passed on from group admin.,0
"Circular No. 523: alumni meet will be held as per schedule on 20th May 2026. Carry your ID cards. — Dr. Mehta, Dean Academic Affairs",1
The Academic Section hereby informs students that convocation ceremony is scheduled on 1st June 2026 in Room 204. Be present on time.,1
BREAKING: viva examination postponed due to safety hazard. Share with everyone immediately! Passed on from group admin.,0
"Last minute information: university event tomorrow is banned. Stay home, forward this message. Passed on from group admin.",0
Confirmed by insiders: project submission is rescheduled. The real reason will shock you! Do not ignore this message.,0
Official communication: fee payment result will be declared on 15th May 2026. Check the official website for updates. — The Registrar,1
Message from reliable source: fest cancelled without prior notice. Tell everyone. This is 100% real information.,0
Important: The venue for convocation ceremony has been changed to Room 204. All other details remain the same. — Student Affairs Office,1
Academic Notice: practical examination will be conducted online via the college portal on 20th May 2026. — The Examination Controller,1
Circular No. 305: convocation ceremony will be held as per schedule on Monday 10AM. Carry your ID cards. — The Examination Controller,1
"Dr. Mehta, Dean Academic Affairs announces the commencement of industrial visit from 20th May 2026. All students are requested to prepare accordingly.",1
Important: The venue for fee payment has been changed to Room 204. All other details remain the same. — The Registrar,1
Academic Section: The timetable for workshop on machine learning is now available on the college website. Check before 1st June 2026.,1
Important: The venue for workshop on machine learning has been changed to Computer Centre. All other details remain the same. — Principal's Office,1
"Dear Students, The convocation ceremony scheduled for Monday 10AM will be held as per the original timetable in Computer Centre. — Academic Section",1
The The Examination Controller hereby informs students that mid-semester examination is scheduled on Monday 10AM in Main Hall. Be present on time.,1
Don't attend project submission! It has been merged with another event due to water shortage. Spread the word! Do not ignore this message.,0
Notice from Principal's Office: annual cultural fest registration is now open. Last date to apply is 25th May 2026.,1
WARNING: If you attend class tomorrow you might safety hazard. Share to save people! Do not ignore this message.,0
Urgent warning: annual function is dangerous. Forward this to protect everyone you know. Do not ignore this message.,0
The Department of Information Technology hereby informs students that practical examination is scheduled on 1st June 2026 in Auditorium A. Be present on time.,1
"IMPORTANT MESSAGE: Due to safety hazard, sports day is now banned. Share immediately! Received from department WhatsApp group.",0
Message from reliable source: college cancelled without prior notice. Tell everyone. This is 100% real information.,0
"Last minute information: annual function tomorrow is delayed indefinitely. Stay home, forward this message. This is 100% real information.",0
"Reminder: seminar on cybersecurity registration deadline is Friday 11AM. Visit the administrative office for further queries. — Prof. Sharma, HOD Computer Science",1
Reminder: practical examination registration deadline is Monday 10AM. Visit the administrative office for further queries. — Department of Information Technology,1
Circular No. 202: mid-semester examination will be held as per schedule on 25th May 2026. Carry your ID cards. — Department of Information Technology,1
🚨🚨 ALERT: seminar is suspended until further notice. Tell everyone ASAP! 🚨🚨 This is 100% real information.,0
"IMPORTANT MESSAGE: Due to technical issues, annual function is now delayed indefinitely. Share immediately! This is 100% real information.",0
Shocking revelation: seminar is a complete fraud. Share this viral truth immediately! Passed on from group admin.,0
Notice from Academic Section: sports meet registration is now open. Last date to apply is Wednesday 2PM.,1
"100% confirmed: convocation suspended. Don't ignore this, forward to everyone now! Please verify and share.",0
"100% confirmed: convocation cancelled. Don't ignore this, forward to everyone now! Passed on from group admin.",0
Shocking revelation: workshop is a complete fraud. Share this viral truth immediately! Received from department WhatsApp group.,0
The The Examination Controller hereby informs students that mid-semester examination is scheduled on 20th May 2026 in Examination Hall. Be present on time.,1
Reminder: result declaration registration deadline is Tuesday 9AM. Visit the administrative office for further queries. — Student Affairs Office,1
BREAKING: result declaration postponed due to unexpected maintenance. Share with everyone immediately! This is 100% real information.,0
Update: mid-semester examination originally scheduled for Monday 10AM stands confirmed. No changes have been made. — Student Affairs Office,1
"Prof. Sharma, HOD Computer Science announces the commencement of mid-semester examination from Wednesday 2PM. All students are requested to prepare accordingly.",1
"Important: The venue for seminar on cybersecurity has been changed to Lab Block 3. All other details remain the same. — Dr. Mehta, Dean Academic Affairs",1
BREAKING: fest postponed due to water shortage. Share with everyone immediately! Do not ignore this message.,0
You won't believe this! class has been delayed indefinitely. The truth is shocking! This is 100% real information.,0
BREAKING: sports day postponed due to power failure. Share with everyone immediately! This is 100% real information.,0
Breaking news: Secret information about annual function - they don't want you to know this! This is 100% real information.,0
Important: The venue for workshop on machine learning has been changed to Examination Hall. All other details remain the same. — The Registrar,1
"Dr. Mehta, Dean Academic Affairs: The timetable for result declaration is now available on the college website. Check before Monday 10AM.",1
"The Prof. Sharma, HOD Computer Science hereby informs students that annual cultural fest is scheduled on Wednesday 2PM in Main Hall. Be present on time.",1
"Notice from Prof. Sharma, HOD Computer Science: sports meet registration is now open. Last date to apply is 15th May 2026.",1
Breaking news: Secret information about project submission - they don't want you to know this! Received from department WhatsApp group.,0
"Circular No. 101: mid-semester examination will be held as per schedule on 15th May 2026. Carry your ID cards. — Prof. Sharma, HOD Computer Science",1
EXCLUSIVE LEAKED INFO: fest is completely moved online. Share before it gets deleted! Do not ignore this message.,0
Confirmed by insiders: fest is called off. The real reason will shock you! Please verify and share.,0
The Principal's Office hereby informs students that alumni meet is scheduled on Friday 11AM in Main Hall. Be present on time.,1
Important: The venue for project viva has been changed to Room 204. All other details remain the same. — The Registrar,1
Academic Section: The timetable for result declaration is now available on the college website. Check before Monday 10AM.,1
"Dr. Mehta, Dean Academic Affairs: The timetable for industrial visit is now available on the college website. Check before Friday 11AM.",1
Shocking revelation: project submission is a complete fraud. Share this viral truth immediately! Please verify and share.,0
Students are informed that annual cultural fest will commence from 1st June 2026 as per the academic calendar. — Student Affairs Office,1
Official communication: sports meet result will be declared on Wednesday 2PM. Check the official website for updates. — Student Affairs Office,1
This is to inform all students that end-semester examination will take place on Monday 10AM as announced. Attendance is mandatory. — Academic Section,1
Students are informed that practical examination will commence from Wednesday 2PM as per the academic calendar. — Principal's Office,1
Alert from higher authorities: project submission moved online with immediate effect. Share urgently! Received from department WhatsApp group.,0
*Forwarded as received* seminar will not happen tomorrow. Reliable source confirmed. Please verify and share.,0
Shocking revelation: university event is a complete fraud. Share this viral truth immediately! Please verify and share.,0
Notice from Principal's Office: project viva registration is now open. Last date to apply is 15th May 2026.,1
The The Registrar hereby informs students that fee payment is scheduled on 1st June 2026 in Auditorium A. Be present on time.,1
Urgent warning: workshop is dangerous. Forward this to protect everyone you know. Received from department WhatsApp group.,0
Notice from Principal's Office: mid-semester examination registration is now open. Last date to apply is 1st June 2026.,1
Notice from Principal's Office: library book submission registration is now open. Last date to apply is Friday 11AM.,1
Students of first year are reminded that seminar on cybersecurity is compulsory. Contact the office for any clarifications. — The Registrar,1
Circular No. 202: scholarship application will be held as per schedule on 25th May 2026. Carry your ID cards. — Principal's Office,1
"Academic Notice: library book submission will be conducted online via the college portal on Friday 11AM. — Dr. Mehta, Dean Academic Affairs",1
The The Registrar hereby informs students that practical examination is scheduled on 20th May 2026 in Auditorium A. Be present on time.,1
Breaking news: Secret information about class - they don't want you to know this! Please verify and share.,0
Students are informed that industrial visit will commence from Wednesday 2PM as per the academic calendar. — Academic Section,1
Update: alumni meet originally scheduled for Tuesday 9AM stands confirmed. No changes have been made. — Student Affairs Office,1
Students are informed that fee payment will commence from Monday 10AM as per the academic calendar. — The Examination Controller,1
Urgent warning: workshop is dangerous. Forward this to protect everyone you know. Do not ignore this message.,0
Circular No. 418: end-semester examination will be held as per schedule on 25th May 2026. Carry your ID cards. — The Examination Controller,1
WARNING: If you attend university event tomorrow you might water shortage. Share to save people! Received from department WhatsApp group.,0
Hidden truth revealed: annual function is not what they tell you. Spread awareness now! Received from department WhatsApp group.,0
Academic Notice: end-semester examination will be conducted online via the college portal on 25th May 2026. — Academic Section,1
🚨🚨 ALERT: annual function is suspended until further notice. Tell everyone ASAP! 🚨🚨 Received from department WhatsApp group.,0
Important: The venue for library book submission has been changed to Lab Block 3. All other details remain the same. — The Registrar,1
Students are informed that convocation ceremony will commence from Wednesday 2PM as per the academic calendar. — Student Affairs Office,1
URGENT!!! class has been CANCELLED immediately. Forward this to all students NOW!!! Do not ignore this message.,0
URGENT!!! sports day has been CANCELLED immediately. Forward this to all students NOW!!! Please verify and share.,0
Reminder: fee payment registration deadline is 1st June 2026. Visit the administrative office for further queries. — Principal's Office,1
Notice: The convocation ceremony has been rescheduled to 20th May 2026 at 9:30 AM. Please check the official portal for details. — The Examination Controller,1
🚨🚨 ALERT: viva examination is suspended until further notice. Tell everyone ASAP! 🚨🚨 Please verify and share.,0
Students of second year are reminded that convocation ceremony is compulsory. Contact the office for any clarifications. — Department of Information Technology,1
"Dr. Mehta, Dean Academic Affairs: The timetable for practical examination is now available on the college website. Check before 20th May 2026.",1
VIRAL: university event suspended - government trying to hide this. Share before its deleted! Passed on from group admin.,0
Students are informed that library book submission will commence from Wednesday 2PM as per the academic calendar. — The Examination Controller,1
Hidden truth revealed: workshop is not what they tell you. Spread awareness now! Please verify and share.,0
Students of second year are reminded that annual cultural fest is compulsory. Contact the office for any clarifications. — Principal's Office,1
Students are informed that scholarship application will commence from 15th May 2026 as per the academic calendar. — Department of Information Technology,1
Students are informed that convocation ceremony will commence from Wednesday 2PM as per the academic calendar. — Department of Information Technology,1
"Dear Students, The practical examination scheduled for Monday 10AM will be held as per the original timetable in Room 204. — Student Affairs Office",1
Hidden truth revealed: class is not what they tell you. Spread awareness now! Passed on from group admin.,0
Notice from Principal's Office: practical examination registration is now open. Last date to apply is Friday 11AM.,1
"Dear Students, The scholarship application scheduled for 25th May 2026 will be held as per the original timetable in Examination Hall. — Academic Section",1
"Academic Notice: annual cultural fest will be conducted online via the college portal on 15th May 2026. — Prof. Sharma, HOD Computer Science",1
Urgent warning: workshop is dangerous. Forward this to protect everyone you know. Please verify and share.,0
Students of first year are reminded that seminar on cybersecurity is compulsory. Contact the office for any clarifications. — Department of Information Technology,1
Shocking revelation: result declaration is a complete fraud. Share this viral truth immediately! Received from department WhatsApp group.,0
Student Affairs Office: The timetable for workshop on machine learning is now available on the college website. Check before 25th May 2026.,1
Important: The venue for workshop on machine learning has been changed to Examination Hall. All other details remain the same. — The Examination Controller,1
Reminder: fee payment registration deadline is 1st June 2026. Visit the administrative office for further queries. — The Registrar,1
"IMPORTANT MESSAGE: Due to unexpected maintenance, viva examination is now postponed. Share immediately! This is 100% real information.",0
Students are informed that annual cultural fest will commence from Monday 10AM as per the academic calendar. — Principal's Office,1
"Last minute information: annual function tomorrow is merged with another event. Stay home, forward this message. Please verify and share.",0
Message from reliable source: college cancelled without prior notice. Tell everyone. Please verify and share.,0
Important: The venue for fee payment has been changed to Main Hall. All other details remain the same. — Student Affairs Office,1
Alert from higher authorities: lab practical delayed indefinitely with immediate effect. Share urgently! Do not ignore this message.,0
"Notice from Prof. Sharma, HOD Computer Science: annual cultural fest registration is now open. Last date to apply is Tuesday 9AM.",1
Notice: The mid-semester examination has been rescheduled to Friday 11AM at 2:00 PM. Please check the official portal for details. — Student Affairs Office,1
Shocking revelation: class is a complete fraud. Share this viral truth immediately! Do not ignore this message.,0
Breaking news: Secret information about university event - they don't want you to know this! Passed on from group admin.,0
Don't attend project submission! It has been rescheduled due to government order. Spread the word! This is 100% real information.,0
Notice: The library book submission has been rescheduled to 15th May 2026 at 11:00 AM. Please check the official portal for details. — Principal's Office,1
VIRAL: convocation merged with another event - government trying to hide this. Share before its deleted! Received from department WhatsApp group.,0
Students are informed that alumni meet will commence from Friday 11AM as per the academic calendar. — Student Affairs Office,1
Official communication: fee payment result will be declared on Friday 11AM. Check the official website for updates. — Student Affairs Office,1
EXCLUSIVE LEAKED INFO: fest is completely moved online. Share before it gets deleted! This is 100% real information.,0
"Last minute information: workshop tomorrow is postponed. Stay home, forward this message. Do not ignore this message.",0
BREAKING: seminar postponed due to unexpected maintenance. Share with everyone immediately! Do not ignore this message.,0
Circular No. 523: workshop on machine learning will be held as per schedule on Friday 11AM. Carry your ID cards. — Academic Section,1
This is to inform all students that mid-semester examination will take place on Monday 10AM as announced. Attendance is mandatory. — Academic Section,1
Students are informed that industrial visit will commence from Tuesday 9AM as per the academic calendar. — Department of Information Technology,1
Official communication: alumni meet result will be declared on 15th May 2026. Check the official website for updates. — Department of Information Technology,1
Academic Notice: mid-semester examination will be conducted online via the college portal on Wednesday 2PM. — Student Affairs Office,1
Don't attend project submission! It has been rescheduled due to unexpected maintenance. Spread the word! Received from department WhatsApp group.,0
Circular No. 202: industrial visit will be held as per schedule on 1st June 2026. Carry your ID cards. — Student Affairs Office,1
Don't attend workshop! It has been suspended due to staff absence. Spread the word! Do not ignore this message.,0
Hidden truth revealed: fest is not what they tell you. Spread awareness now! This is 100% real information.,0
VIRAL: project submission postponed - government trying to hide this. Share before its deleted! This is 100% real information.,0
EXCLUSIVE LEAKED INFO: sports day is completely rescheduled. Share before it gets deleted! This is 100% real information.,0
The Examination Controller announces the commencement of result declaration from 20th May 2026. All students are requested to prepare accordingly.,1
The Registrar announces the commencement of sports meet from Monday 10AM. All students are requested to prepare accordingly.,1
URGENT!!! annual function has been CANCELLED immediately. Forward this to all students NOW!!! Please verify and share.,0
Reminder: mid-semester examination registration deadline is 20th May 2026. Visit the administrative office for further queries. — Principal's Office,1
Message from reliable source: project submission cancelled without prior notice. Tell everyone. Received from department WhatsApp group.,0
Message from reliable source: viva examination cancelled without prior notice. Tell everyone. Received from department WhatsApp group.,0
"IMPORTANT MESSAGE: Due to technical issues, convocation is now rescheduled. Share immediately! This is 100% real information.",0
MUST SHARE!!! convocation has been unexpectedly merged with another event. All students must know NOW!!! Received from department WhatsApp group.,0
"Dear Students, The industrial visit scheduled for 15th May 2026 will be held as per the original timetable in Auditorium A. — The Registrar",1
Confirmed by insiders: convocation is merged with another event. The real reason will shock you! Please verify and share.,0
"Dr. Mehta, Dean Academic Affairs announces the commencement of mid-semester examination from Tuesday 9AM. All students are requested to prepare accordingly.",1
Department of Information Technology announces the commencement of project viva from 20th May 2026. All students are requested to prepare accordingly.,1
Official communication: practical examination result will be declared on 20th May 2026. Check the official website for updates. — Principal's Office,1
The Examination Controller announces the commencement of library book submission from 1st June 2026. All students are requested to prepare accordingly.,1
"Last minute information: fest tomorrow is rescheduled. Stay home, forward this message. Passed on from group admin.",0
VIRAL: lab practical called off - government trying to hide this. Share before its deleted! This is 100% real information.,0
🚨🚨 ALERT: university event is suspended until further notice. Tell everyone ASAP! 🚨🚨 This is 100% real information.,0
EXCLUSIVE LEAKED INFO: sports day is completely cancelled. Share before it gets deleted! Passed on from group admin.,0
Message from reliable source: exam cancelled without prior notice. Tell everyone. Passed on from group admin.,0
Urgent warning: seminar is dangerous. Forward this to protect everyone you know. This is 100% real information.,0
Update: practical examination originally scheduled for 1st June 2026 stands confirmed. No changes have been made. — The Registrar,1
*Forwarded as received* fest will not happen tomorrow. Reliable source confirmed. Please verify and share.,0
VIRAL: university event rescheduled - government trying to hide this. Share before its deleted! This is 100% real information.,0
BREAKING: workshop postponed due to COVID protocol. Share with everyone immediately! Do not ignore this message.,0
Urgent warning: seminar is dangerous. Forward this to protect everyone you know. This is 100% real information.,0
MUST SHARE!!! sports day has been unexpectedly banned. All students must know NOW!!! Received from department WhatsApp group.,0
Breaking news: Secret information about convocation - they don't want you to know this! Passed on from group admin.,0
Breaking news: Secret information about seminar - they don't want you to know this! Received from department WhatsApp group.,0
"100% confirmed: workshop rescheduled. Don't ignore this, forward to everyone now! Do not ignore this message.",0
URGENT!!! lab practical has been CANCELLED immediately. Forward this to all students NOW!!! This is 100% real information.,0
Don't attend fest! It has been delayed indefinitely due to administrative decision. Spread the word! Do not ignore this message.,0
"Last minute information: viva examination tomorrow is postponed. Stay home, forward this message. Passed on from group admin.",0
Hidden truth revealed: convocation is not what they tell you. Spread awareness now! Do not ignore this message.,0
VIRAL: lab practical cancelled - government trying to hide this. Share before its deleted! Do not ignore this message.,0
"Update: seminar on cybersecurity originally scheduled for 25th May 2026 stands confirmed. No changes have been made. — Prof. Sharma, HOD Computer Science",1
BREAKING: result declaration postponed due to administrative decision. Share with everyone immediately! Received from department WhatsApp group.,0
EXCLUSIVE LEAKED INFO: seminar is completely delayed indefinitely. Share before it gets deleted! Please verify and share.,0
Hidden truth revealed: seminar is not what they tell you. Spread awareness now! Received from department WhatsApp group.,0
Circular No. 418: practical examination will be held as per schedule on 20th May 2026. Carry your ID cards. — Principal's Office,1
Students of all are reminded that fee payment is compulsory. Contact the office for any clarifications. — The Examination Controller,1
This is to inform all students that scholarship application will take place on Wednesday 2PM as announced. Attendance is mandatory. — Academic Section,1
"IMPORTANT MESSAGE: Due to government order, viva examination is now called off. Share immediately! This is 100% real information.",0
URGENT!!! viva examination has been CANCELLED immediately. Forward this to all students NOW!!! Passed on from group admin.,0
Principal's Office announces the commencement of convocation ceremony from 25th May 2026. All students are requested to prepare accordingly.,1
🚨🚨 ALERT: exam is suspended until further notice. Tell everyone ASAP! 🚨🚨 This is 100% real information.,0
You won't believe this! project submission has been suspended. The truth is shocking! This is 100% real information.,0
"Dear Students, The result declaration scheduled for 15th May 2026 will be held as per the original timetable in Main Hall. — Prof. Sharma, HOD Computer Science",1
Don't attend result declaration! It has been merged with another event due to security concerns. Spread the word! Do not ignore this message.,0
Academic Notice: fee payment will be conducted online via the college portal on 25th May 2026. — The Examination Controller,1
BREAKING: result declaration postponed due to government order. Share with everyone immediately! Received from department WhatsApp group.,0
Don't attend viva examination! It has been merged with another event due to safety hazard. Spread the word! This is 100% real information.,0
Confirmed by insiders: annual function is banned. The real reason will shock you! Please verify and share.,0
Circular No. 418: workshop on machine learning will be held as per schedule on Wednesday 2PM. Carry your ID cards. — The Examination Controller,1
"Notice from Dr. Mehta, Dean Academic Affairs: practical examination registration is now open. Last date to apply is Monday 10AM.",1
"This is to inform all students that end-semester examination will take place on Monday 10AM as announced. Attendance is mandatory. — Prof. Sharma, HOD Computer Science",1
MUST SHARE!!! viva examination has been unexpectedly rescheduled. All students must know NOW!!! This is 100% real information.,0
Urgent warning: workshop is dangerous. Forward this to protect everyone you know. Do not ignore this message.,0
Academic Notice: result declaration will be conducted online via the college portal on Wednesday 2PM. — The Registrar,1
Circular No. 418: practical examination will be held as per schedule on Friday 11AM. Carry your ID cards. — The Registrar,1
Don't attend sports day! It has been merged with another event due to water shortage. Spread the word! This is 100% real information.,0
"Update: mid-semester examination originally scheduled for Friday 11AM stands confirmed. No changes have been made. — Dr. Mehta, Dean Academic Affairs",1
The Student Affairs Office hereby informs students that scholarship application is scheduled on Wednesday 2PM in Examination Hall. Be present on time.,1
"Important: The venue for annual cultural fest has been changed to Seminar Hall. All other details remain the same. — Prof. Sharma, HOD Computer Science",1
EXCLUSIVE LEAKED INFO: college is completely postponed. Share before it gets deleted! Passed on from group admin.,0
"IMPORTANT MESSAGE: Due to power failure, convocation is now cancelled. Share immediately! This is 100% real information.",0
"IMPORTANT MESSAGE: Due to government order, lab practical is now moved online. Share immediately! Passed on from group admin.",0
WARNING: If you attend workshop tomorrow you might power failure. Share to save people! Received from department WhatsApp group.,0
Breaking news: Secret information about university event - they don't want you to know this! Passed on from group admin.,0
Don't attend project submission! It has been suspended due to government order. Spread the word! Received from department WhatsApp group.,0
🚨🚨 ALERT: class is suspended until further notice. Tell everyone ASAP! 🚨🚨 Do not ignore this message.,0
Students are informed that sports meet will commence from Monday 10AM as per the academic calendar. — The Registrar,1
Hidden truth revealed: fest is not what they tell you. Spread awareness now! Passed on from group admin.,0
Message from reliable source: college cancelled without prior notice. Tell everyone. Received from department WhatsApp group.,0
Urgent warning: viva examination is dangerous. Forward this to protect everyone you know. Received from department WhatsApp group.,0
Don't attend fest! It has been merged with another event due to security concerns. Spread the word! Please verify and share.,0
Notice from Principal's Office: project viva registration is now open. Last date to apply is 25th May 2026.,1
Important: The venue for annual cultural fest has been changed to Main Hall. All other details remain the same. — Department of Information Technology,1
"Dear Students, The project viva scheduled for 1st June 2026 will be held as per the original timetable in Seminar Hall. — Principal's Office",1
🚨🚨 ALERT: university event is suspended until further notice. Tell everyone ASAP! 🚨🚨 Received from department WhatsApp group.,0
Shocking revelation: result declaration is a complete fraud. Share this viral truth immediately! Please verify and share.,0
🚨🚨 ALERT: exam is suspended until further notice. Tell everyone ASAP! 🚨🚨 Passed on from group admin.,0
MUST SHARE!!! workshop has been unexpectedly suspended. All students must know NOW!!! Do not ignore this message.,0
VIRAL: university event merged with another event - government trying to hide this. Share before its deleted! Do not ignore this message.,0
Notice: The seminar on cybersecurity has been rescheduled to Tuesday 9AM at 2:00 PM. Please check the official portal for details. — Principal's Office,1
"100% confirmed: exam moved online. Don't ignore this, forward to everyone now! This is 100% real information.",0
Don't attend convocation! It has been banned due to technical issues. Spread the word! Passed on from group admin.,0
VIRAL: class suspended - government trying to hide this. Share before its deleted! This is 100% real information.,0
Notice from Academic Section: industrial visit registration is now open. Last date to apply is 25th May 2026.,1
VIRAL: viva examination postponed - government trying to hide this. Share before its deleted! Please verify and share.,0
Academic Notice: fee payment will be conducted online via the college portal on Monday 10AM. — Principal's Office,1
Confirmed by insiders: college is suspended. The real reason will shock you! Do not ignore this message.,0
Students of all are reminded that industrial visit is compulsory. Contact the office for any clarifications. — Principal's Office,1
Breaking news: Secret information about project submission - they don't want you to know this! This is 100% real information.,0
"Last minute information: seminar tomorrow is cancelled. Stay home, forward this message. This is 100% real information.",0
MUST SHARE!!! college has been unexpectedly moved online. All students must know NOW!!! This is 100% real information.,0
"Students of second year are reminded that result declaration is compulsory. Contact the office for any clarifications. — Prof. Sharma, HOD Computer Science",1
Students are informed that sports meet will commence from Wednesday 2PM as per the academic calendar. — The Registrar,1
Students are informed that library book submission will commence from Tuesday 9AM as per the academic calendar. — The Examination Controller,1
Principal's Office announces the commencement of practical examination from 20th May 2026. All students are requested to prepare accordingly.,1
This is to inform all students that mid-semester examination will take place on Monday 10AM as announced. Attendance is mandatory. — The Examination Controller,1
"100% confirmed: result declaration suspended. Don't ignore this, forward to everyone now! Please verify and share.",0
Message from reliable source: project submission cancelled without prior notice. Tell everyone. Do not ignore this message.,0
BREAKING: fest postponed due to power failure. Share with everyone immediately! Please verify and share.,0
Don't attend workshop! It has been banned due to power failure. Spread the word! This is 100% real information.,0
Message from reliable source: convocation cancelled without prior notice. Tell everyone. Please verify and share.,0
Important: The venue for convocation ceremony has been changed to Room 204. All other details remain the same. — Student Affairs Office,1
Don't attend exam! It has been postponed due to safety hazard. Spread the word! Passed on from group admin.,0
*Forwarded as received* workshop will not happen tomorrow. Reliable source confirmed. Do not ignore this message.,0
The Examination Controller: The timetable for alumni meet is now available on the college website. Check before Wednesday 2PM.,1
Principal's Office announces the commencement of practical examination from Wednesday 2PM. All students are requested to prepare accordingly.,1
Urgent warning: lab practical is dangerous. Forward this to protect everyone you know. Passed on from group admin.,0
"Students are informed that convocation ceremony will commence from 1st June 2026 as per the academic calendar. — Dr. Mehta, Dean Academic Affairs",1
Urgent warning: annual function is dangerous. Forward this to protect everyone you know. This is 100% real information.,0
Update: end-semester examination originally scheduled for 25th May 2026 stands confirmed. No changes have been made. — The Examination Controller,1
This is to inform all students that scholarship application will take place on Wednesday 2PM as announced. Attendance is mandatory. — Department of Information Technology,1
Important: The venue for industrial visit has been changed to Room 204. All other details remain the same. — The Registrar,1
"IMPORTANT MESSAGE: Due to power failure, annual function is now moved online. Share immediately! Do not ignore this message.",0
Students of first year are reminded that fee payment is compulsory. Contact the office for any clarifications. — The Registrar,1
Urgent warning: fest is dangerous. Forward this to protect everyone you know. Please verify and share.,0
Urgent warning: university event is dangerous. Forward this to protect everyone you know. Please verify and share.,0
The Examination Controller: The timetable for fee payment is now available on the college website. Check before 25th May 2026.,1
Department of Information Technology announces the commencement of library book submission from 15th May 2026. All students are requested to prepare accordingly.,1
*Forwarded as received* workshop will not happen tomorrow. Reliable source confirmed. Passed on from group admin.,0
EXCLUSIVE LEAKED INFO: university event is completely merged with another event. Share before it gets deleted! Received from department WhatsApp group.,0
*Forwarded as received* fest will not happen tomorrow. Reliable source confirmed. Please verify and share.,0
WARNING: If you attend result declaration tomorrow you might staff absence. Share to save people! Please verify and share.,0
MUST SHARE!!! lab practical has been unexpectedly suspended. All students must know NOW!!! Do not ignore this message.,0
Students are informed that library book submission will commence from Tuesday 9AM as per the academic calendar. — Principal's Office,1
VIRAL: viva examination banned - government trying to hide this. Share before its deleted! Please verify and share.,0
"Dear Students, The fee payment scheduled for Wednesday 2PM will be held as per the original timetable in Auditorium A. — The Registrar",1
"Students of second year are reminded that seminar on cybersecurity is compulsory. Contact the office for any clarifications. — Dr. Mehta, Dean Academic Affairs",1
Breaking news: Secret information about result declaration - they don't want you to know this! Please verify and share.,0
Don't attend lab practical! It has been postponed due to technical issues. Spread the word! Passed on from group admin.,0
The Department of Information Technology hereby informs students that sports meet is scheduled on Friday 11AM in Room 204. Be present on time.,1
Official communication: practical examination result will be declared on 15th May 2026. Check the official website for updates. — Academic Section,1
Hidden truth revealed: sports day is not what they tell you. Spread awareness now! Passed on from group admin.,0
Breaking news: Secret information about result declaration - they don't want you to know this! Received from department WhatsApp group.,0
Breaking news: Secret information about workshop - they don't want you to know this! Please verify and share.,0
"Reminder: annual cultural fest registration deadline is 25th May 2026. Visit the administrative office for further queries. — Dr. Mehta, Dean Academic Affairs",1
Official communication: practical examination result will be declared on 1st June 2026. Check the official website for updates. — Academic Section,1
Message from reliable source: workshop cancelled without prior notice. Tell everyone. Do not ignore this message.,0
🚨🚨 ALERT: fest is suspended until further notice. Tell everyone ASAP! 🚨🚨 Passed on from group admin.,0
Notice: The sports meet has been rescheduled to Friday 11AM at 11:00 AM. Please check the official portal for details. — Principal's Office,1
"Students are informed that project viva will commence from Tuesday 9AM as per the academic calendar. — Dr. Mehta, Dean Academic Affairs",1
"Students are informed that sports meet will commence from Tuesday 9AM as per the academic calendar. — Dr. Mehta, Dean Academic Affairs",1
Message from reliable source: lab practical cancelled without prior notice. Tell everyone. Received from department WhatsApp group.,0
EXCLUSIVE LEAKED INFO: lab practical is completely cancelled. Share before it gets deleted! Received from department WhatsApp group.,0
"Dr. Mehta, Dean Academic Affairs announces the commencement of result declaration from Monday 10AM. All students are requested to prepare accordingly.",1
URGENT!!! viva examination has been CANCELLED immediately. Forward this to all students NOW!!! Do not ignore this message.,0
*Forwarded as received* college will not happen tomorrow. Reliable source confirmed. Do not ignore this message.,0
Notice: The project viva has been rescheduled to Wednesday 2PM at 2:00 PM. Please check the official portal for details. — Academic Section,1
Notice from Academic Section: convocation ceremony registration is now open. Last date to apply is Tuesday 9AM.,1
Message from reliable source: class cancelled without prior notice. Tell everyone. Do not ignore this message.,0
This is to inform all students that end-semester examination will take place on 20th May 2026 as announced. Attendance is mandatory. — The Registrar,1
"Students are informed that project viva will commence from 25th May 2026 as per the academic calendar. — Dr. Mehta, Dean Academic Affairs",1
"Dear Students, The sports meet scheduled for 20th May 2026 will be held as per the original timetable in Examination Hall. — Prof. Sharma, HOD Computer Science",1
Students of all are reminded that library book submission is compulsory. Contact the office for any clarifications. — The Examination Controller,1
This is to inform all students that sports meet will take place on 15th May 2026 as announced. Attendance is mandatory. — Student Affairs Office,1
URGENT!!! university event has been CANCELLED immediately. Forward this to all students NOW!!! This is 100% real information.,0
BREAKING: college postponed due to COVID protocol. Share with everyone immediately! Passed on from group admin.,0
Don't attend project submission! It has been suspended due to government order. Spread the word! Received from department WhatsApp group.,0
Notice: The practical examination has been rescheduled to 15th May 2026 at 11:00 AM. Please check the official portal for details. — The Examination Controller,1
This is to inform all students that fee payment will take place on 1st June 2026 as announced. Attendance is mandatory. — The Registrar,1
Principal's Office announces the commencement of convocation ceremony from Monday 10AM. All students are requested to prepare accordingly.,1
"Dr. Mehta, Dean Academic Affairs: The timetable for seminar on cybersecurity is now available on the college website. Check before 25th May 2026.",1
"Prof. Sharma, HOD Computer Science: The timetable for alumni meet is now available on the college website. Check before 25th May 2026.",1
EXCLUSIVE LEAKED INFO: result declaration is completely rescheduled. Share before it gets deleted! Do not ignore this message.,0
MUST SHARE!!! convocation has been unexpectedly rescheduled. All students must know NOW!!! This is 100% real information.,0
"100% confirmed: workshop merged with another event. Don't ignore this, forward to everyone now! Do not ignore this message.",0
Circular No. 202: industrial visit will be held as per schedule on Wednesday 2PM. Carry your ID cards. — The Registrar,1
Official communication: scholarship application result will be declared on Tuesday 9AM. Check the official website for updates. — Academic Section,1
*Forwarded as received* result declaration will not happen tomorrow. Reliable source confirmed. Do not ignore this message.,0
"Update: annual cultural fest originally scheduled for Wednesday 2PM stands confirmed. No changes have been made. — Prof. Sharma, HOD Computer Science",1
🚨🚨 ALERT: class is suspended until further notice. Tell everyone ASAP! 🚨🚨 Please verify and share.,0
"Circular No. 418: mid-semester examination will be held as per schedule on 1st June 2026. Carry your ID cards. — Prof. Sharma, HOD Computer Science",1
Urgent warning: viva examination is dangerous. Forward this to protect everyone you know. Passed on from group admin.,0
You won't believe this! annual function has been banned. The truth is shocking! Received from department WhatsApp group.,0
EXCLUSIVE LEAKED INFO: result declaration is completely merged with another event. Share before it gets deleted! Please verify and share.,0
🚨🚨 ALERT: class is suspended until further notice. Tell everyone ASAP! 🚨🚨 Please verify and share.,0
"Students of first year are reminded that scholarship application is compulsory. Contact the office for any clarifications. — Prof. Sharma, HOD Computer Science",1
Circular No. 305: convocation ceremony will be held as per schedule on Monday 10AM. Carry your ID cards. — Principal's Office,1
Update: workshop on machine learning originally scheduled for 1st June 2026 stands confirmed. No changes have been made. — Principal's Office,1
Official communication: scholarship application result will be declared on Tuesday 9AM. Check the official website for updates. — Academic Section,1
🚨🚨 ALERT: lab practical is suspended until further notice. Tell everyone ASAP! 🚨🚨 Do not ignore this message.,0
WARNING: If you attend result declaration tomorrow you might power failure. Share to save people! Passed on from group admin.,0
*Forwarded as received* lab practical will not happen tomorrow. Reliable source confirmed. Please verify and share.,0
Official communication: practical examination result will be declared on Friday 11AM. Check the official website for updates. — The Examination Controller,1
"100% confirmed: college postponed. Don't ignore this, forward to everyone now! Passed on from group admin.",0
Don't attend college! It has been rescheduled due to safety hazard. Spread the word! Received from department WhatsApp group.,0
Academic Section: The timetable for practical examination is now available on the college website. Check before 25th May 2026.,1
"Notice: The seminar on cybersecurity has been rescheduled to 25th May 2026 at 11:00 AM. Please check the official portal for details. — Dr. Mehta, Dean Academic Affairs",1
WARNING: If you attend workshop tomorrow you might safety hazard. Share to save people! Do not ignore this message.,0
Alert from higher authorities: sports day suspended with immediate effect. Share urgently! Do not ignore this message.,0
Important: The venue for end-semester examination has been changed to Computer Centre. All other details remain the same. — Student Affairs Office,1
Circular No. 523: result declaration will be held as per schedule on Tuesday 9AM. Carry your ID cards. — Department of Information Technology,1
Update: industrial visit originally scheduled for Monday 10AM stands confirmed. No changes have been made. — Principal's Office,1
Notice: The library book submission has been rescheduled to 20th May 2026 at 11:00 AM. Please check the official portal for details. — The Examination Controller,1
The Student Affairs Office hereby informs students that project viva is scheduled on Monday 10AM in Lab Block 3. Be present on time.,1
Hidden truth revealed: university event is not what they tell you. Spread awareness now! Please verify and share.,0
Student Affairs Office announces the commencement of annual cultural fest from Wednesday 2PM. All students are requested to prepare accordingly.,1
Students of all are reminded that practical examination is compulsory. Contact the office for any clarifications. — Principal's Office,1
This is to inform all students that workshop on machine learning will take place on Tuesday 9AM as announced. Attendance is mandatory. — Student Affairs Office,1
Academic Section: The timetable for alumni meet is now available on the college website. Check before 1st June 2026.,1
This is to inform all students that end-semester examination will take place on 15th May 2026 as announced. Attendance is mandatory. — Department of Information Technology,1
"Last minute information: project submission tomorrow is moved online. Stay home, forward this message. This is 100% real information.",0
Reminder: fee payment registration deadline is 15th May 2026. Visit the administrative office for further queries. — Student Affairs Office,1
Don't attend viva examination! It has been cancelled due to COVID protocol. Spread the word! Received from department WhatsApp group.,0
VIRAL: sports day delayed indefinitely - government trying to hide this. Share before its deleted! Received from department WhatsApp group.,0
Academic Notice: annual cultural fest will be conducted online via the college portal on Monday 10AM. — The Registrar,1
Circular No. 305: end-semester examination will be held as per schedule on 25th May 2026. Carry your ID cards. — Student Affairs Office,1
The Registrar announces the commencement of end-semester examination from Wednesday 2PM. All students are requested to prepare accordingly.,1
Hidden truth revealed: project submission is not what they tell you. Spread awareness now! Passed on from group admin.,0
VIRAL: fest called off - government trying to hide this. Share before its deleted! Passed on from group admin.,0
"IMPORTANT MESSAGE: Due to unexpected maintenance, annual function is now postponed. Share immediately! Passed on from group admin.",0
This is to inform all students that alumni meet will take place on 20th May 2026 as announced. Attendance is mandatory. — The Examination Controller,1
Hidden truth revealed: class is not what they tell you. Spread awareness now! Please verify and share.,0
Urgent warning: lab practical is dangerous. Forward this to protect everyone you know. This is 100% real information.,0
Shocking revelation: workshop is a complete fraud. Share this viral truth immediately! Received from department WhatsApp group.,0
Official communication: convocation ceremony result will be declared on 15th May 2026. Check the official website for updates. — Academic Section,1
🚨🚨 ALERT: class is suspended until further notice. Tell everyone ASAP! 🚨🚨 Received from department WhatsApp group.,0
Student Affairs Office: The timetable for workshop on machine learning is now available on the college website. Check before Monday 10AM.,1
"Last minute information: workshop tomorrow is banned. Stay home, forward this message. Received from department WhatsApp group.",0
Students of first year are reminded that library book submission is compulsory. Contact the office for any clarifications. — Academic Section,1
Confirmed by insiders: sports day is cancelled. The real reason will shock you! Do not ignore this message.,0
🚨🚨 ALERT: convocation is suspended until further notice. Tell everyone ASAP! 🚨🚨 Passed on from group admin.,0
Official communication: project viva result will be declared on Monday 10AM. Check the official website for updates. — Department of Information Technology,1
Confirmed by insiders: fest is called off. The real reason will shock you! This is 100% real information.,0
EXCLUSIVE LEAKED INFO: fest is completely called off. Share before it gets deleted! Do not ignore this message.,0
"100% confirmed: viva examination rescheduled. Don't ignore this, forward to everyone now! Do not ignore this message.",0
WARNING: If you attend exam tomorrow you might unexpected maintenance. Share to save people! This is 100% real information.,0
Urgent warning: university event is dangerous. Forward this to protect everyone you know. Do not ignore this message.,0
The The Examination Controller hereby informs students that annual cultural fest is scheduled on 20th May 2026 in Computer Centre. Be present on time.,1
Alert from higher authorities: lab practical delayed indefinitely with immediate effect. Share urgently! This is 100% real information.,0
MUST SHARE!!! convocation has been unexpectedly suspended. All students must know NOW!!! Do not ignore this message.,0
"Reminder: fee payment registration deadline is Friday 11AM. Visit the administrative office for further queries. — Dr. Mehta, Dean Academic Affairs",1
"Dear Students, The sports meet scheduled for Monday 10AM will be held as per the original timetable in Computer Centre. — Student Affairs Office",1
"Dr. Mehta, Dean Academic Affairs announces the commencement of project viva from 20th May 2026. All students are requested to prepare accordingly.",1
Students are informed that industrial visit will commence from Friday 11AM as per the academic calendar. — Student Affairs Office,1
Update: seminar on cybersecurity originally scheduled for Friday 11AM stands confirmed. No changes have been made. — Academic Section,1
*Forwarded as received* project submission will not happen tomorrow. Reliable source confirmed. Received from department WhatsApp group.,0
Reminder: end-semester examination registration deadline is Friday 11AM. Visit the administrative office for further queries. — Academic Section,1
"Dr. Mehta, Dean Academic Affairs announces the commencement of alumni meet from Wednesday 2PM. All students are requested to prepare accordingly.",1
"100% confirmed: university event banned. Don't ignore this, forward to everyone now! Do not ignore this message.",0
Hidden truth revealed: convocation is not what they tell you. Spread awareness now! Please verify and share.,0
Message from reliable source: result declaration cancelled without prior notice. Tell everyone. Please verify and share.,0
VIRAL: seminar moved online - government trying to hide this. Share before its deleted! This is 100% real information.,0
"Notice from Dr. Mehta, Dean Academic Affairs: library book submission registration is now open. Last date to apply is 1st June 2026.",1
Message from reliable source: sports day cancelled without prior notice. Tell everyone. This is 100% real information.,0
BREAKING: seminar postponed due to security concerns. Share with everyone immediately! Do not ignore this message.,0
Department of Information Technology: The timetable for fee payment is now available on the college website. Check before 15th May 2026.,1
Circular No. 202: library book submission will be held as per schedule on Wednesday 2PM. Carry your ID cards. — The Examination Controller,1
Students are informed that result declaration will commence from Wednesday 2PM as per the academic calendar. — Student Affairs Office,1
"Students of third year are reminded that practical examination is compulsory. Contact the office for any clarifications. — Prof. Sharma, HOD Computer Science",1
"Important: The venue for practical examination has been changed to Auditorium A. All other details remain the same. — Dr. Mehta, Dean Academic Affairs",1
*Forwarded as received* university event will not happen tomorrow. Reliable source confirmed. Please verify and share.,0
Breaking news: Secret information about project submission - they don't want you to know this! Do not ignore this message.,0
Student Affairs Office: The timetable for scholarship application is now available on the college website. Check before 1st June 2026.,1
"Students of third year are reminded that seminar on cybersecurity is compulsory. Contact the office for any clarifications. — Prof. Sharma, HOD Computer Science",1
Important: The venue for sports meet has been changed to Auditorium A. All other details remain the same. — Academic Section,1
WARNING: If you attend exam tomorrow you might power failure. Share to save people! Received from department WhatsApp group.,0
Shocking revelation: college is a complete fraud. Share this viral truth immediately! Passed on from group admin.,0
Alert from higher authorities: university event rescheduled with immediate effect. Share urgently! Received from department WhatsApp group.,0
Message from reliable source: exam cancelled without prior notice. Tell everyone. Do not ignore this message.,0
Academic Section: The timetable for scholarship application is now available on the college website. Check before 1st June 2026.,1
BREAKING: project submission postponed due to staff absence. Share with everyone immediately! Received from department WhatsApp group.,0
Message from reliable source: project submission cancelled without prior notice. Tell everyone. Do not ignore this message.,0
You won't believe this! exam has been merged with another event. The truth is shocking! Received from department WhatsApp group.,0
"Academic Notice: mid-semester examination will be conducted online via the college portal on Wednesday 2PM. — Dr. Mehta, Dean Academic Affairs",1
You won't believe this! convocation has been banned. The truth is shocking! Passed on from group admin.,0
MUST SHARE!!! result declaration has been unexpectedly suspended. All students must know NOW!!! Received from department WhatsApp group.,0
*Forwarded as received* project submission will not happen tomorrow. Reliable source confirmed. Do not ignore this message.,0
Notice: The sports meet has been rescheduled to 1st June 2026 at 11:00 AM. Please check the official portal for details. — The Registrar,1
WARNING: If you attend university event tomorrow you might staff absence. Share to save people! Received from department WhatsApp group.,0
Shocking revelation: viva examination is a complete fraud. Share this viral truth immediately! Do not ignore this message.,0
Notice from The Registrar: industrial visit registration is now open. Last date to apply is Monday 10AM.,1
Notice: The library book submission has been rescheduled to 15th May 2026 at 2:00 PM. Please check the official portal for details. — The Registrar,1
"Dear Students, The convocation ceremony scheduled for Friday 11AM will be held as per the original timetable in Auditorium A. — Student Affairs Office",1
Important: The venue for industrial visit has been changed to Computer Centre. All other details remain the same. — Academic Section,1
Notice from The Examination Controller: seminar on cybersecurity registration is now open. Last date to apply is Monday 10AM.,1
Official communication: seminar on cybersecurity result will be declared on 25th May 2026. Check the official website for updates. — The Examination Controller,1
"100% confirmed: fest delayed indefinitely. Don't ignore this, forward to everyone now! Please verify and share.",0
This is to inform all students that alumni meet will take place on 1st June 2026 as announced. Attendance is mandatory. — The Registrar,1
Don't attend class! It has been delayed indefinitely due to safety hazard. Spread the word! Please verify and share.,0
Notice: The library book submission has been rescheduled to 20th May 2026 at 9:30 AM. Please check the official portal for details. — Principal's Office,1
"Official communication: mid-semester examination result will be declared on 20th May 2026. Check the official website for updates. — Prof. Sharma, HOD Computer Science",1
Shocking revelation: seminar is a complete fraud. Share this viral truth immediately! Do not ignore this message.,0
BREAKING: exam postponed due to water shortage. Share with everyone immediately! Please verify and share.,0
Students are informed that annual cultural fest will commence from 15th May 2026 as per the academic calendar. — The Registrar,1
Students of second year are reminded that annual cultural fest is compulsory. Contact the office for any clarifications. — Academic Section,1
Academic Section announces the commencement of seminar on cybersecurity from 1st June 2026. All students are requested to prepare accordingly.,1
Message from reliable source: lab practical cancelled without prior notice. Tell everyone. Passed on from group admin.,0
Confirmed by insiders: university event is merged with another event. The real reason will shock you! Passed on from group admin.,0
🚨🚨 ALERT: sports day is suspended until further notice. Tell everyone ASAP! 🚨🚨 Please verify and share.,0
Students are informed that sports meet will commence from Monday 10AM as per the academic calendar. — The Registrar,1
"Official communication: workshop on machine learning result will be declared on 15th May 2026. Check the official website for updates. — Prof. Sharma, HOD Computer Science",1
"Important: The venue for alumni meet has been changed to Computer Centre. All other details remain the same. — Dr. Mehta, Dean Academic Affairs",1
Confirmed by insiders: annual function is banned. The real reason will shock you! This is 100% real information.,0
Shocking revelation: exam is a complete fraud. Share this viral truth immediately! Do not ignore this message.,0
"Students of second year are reminded that alumni meet is compulsory. Contact the office for any clarifications. — Dr. Mehta, Dean Academic Affairs",1
Confirmed by insiders: result declaration is delayed indefinitely. The real reason will shock you! Please verify and share.,0
Circular No. 418: library book submission will be held as per schedule on Monday 10AM. Carry your ID cards. — The Examination Controller,1
"Important: The venue for mid-semester examination has been changed to Examination Hall. All other details remain the same. — Dr. Mehta, Dean Academic Affairs",1
Update: fee payment originally scheduled for 1st June 2026 stands confirmed. No changes have been made. — The Examination Controller,1
"Academic Notice: project viva will be conducted online via the college portal on 20th May 2026. — Dr. Mehta, Dean Academic Affairs",1
"Dear Students, The alumni meet scheduled for Wednesday 2PM will be held as per the original timetable in Auditorium A. — Principal's Office",1
VIRAL: convocation moved online - government trying to hide this. Share before its deleted! Please verify and share.,0
Confirmed by insiders: viva examination is merged with another event. The real reason will shock you! Do not ignore this message.,0
Academic Notice: result declaration will be conducted online via the college portal on Tuesday 9AM. — Department of Information Technology,1
Students of first year are reminded that convocation ceremony is compulsory. Contact the office for any clarifications. — Student Affairs Office,1
Notice from Department of Information Technology: result declaration registration is now open. Last date to apply is Tuesday 9AM.,1
Alert from higher authorities: viva examination called off with immediate effect. Share urgently! Please verify and share.,0
Update: scholarship application originally scheduled for 15th May 2026 stands confirmed. No changes have been made. — Academic Section,1
The The Examination Controller hereby informs students that project viva is scheduled on Friday 11AM in Examination Hall. Be present on time.,1
Hidden truth revealed: lab practical is not what they tell you. Spread awareness now! Do not ignore this message.,0
This is to inform all students that sports meet will take place on 20th May 2026 as announced. Attendance is mandatory. — The Examination Controller,1
The Department of Information Technology hereby informs students that annual cultural fest is scheduled on 20th May 2026 in Auditorium A. Be present on time.,1
"Prof. Sharma, HOD Computer Science announces the commencement of industrial visit from 1st June 2026. All students are requested to prepare accordingly.",1
Notice from The Registrar: fee payment registration is now open. Last date to apply is 20th May 2026.,1
"This is to inform all students that fee payment will take place on Monday 10AM as announced. Attendance is mandatory. — Dr. Mehta, Dean Academic Affairs",1
"This is to inform all students that mid-semester examination will take place on 20th May 2026 as announced. Attendance is mandatory. — Prof. Sharma, HOD Computer Science",1
Circular No. 101: annual cultural fest will be held as per schedule on Monday 10AM. Carry your ID cards. — The Registrar,1
"Official communication: industrial visit result will be declared on Friday 11AM. Check the official website for updates. — Dr. Mehta, Dean Academic Affairs",1
Students are informed that result declaration will commence from Monday 10AM as per the academic calendar. — Student Affairs Office,1
Notice from Department of Information Technology: mid-semester examination registration is now open. Last date to apply is Wednesday 2PM.,1
WARNING: If you attend college tomorrow you might technical issues. Share to save people! Do not ignore this message.,0
Shocking revelation: class is a complete fraud. Share this viral truth immediately! Passed on from group admin.,0
🚨🚨 ALERT: college is suspended until further notice. Tell everyone ASAP! 🚨🚨 Do not ignore this message.,0
BREAKING: class postponed due to technical issues. Share with everyone immediately! Passed on from group admin.,0
MUST SHARE!!! convocation has been unexpectedly cancelled. All students must know NOW!!! This is 100% real information.,0
"Dear Students, The sports meet scheduled for Monday 10AM will be held as per the original timetable in Examination Hall. — Department of Information Technology",1
This is to inform all students that seminar on cybersecurity will take place on 25th May 2026 as announced. Attendance is mandatory. — Academic Section,1
Notice: The practical examination has been rescheduled to Friday 11AM at 11:00 AM. Please check the official portal for details. — Student Affairs Office,1
MUST SHARE!!! sports day has been unexpectedly postponed. All students must know NOW!!! Received from department WhatsApp group.,0
Hidden truth revealed: seminar is not what they tell you. Spread awareness now! This is 100% real information.,0
WARNING: If you attend result declaration tomorrow you might safety hazard. Share to save people! Received from department WhatsApp group.,0
Shocking revelation: seminar is a complete fraud. Share this viral truth immediately! Passed on from group admin.,0
"Official communication: alumni meet result will be declared on 20th May 2026. Check the official website for updates. — Prof. Sharma, HOD Computer Science",1
Official communication: library book submission result will be declared on Tuesday 9AM. Check the official website for updates. — The Registrar,1
Shocking revelation: exam is a complete fraud. Share this viral truth immediately! This is 100% real information.,0
Students of second year are reminded that fee payment is compulsory. Contact the office for any clarifications. — Academic Section,1
"Dear Students, The workshop on machine learning scheduled for Friday 11AM will be held as per the original timetable in Main Hall. — Dr. Mehta, Dean Academic Affairs",1
"Important: The venue for end-semester examination has been changed to Auditorium A. All other details remain the same. — Prof. Sharma, HOD Computer Science",1
🚨🚨 ALERT: seminar is suspended until further notice. Tell everyone ASAP! 🚨🚨 Received from department WhatsApp group.,0
"IMPORTANT MESSAGE: Due to technical issues, fest is now moved online. Share immediately! Please verify and share.",0
"IMPORTANT MESSAGE: Due to unexpected maintenance, viva examination is now postponed. Share immediately! Do not ignore this message.",0
Notice: The project viva has been rescheduled to Wednesday 2PM at 9:30 AM. Please check the official portal for details. — The Examination Controller,1
MUST SHARE!!! seminar has been unexpectedly postponed. All students must know NOW!!! Received from department WhatsApp group.,0
"Dear Students, The end-semester examination scheduled for Friday 11AM will be held as per the original timetable in Seminar Hall. — The Registrar",1
BREAKING: annual function postponed due to security concerns. Share with everyone immediately! Received from department WhatsApp group.,0
Students of final year are reminded that workshop on machine learning is compulsory. Contact the office for any clarifications. — The Registrar,1
"Dr. Mehta, Dean Academic Affairs: The timetable for fee payment is now available on the college website. Check before 25th May 2026.",1
Official communication: project viva result will be declared on Monday 10AM. Check the official website for updates. — Principal's Office,1
Shocking revelation: class is a complete fraud. Share this viral truth immediately! This is 100% real information.,0
You won't believe this! project submission has been banned. The truth is shocking! This is 100% real information.,0
*Forwarded as received* result declaration will not happen tomorrow. Reliable source confirmed. Passed on from group admin.,0
"IMPORTANT MESSAGE: Due to safety hazard, sports day is now rescheduled. Share immediately! Received from department WhatsApp group.",0
URGENT!!! college has been CANCELLED immediately. Forward this to all students NOW!!! Do not ignore this message.,0
"Notice: The fee payment has been rescheduled to 15th May 2026 at 10:00 AM. Please check the official portal for details. — Prof. Sharma, HOD Computer Science",1
"This is to inform all students that practical examination will take place on Monday 10AM as announced. Attendance is mandatory. — Prof. Sharma, HOD Computer Science",1
Academic Section: The timetable for library book submission is now available on the college website. Check before 25th May 2026.,1
"Last minute information: project submission tomorrow is cancelled. Stay home, forward this message. This is 100% real information.",0
Academic Notice: seminar on cybersecurity will be conducted online via the college portal on Friday 11AM. — The Registrar,1
Student Affairs Office announces the commencement of seminar on cybersecurity from Monday 10AM. All students are requested to prepare accordingly.,1
"Circular No. 305: alumni meet will be held as per schedule on 1st June 2026. Carry your ID cards. — Prof. Sharma, HOD Computer Science",1
🚨🚨 ALERT: project submission is suspended until further notice. Tell everyone ASAP! 🚨🚨 Do not ignore this message.,0
Alert from higher authorities: fest banned with immediate effect. Share urgently! Do not ignore this message.,0
"100% confirmed: university event moved online. Don't ignore this, forward to everyone now! Passed on from group admin.",0
Important: The venue for end-semester examination has been changed to Room 204. All other details remain the same. — The Registrar,1
"Official communication: alumni meet result will be declared on 25th May 2026. Check the official website for updates. — Prof. Sharma, HOD Computer Science",1
"100% confirmed: convocation delayed indefinitely. Don't ignore this, forward to everyone now! Received from department WhatsApp group.",0
Alert from higher authorities: lab practical postponed with immediate effect. Share urgently! This is 100% real information.,0
Important: The venue for practical examination has been changed to Computer Centre. All other details remain the same. — The Registrar,1
MUST SHARE!!! annual function has been unexpectedly delayed indefinitely. All students must know NOW!!! Please verify and share.,0
You won't believe this! college has been cancelled. The truth is shocking! This is 100% real information.,0
Official communication: project viva result will be declared on Monday 10AM. Check the official website for updates. — The Examination Controller,1
"Notice: The convocation ceremony has been rescheduled to 25th May 2026 at 2:00 PM. Please check the official portal for details. — Prof. Sharma, HOD Computer Science",1
Breaking news: Secret information about fest - they don't want you to know this! Received from department WhatsApp group.,0
Don't attend fest! It has been suspended due to water shortage. Spread the word! Please verify and share.,0
The Registrar: The timetable for workshop on machine learning is now available on the college website. Check before Friday 11AM.,1
Students are informed that workshop on machine learning will commence from 1st June 2026 as per the academic calendar. — Principal's Office,1
Important: The venue for industrial visit has been changed to Computer Centre. All other details remain the same. — Student Affairs Office,1
Important: The venue for scholarship application has been changed to Auditorium A. All other details remain the same. — Department of Information Technology,1
"The Dr. Mehta, Dean Academic Affairs hereby informs students that practical examination is scheduled on 15th May 2026 in Computer Centre. Be present on time.",1
Urgent warning: fest is dangerous. Forward this to protect everyone you know. Passed on from group admin.,0
Update: fee payment originally scheduled for Tuesday 9AM stands confirmed. No changes have been made. — Principal's Office,1
The Academic Section hereby informs students that scholarship application is scheduled on Friday 11AM in Seminar Hall. Be present on time.,1
Official communication: scholarship application result will be declared on 1st June 2026. Check the official website for updates. — Academic Section,1
"100% confirmed: exam suspended. Don't ignore this, forward to everyone now! Do not ignore this message.",0
This is to inform all students that end-semester examination will take place on Wednesday 2PM as announced. Attendance is mandatory. — Student Affairs Office,1
The Student Affairs Office hereby informs students that practical examination is scheduled on 20th May 2026 in Auditorium A. Be present on time.,1
Academic Notice: result declaration will be conducted online via the college portal on 25th May 2026. — Student Affairs Office,1
VIRAL: result declaration cancelled - government trying to hide this. Share before its deleted! This is 100% real information.,0
Important: The venue for result declaration has been changed to Lab Block 3. All other details remain the same. — Principal's Office,1
Hidden truth revealed: project submission is not what they tell you. Spread awareness now! Passed on from group admin.,0
Hidden truth revealed: sports day is not what they tell you. Spread awareness now! Received from department WhatsApp group.,0
Breaking news: Secret information about fest - they don't want you to know this! Do not ignore this message.,0
WARNING: If you attend annual function tomorrow you might COVID protocol. Share to save people! Please verify and share.,0
MUST SHARE!!! class has been unexpectedly postponed. All students must know NOW!!! Do not ignore this message.,0
Urgent warning: exam is dangerous. Forward this to protect everyone you know. Do not ignore this message.,0
"IMPORTANT MESSAGE: Due to safety hazard, lab practical is now delayed indefinitely. Share immediately! Passed on from group admin.",0
"Important: The venue for practical examination has been changed to Computer Centre. All other details remain the same. — Dr. Mehta, Dean Academic Affairs",1
Notice: The workshop on machine learning has been rescheduled to Wednesday 2PM at 9:30 AM. Please check the official portal for details. — Student Affairs Office,1
Urgent warning: annual function is dangerous. Forward this to protect everyone you know. Please verify and share.,0
"Reminder: practical examination registration deadline is Friday 11AM. Visit the administrative office for further queries. — Dr. Mehta, Dean Academic Affairs",1
Shocking revelation: workshop is a complete fraud. Share this viral truth immediately! This is 100% real information.,0
Official communication: end-semester examination result will be declared on Wednesday 2PM. Check the official website for updates. — Principal's Office,1
Notice: The library book submission has been rescheduled to Wednesday 2PM at 9:30 AM. Please check the official portal for details. — The Registrar,1
Message from reliable source: college cancelled without prior notice. Tell everyone. Passed on from group admin.,0
"100% confirmed: seminar moved online. Don't ignore this, forward to everyone now! Received from department WhatsApp group.",0
🚨🚨 ALERT: college is suspended until further notice. Tell everyone ASAP! 🚨🚨 This is 100% real information.,0
Reminder: end-semester examination registration deadline is 15th May 2026. Visit the administrative office for further queries. — Academic Section,1
Shocking revelation: class is a complete fraud. Share this viral truth immediately! Received from department WhatsApp group.,0
Official communication: alumni meet result will be declared on Wednesday 2PM. Check the official website for updates. — Department of Information Technology,1
Notice from Academic Section: seminar on cybersecurity registration is now open. Last date to apply is Tuesday 9AM.,1
"Dear Students, The fee payment scheduled for 15th May 2026 will be held as per the original timetable in Seminar Hall. — Academic Section",1
Academic Section announces the commencement of mid-semester examination from Monday 10AM. All students are requested to prepare accordingly.,1
This is to inform all students that seminar on cybersecurity will take place on Monday 10AM as announced. Attendance is mandatory. — The Registrar,1
Students are informed that result declaration will commence from 1st June 2026 as per the academic calendar. — The Registrar,1
"Reminder: seminar on cybersecurity registration deadline is Friday 11AM. Visit the administrative office for further queries. — Prof. Sharma, HOD Computer Science",1
VIRAL: college called off - government trying to hide this. Share before its deleted! Passed on from group admin.,0
VIRAL: viva examination rescheduled - government trying to hide this. Share before its deleted! Received from department WhatsApp group.,0
Hidden truth revealed: viva examination is not what they tell you. Spread awareness now! Received from department WhatsApp group.,0
This is to inform all students that library book submission will take place on 25th May 2026 as announced. Attendance is mandatory. — Student Affairs Office,1
Notice from Academic Section: annual cultural fest registration is now open. Last date to apply is 25th May 2026.,1
Urgent warning: seminar is dangerous. Forward this to protect everyone you know. This is 100% real information.,0
Department of Information Technology: The timetable for end-semester examination is now available on the college website. Check before Wednesday 2PM.,1
"IMPORTANT MESSAGE: Due to administrative decision, college is now rescheduled. Share immediately! This is 100% real information.",0
You won't believe this! seminar has been postponed. The truth is shocking! Please verify and share.,0
Important: The venue for scholarship application has been changed to Room 204. All other details remain the same. — Academic Section,1
Notice: The fee payment has been rescheduled to 1st June 2026 at 2:00 PM. Please check the official portal for details. — Academic Section,1
"Last minute information: sports day tomorrow is rescheduled. Stay home, forward this message. This is 100% real information.",0
Students of second year are reminded that seminar on cybersecurity is compulsory. Contact the office for any clarifications. — Student Affairs Office,1
*Forwarded as received* annual function will not happen tomorrow. Reliable source confirmed. Received from department WhatsApp group.,0
WARNING: If you attend exam tomorrow you might administrative decision. Share to save people! Passed on from group admin.,0
Important: The venue for alumni meet has been changed to Auditorium A. All other details remain the same. — Academic Section,1
WARNING: If you attend class tomorrow you might power failure. Share to save people! Received from department WhatsApp group.,0
WARNING: If you attend lab practical tomorrow you might administrative decision. Share to save people! Do not ignore this message.,0
"Official communication: alumni meet result will be declared on 25th May 2026. Check the official website for updates. — Prof. Sharma, HOD Computer Science",1
BREAKING: viva examination postponed due to water shortage. Share with everyone immediately! Passed on from group admin.,0
Confirmed by insiders: college is called off. The real reason will shock you! Passed on from group admin.,0
"The Prof. Sharma, HOD Computer Science hereby informs students that mid-semester examination is scheduled on 15th May 2026 in Main Hall. Be present on time.",1
Urgent warning: project submission is dangerous. Forward this to protect everyone you know. Please verify and share.,0
EXCLUSIVE LEAKED INFO: exam is completely cancelled. Share before it gets deleted! Passed on from group admin.,0
Important: The venue for industrial visit has been changed to Examination Hall. All other details remain the same. — Academic Section,1
Official communication: scholarship application result will be declared on 25th May 2026. Check the official website for updates. — Student Affairs Office,1
Breaking news: Secret information about viva examination - they don't want you to know this! This is 100% real information.,0
"IMPORTANT MESSAGE: Due to unexpected maintenance, sports day is now moved online. Share immediately! Do not ignore this message.",0
Important: The venue for industrial visit has been changed to Computer Centre. All other details remain the same. — The Registrar,1
"IMPORTANT MESSAGE: Due to security concerns, workshop is now suspended. Share immediately! Received from department WhatsApp group.",0
Official communication: alumni meet result will be declared on 25th May 2026. Check the official website for updates. — The Examination Controller,1
Don't attend convocation! It has been postponed due to government order. Spread the word! Do not ignore this message.,0
Official communication: library book submission result will be declared on 15th May 2026. Check the official website for updates. — Principal's Office,1
Message from reliable source: annual function cancelled without prior notice. Tell everyone. Please verify and share.,0
This is to inform all students that scholarship application will take place on Tuesday 9AM as announced. Attendance is mandatory. — The Registrar,1
This is to inform all students that result declaration will take place on Tuesday 9AM as announced. Attendance is mandatory. — Principal's Office,1
Reminder: workshop on machine learning registration deadline is Monday 10AM. Visit the administrative office for further queries. — Academic Section,1
Breaking news: Secret information about annual function - they don't want you to know this! This is 100% real information.,0
"Notice: The practical examination has been rescheduled to Friday 11AM at 9:30 AM. Please check the official portal for details. — Prof. Sharma, HOD Computer Science",1
This is to inform all students that industrial visit will take place on 25th May 2026 as announced. Attendance is mandatory. — Academic Section,1
"Circular No. 305: workshop on machine learning will be held as per schedule on Wednesday 2PM. Carry your ID cards. — Dr. Mehta, Dean Academic Affairs",1
Confirmed by insiders: annual function is banned. The real reason will shock you! This is 100% real information.,0
"Last minute information: seminar tomorrow is postponed. Stay home, forward this message. Please verify and share.",0
Students are informed that convocation ceremony will commence from Wednesday 2PM as per the academic calendar. — Academic Section,1
"Last minute information: project submission tomorrow is rescheduled. Stay home, forward this message. Do not ignore this message.",0
BREAKING: college postponed due to technical issues. Share with everyone immediately! Do not ignore this message.,0
Update: practical examination originally scheduled for 25th May 2026 stands confirmed. No changes have been made. — Student Affairs Office,1
Shocking revelation: sports day is a complete fraud. Share this viral truth immediately! Received from department WhatsApp group.,0
"Prof. Sharma, HOD Computer Science: The timetable for project viva is now available on the college website. Check before Wednesday 2PM.",1
Circular No. 305: alumni meet will be held as per schedule on 20th May 2026. Carry your ID cards. — Student Affairs Office,1
Confirmed by insiders: college is called off. The real reason will shock you! Received from department WhatsApp group.,0
"Prof. Sharma, HOD Computer Science: The timetable for end-semester examination is now available on the college website. Check before 25th May 2026.",1
Confirmed by insiders: result declaration is postponed. The real reason will shock you! This is 100% real information.,0
Update: end-semester examination originally scheduled for Friday 11AM stands confirmed. No changes have been made. — Academic Section,1
Academic Notice: end-semester examination will be conducted online via the college portal on 25th May 2026. — The Registrar,1
WARNING: If you attend project submission tomorrow you might staff absence. Share to save people! Do not ignore this message.,0
Breaking news: Secret information about annual function - they don't want you to know this! This is 100% real information.,0
"Last minute information: sports day tomorrow is moved online. Stay home, forward this message. This is 100% real information.",0
"Dear Students, The industrial visit scheduled for 20th May 2026 will be held as per the original timetable in Examination Hall. — Principal's Office",1
VIRAL: exam called off - government trying to hide this. Share before its deleted! Received from department WhatsApp group.,0
"100% confirmed: university event merged with another event. Don't ignore this, forward to everyone now! Received from department WhatsApp group.",0
Update: industrial visit originally scheduled for 25th May 2026 stands confirmed. No changes have been made. — Principal's Office,1
URGENT!!! viva examination has been CANCELLED immediately. Forward this to all students NOW!!! Received from department WhatsApp group.,0
🚨🚨 ALERT: convocation is suspended until further notice. Tell everyone ASAP! 🚨🚨 Please verify and share.,0
"Last minute information: lab practical tomorrow is postponed. Stay home, forward this message. This is 100% real information.",0
Students are informed that industrial visit will commence from 1st June 2026 as per the academic calendar. — Department of Information Technology,1
The Examination Controller: The timetable for seminar on cybersecurity is now available on the college website. Check before 15th May 2026.,1
"Circular No. 523: seminar on cybersecurity will be held as per schedule on Friday 11AM. Carry your ID cards. — Dr. Mehta, Dean Academic Affairs",1
You won't believe this! exam has been merged with another event. The truth is shocking! Passed on from group admin.,0
Message from reliable source: lab practical cancelled without prior notice. Tell everyone. Do not ignore this message.,0
"Official communication: industrial visit result will be declared on Wednesday 2PM. Check the official website for updates. — Prof. Sharma, HOD Computer Science",1
"Prof. Sharma, HOD Computer Science announces the commencement of result declaration from 15th May 2026. All students are requested to prepare accordingly.",1
Reminder: fee payment registration deadline is Tuesday 9AM. Visit the administrative office for further queries. — Academic Section,1
Academic Notice: sports meet will be conducted online via the college portal on Friday 11AM. — Principal's Office,1
Students are informed that seminar on cybersecurity will commence from 20th May 2026 as per the academic calendar. — Academic Section,1
"Dear Students, The convocation ceremony scheduled for Friday 11AM will be held as per the original timetable in Computer Centre. — Department of Information Technology",1
Academic Notice: convocation ceremony will be conducted online via the college portal on 25th May 2026. — Department of Information Technology,1
Shocking revelation: college is a complete fraud. Share this viral truth immediately! Received from department WhatsApp group.,0
Notice from The Registrar: project viva registration is now open. Last date to apply is Tuesday 9AM.,1
Breaking news: Secret information about convocation - they don't want you to know this! Passed on from group admin.,0
Academic Notice: workshop on machine learning will be conducted online via the college portal on 15th May 2026. — Department of Information Technology,1
Students of second year are reminded that result declaration is compulsory. Contact the office for any clarifications. — Principal's Office,1
Shocking revelation: viva examination is a complete fraud. Share this viral truth immediately! Please verify and share.,0
The Principal's Office hereby informs students that fee payment is scheduled on Wednesday 2PM in Seminar Hall. Be present on time.,1
Official communication: alumni meet result will be declared on 20th May 2026. Check the official website for updates. — Principal's Office,1
Message from reliable source: project submission cancelled without prior notice. Tell everyone. This is 100% real information.,0
Official communication: end-semester examination result will be declared on 15th May 2026. Check the official website for updates. — Student Affairs Office,1
Urgent warning: convocation is dangerous. Forward this to protect everyone you know. This is 100% real information.,0
Confirmed by insiders: exam is rescheduled. The real reason will shock you! This is 100% real information.,0
The Examination Controller announces the commencement of convocation ceremony from Tuesday 9AM. All students are requested to prepare accordingly.,1
The Examination Controller announces the commencement of convocation ceremony from Monday 10AM. All students are requested to prepare accordingly.,1
"Dear Students, The practical examination scheduled for 25th May 2026 will be held as per the original timetable in Seminar Hall. — The Examination Controller",1
Notice from Student Affairs Office: annual cultural fest registration is now open. Last date to apply is 1st June 2026.,1
"Last minute information: result declaration tomorrow is delayed indefinitely. Stay home, forward this message. Do not ignore this message.",0
"Dear Students, The industrial visit scheduled for Monday 10AM will be held as per the original timetable in Seminar Hall. — Principal's Office",1
Message from reliable source: annual function cancelled without prior notice. Tell everyone. Received from department WhatsApp group.,0
🚨🚨 ALERT: fest is suspended until further notice. Tell everyone ASAP! 🚨🚨 Passed on from group admin.,0
🚨🚨 ALERT: class is suspended until further notice. Tell everyone ASAP! 🚨🚨 This is 100% real information.,0
This is to inform all students that scholarship application will take place on 1st June 2026 as announced. Attendance is mandatory. — The Examination Controller,1
Circular No. 101: result declaration will be held as per schedule on 20th May 2026. Carry your ID cards. — Student Affairs Office,1
"100% confirmed: convocation banned. Don't ignore this, forward to everyone now! Passed on from group admin.",0
Update: seminar on cybersecurity originally scheduled for Wednesday 2PM stands confirmed. No changes have been made. — The Registrar,1
Don't attend college! It has been postponed due to safety hazard. Spread the word! Please verify and share.,0
"Prof. Sharma, HOD Computer Science: The timetable for project viva is now available on the college website. Check before Monday 10AM.",1
Don't attend annual function! It has been rescheduled due to security concerns. Spread the word! This is 100% real information.,0
"Reminder: workshop on machine learning registration deadline is Tuesday 9AM. Visit the administrative office for further queries. — Dr. Mehta, Dean Academic Affairs",1
Hidden truth revealed: university event is not what they tell you. Spread awareness now! Do not ignore this message.,0
Students of final year are reminded that sports meet is compulsory. Contact the office for any clarifications. — Principal's Office,1
Notice: The alumni meet has been rescheduled to 15th May 2026 at 9:30 AM. Please check the official portal for details. — The Registrar,1
Alert from higher authorities: lab practical banned with immediate effect. Share urgently! Do not ignore this message.,0
Important: The venue for sports meet has been changed to Computer Centre. All other details remain the same. — The Examination Controller,1
The Principal's Office hereby informs students that seminar on cybersecurity is scheduled on 25th May 2026 in Computer Centre. Be present on time.,1
"Students of second year are reminded that alumni meet is compulsory. Contact the office for any clarifications. — Dr. Mehta, Dean Academic Affairs",1
Notice: The practical examination has been rescheduled to Tuesday 9AM at 10:00 AM. Please check the official portal for details. — Principal's Office,1
"Reminder: workshop on machine learning registration deadline is Monday 10AM. Visit the administrative office for further queries. — Dr. Mehta, Dean Academic Affairs",1
"100% confirmed: result declaration banned. Don't ignore this, forward to everyone now! Received from department WhatsApp group.",0
Update: result declaration originally scheduled for 15th May 2026 stands confirmed. No changes have been made. — The Registrar,1
"Last minute information: university event tomorrow is suspended. Stay home, forward this message. Please verify and share.",0
Students of first year are reminded that mid-semester examination is compulsory. Contact the office for any clarifications. — Department of Information Technology,1
"Prof. Sharma, HOD Computer Science: The timetable for scholarship application is now available on the college website. Check before 15th May 2026.",1
"Update: workshop on machine learning originally scheduled for 15th May 2026 stands confirmed. No changes have been made. — Prof. Sharma, HOD Computer Science",1
VIRAL: sports day merged with another event - government trying to hide this. Share before its deleted! Please verify and share.,0
Hidden truth revealed: viva examination is not what they tell you. Spread awareness now! Do not ignore this message.,0
Alert from higher authorities: sports day called off with immediate effect. Share urgently! Please verify and share.,0
The Student Affairs Office hereby informs students that scholarship application is scheduled on Monday 10AM in Main Hall. Be present on time.,1
Official communication: seminar on cybersecurity result will be declared on Wednesday 2PM. Check the official website for updates. — Student Affairs Office,1
This is to inform all students that annual cultural fest will take place on 15th May 2026 as announced. Attendance is mandatory. — Principal's Office,1
🚨🚨 ALERT: result declaration is suspended until further notice. Tell everyone ASAP! 🚨🚨 This is 100% real information.,0
Students are informed that mid-semester examination will commence from Friday 11AM as per the academic calendar. — Principal's Office,1
EXCLUSIVE LEAKED INFO: university event is completely banned. Share before it gets deleted! Passed on from group admin.,0
EXCLUSIVE LEAKED INFO: convocation is completely cancelled. Share before it gets deleted! Passed on from group admin.,0
You won't believe this! viva examination has been moved online. The truth is shocking! Received from department WhatsApp group.,0
Students of third year are reminded that project viva is compulsory. Contact the office for any clarifications. — The Registrar,1
Notice: The convocation ceremony has been rescheduled to 25th May 2026 at 11:00 AM. Please check the official portal for details. — The Examination Controller,1
The The Registrar hereby informs students that result declaration is scheduled on Friday 11AM in Seminar Hall. Be present on time.,1
Official communication: workshop on machine learning result will be declared on 15th May 2026. Check the official website for updates. — Department of Information Technology,1
Update: result declaration originally scheduled for Monday 10AM stands confirmed. No changes have been made. — The Registrar,1
Message from reliable source: class cancelled without prior notice. Tell everyone. Do not ignore this message.,0
Alert from higher authorities: annual function rescheduled with immediate effect. Share urgently! This is 100% real information.,0
Notice from Department of Information Technology: alumni meet registration is now open. Last date to apply is 20th May 2026.,1
EXCLUSIVE LEAKED INFO: annual function is completely postponed. Share before it gets deleted! Please verify and share.,0
WARNING: If you attend workshop tomorrow you might administrative decision. Share to save people! This is 100% real information.,0
Alert from higher authorities: convocation moved online with immediate effect. Share urgently! Do not ignore this message.,0
Notice from The Examination Controller: seminar on cybersecurity registration is now open. Last date to apply is 25th May 2026.,1
WARNING: If you attend college tomorrow you might power failure. Share to save people! Do not ignore this message.,0
Students of first year are reminded that scholarship application is compulsory. Contact the office for any clarifications. — Principal's Office,1
Notice: The sports meet has been rescheduled to 20th May 2026 at 2:00 PM. Please check the official portal for details. — Student Affairs Office,1
"Academic Notice: library book submission will be conducted online via the college portal on Friday 11AM. — Prof. Sharma, HOD Computer Science",1
EXCLUSIVE LEAKED INFO: result declaration is completely suspended. Share before it gets deleted! Received from department WhatsApp group.,0
🚨🚨 ALERT: workshop is suspended until further notice. Tell everyone ASAP! 🚨🚨 Passed on from group admin.,0
"Dear Students, The convocation ceremony scheduled for Wednesday 2PM will be held as per the original timetable in Seminar Hall. — Student Affairs Office",1
Urgent warning: class is dangerous. Forward this to protect everyone you know. This is 100% real information.,0
Student Affairs Office: The timetable for seminar on cybersecurity is now available on the college website. Check before Friday 11AM.,1
Notice: The library book submission has been rescheduled to Tuesday 9AM at 9:30 AM. Please check the official portal for details. — Department of Information Technology,1
"IMPORTANT MESSAGE: Due to technical issues, class is now banned. Share immediately! Received from department WhatsApp group.",0
This is to inform all students that seminar on cybersecurity will take place on Wednesday 2PM as announced. Attendance is mandatory. — The Registrar,1
EXCLUSIVE LEAKED INFO: sports day is completely called off. Share before it gets deleted! Passed on from group admin.,0
"Last minute information: sports day tomorrow is cancelled. Stay home, forward this message. Do not ignore this message.",0
MUST SHARE!!! seminar has been unexpectedly rescheduled. All students must know NOW!!! Received from department WhatsApp group.,0
"Dr. Mehta, Dean Academic Affairs: The timetable for industrial visit is now available on the college website. Check before 1st June 2026.",1
You won't believe this! seminar has been moved online. The truth is shocking! This is 100% real information.,0
Students are informed that alumni meet will commence from Monday 10AM as per the academic calendar. — Principal's Office,1
Update: workshop on machine learning originally scheduled for Monday 10AM stands confirmed. No changes have been made. — The Registrar,1
Notice: The project viva has been rescheduled to Monday 10AM at 9:30 AM. Please check the official portal for details. — The Registrar,1
Reminder: workshop on machine learning registration deadline is Wednesday 2PM. Visit the administrative office for further queries. — Principal's Office,1
Circular No. 101: sports meet will be held as per schedule on Friday 11AM. Carry your ID cards. — The Registrar,1
Important: The venue for result declaration has been changed to Auditorium A. All other details remain the same. — Principal's Office,1
BREAKING: project submission postponed due to security concerns. Share with everyone immediately! This is 100% real information.,0
WARNING: If you attend lab practical tomorrow you might water shortage. Share to save people! Please verify and share.,0
Academic Notice: end-semester examination will be conducted online via the college portal on 25th May 2026. — The Registrar,1
WARNING: If you attend convocation tomorrow you might COVID protocol. Share to save people! Passed on from group admin.,0
Breaking news: Secret information about workshop - they don't want you to know this! Received from department WhatsApp group.,0
"Prof. Sharma, HOD Computer Science announces the commencement of sports meet from Friday 11AM. All students are requested to prepare accordingly.",1
The Registrar: The timetable for project viva is now available on the college website. Check before Wednesday 2PM.,1
Confirmed by insiders: lab practical is banned. The real reason will shock you! Passed on from group admin.,0
MUST SHARE!!! convocation has been unexpectedly called off. All students must know NOW!!! Do not ignore this message.,0
VIRAL: workshop called off - government trying to hide this. Share before its deleted! Received from department WhatsApp group.,0
"Last minute information: lab practical tomorrow is cancelled. Stay home, forward this message. Passed on from group admin.",0
EXCLUSIVE LEAKED INFO: college is completely rescheduled. Share before it gets deleted! Received from department WhatsApp group.,0
Confirmed by insiders: viva examination is delayed indefinitely. The real reason will shock you! Please verify and share.,0
BREAKING: seminar postponed due to security concerns. Share with everyone immediately! Received from department WhatsApp group.,0
"Academic Notice: workshop on machine learning will be conducted online via the college portal on 25th May 2026. — Prof. Sharma, HOD Computer Science",1
Circular No. 202: annual cultural fest will be held as per schedule on Wednesday 2PM. Carry your ID cards. — Principal's Office,1
*Forwarded as received* viva examination will not happen tomorrow. Reliable source confirmed. Please verify and share.,0
"The Dr. Mehta, Dean Academic Affairs hereby informs students that fee payment is scheduled on 20th May 2026 in Computer Centre. Be present on time.",1
Department of Information Technology: The timetable for industrial visit is now available on the college website. Check before Tuesday 9AM.,1
"Update: convocation ceremony originally scheduled for Friday 11AM stands confirmed. No changes have been made. — Prof. Sharma, HOD Computer Science",1
EXCLUSIVE LEAKED INFO: fest is completely moved online. Share before it gets deleted! Please verify and share.,0
MUST SHARE!!! annual function has been unexpectedly rescheduled. All students must know NOW!!! Do not ignore this message.,0
BREAKING: lab practical postponed due to technical issues. Share with everyone immediately! Received from department WhatsApp group.,0
Students are informed that alumni meet will commence from Monday 10AM as per the academic calendar. — Student Affairs Office,1
MUST SHARE!!! result declaration has been unexpectedly banned. All students must know NOW!!! Please verify and share.,0
Principal's Office: The timetable for annual cultural fest is now available on the college website. Check before 20th May 2026.,1
Confirmed by insiders: class is postponed. The real reason will shock you! Received from department WhatsApp group.,0
"Notice: The mid-semester examination has been rescheduled to 1st June 2026 at 10:00 AM. Please check the official portal for details. — Prof. Sharma, HOD Computer Science",1
Urgent warning: project submission is dangerous. Forward this to protect everyone you know. Do not ignore this message.,0
"Last minute information: university event tomorrow is delayed indefinitely. Stay home, forward this message. Passed on from group admin.",0
Shocking revelation: sports day is a complete fraud. Share this viral truth immediately! Do not ignore this message.,0
MUST SHARE!!! exam has been unexpectedly banned. All students must know NOW!!! This is 100% real information.,0
"Prof. Sharma, HOD Computer Science announces the commencement of alumni meet from 20th May 2026. All students are requested to prepare accordingly.",1
VIRAL: workshop moved online - government trying to hide this. Share before its deleted! This is 100% real information.,0
"The Prof. Sharma, HOD Computer Science hereby informs students that library book submission is scheduled on Wednesday 2PM in Room 204. Be present on time.",1
Confirmed by insiders: annual function is cancelled. The real reason will shock you! This is 100% real information.,0
Notice: The fee payment has been rescheduled to Monday 10AM at 10:00 AM. Please check the official portal for details. — Department of Information Technology,1
VIRAL: class moved online - government trying to hide this. Share before its deleted! Do not ignore this message.,0
🚨🚨 ALERT: class is suspended until further notice. Tell everyone ASAP! 🚨🚨 Do not ignore this message.,0
Hidden truth revealed: exam is not what they tell you. Spread awareness now! Please verify and share.,0
MUST SHARE!!! workshop has been unexpectedly moved online. All students must know NOW!!! Please verify and share.,0
"Notice: The workshop on machine learning has been rescheduled to Wednesday 2PM at 10:00 AM. Please check the official portal for details. — Prof. Sharma, HOD Computer Science",1
Shocking revelation: lab practical is a complete fraud. Share this viral truth immediately! Passed on from group admin.,0
Alert from higher authorities: sports day delayed indefinitely with immediate effect. Share urgently! Do not ignore this message.,0
Principal's Office: The timetable for mid-semester examination is now available on the college website. Check before Tuesday 9AM.,1
Academic Notice: sports meet will be conducted online via the college portal on Tuesday 9AM. — The Examination Controller,1
WARNING: If you attend exam tomorrow you might safety hazard. Share to save people! Please verify and share.,0
"Last minute information: class tomorrow is merged with another event. Stay home, forward this message. Do not ignore this message.",0
Academic Notice: workshop on machine learning will be conducted online via the college portal on Friday 11AM. — The Registrar,1
Alert from higher authorities: project submission moved online with immediate effect. Share urgently! Please verify and share.,0
"Circular No. 523: convocation ceremony will be held as per schedule on 1st June 2026. Carry your ID cards. — Prof. Sharma, HOD Computer Science",1
You won't believe this! class has been moved online. The truth is shocking! Do not ignore this message.,0
Notice from Principal's Office: project viva registration is now open. Last date to apply is Wednesday 2PM.,1
*Forwarded as received* class will not happen tomorrow. Reliable source confirmed. This is 100% real information.,0
Update: project viva originally scheduled for Friday 11AM stands confirmed. No changes have been made. — The Examination Controller,1
URGENT!!! convocation has been CANCELLED immediately. Forward this to all students NOW!!! Please verify and share.,0
The Academic Section hereby informs students that sports meet is scheduled on 20th May 2026 in Lab Block 3. Be present on time.,1
Update: scholarship application originally scheduled for 20th May 2026 stands confirmed. No changes have been made. — Principal's Office,1
Message from reliable source: convocation cancelled without prior notice. Tell everyone. This is 100% real information.,0
Message from reliable source: class cancelled without prior notice. Tell everyone. Please verify and share.,0
Hidden truth revealed: workshop is not what they tell you. Spread awareness now! Received from department WhatsApp group.,0
You won't believe this! lab practical has been merged with another event. The truth is shocking! Do not ignore this message.,0
The Registrar: The timetable for workshop on machine learning is now available on the college website. Check before Friday 11AM.,1
Students are informed that alumni meet will commence from 25th May 2026 as per the academic calendar. — Principal's Office,1
"IMPORTANT MESSAGE: Due to administrative decision, convocation is now rescheduled. Share immediately! Do not ignore this message.",0
Update: library book submission originally scheduled for Monday 10AM stands confirmed. No changes have been made. — The Registrar,1
🚨🚨 ALERT: annual function is suspended until further notice. Tell everyone ASAP! 🚨🚨 Do not ignore this message.,0
You won't believe this! university event has been suspended. The truth is shocking! This is 100% real information.,0
MUST SHARE!!! exam has been unexpectedly postponed. All students must know NOW!!! This is 100% real information.,0
Notice from Department of Information Technology: mid-semester examination registration is now open. Last date to apply is Wednesday 2PM.,1
This is to inform all students that alumni meet will take place on Friday 11AM as announced. Attendance is mandatory. — Academic Section,1
🚨🚨 ALERT: annual function is suspended until further notice. Tell everyone ASAP! 🚨🚨 This is 100% real information.,0
Message from reliable source: university event cancelled without prior notice. Tell everyone. This is 100% real information.,0
Update: industrial visit originally scheduled for 1st June 2026 stands confirmed. No changes have been made. — Academic Section,1
Message from reliable source: university event cancelled without prior notice. Tell everyone. Received from department WhatsApp group.,0
Important: The venue for industrial visit has been changed to Seminar Hall. All other details remain the same. — Department of Information Technology,1
Reminder: sports meet registration deadline is Monday 10AM. Visit the administrative office for further queries. — Department of Information Technology,1
Urgent warning: university event is dangerous. Forward this to protect everyone you know. Do not ignore this message.,0
*Forwarded as received* result declaration will not happen tomorrow. Reliable source confirmed. Passed on from group admin.,0
BREAKING: university event postponed due to staff absence. Share with everyone immediately! Please verify and share.,0
Students are informed that workshop on machine learning will commence from 15th May 2026 as per the academic calendar. — Academic Section,1
Important: The venue for end-semester examination has been changed to Examination Hall. All other details remain the same. — Principal's Office,1
"IMPORTANT MESSAGE: Due to power failure, convocation is now delayed indefinitely. Share immediately! Passed on from group admin.",0
Reminder: mid-semester examination registration deadline is 1st June 2026. Visit the administrative office for further queries. — The Examination Controller,1
EXCLUSIVE LEAKED INFO: university event is completely called off. Share before it gets deleted! Received from department WhatsApp group.,0
"Dear Students, The fee payment scheduled for Tuesday 9AM will be held as per the original timetable in Room 204. — The Examination Controller",1
MUST SHARE!!! workshop has been unexpectedly rescheduled. All students must know NOW!!! Please verify and share.,0
"Last minute information: lab practical tomorrow is cancelled. Stay home, forward this message. Passed on from group admin.",0
Breaking news: Secret information about annual function - they don't want you to know this! This is 100% real information.,0
VIRAL: viva examination rescheduled - government trying to hide this. Share before its deleted! Received from department WhatsApp group.,0
"IMPORTANT MESSAGE: Due to COVID protocol, college is now postponed. Share immediately! This is 100% real information.",0
Update: alumni meet originally scheduled for 20th May 2026 stands confirmed. No changes have been made. — Student Affairs Office,1
Urgent warning: result declaration is dangerous. Forward this to protect everyone you know. Passed on from group admin.,0
WARNING: If you attend class tomorrow you might government order. Share to save people! Please verify and share.,0
BREAKING: convocation postponed due to administrative decision. Share with everyone immediately! Received from department WhatsApp group.,0
"Dr. Mehta, Dean Academic Affairs announces the commencement of convocation ceremony from 15th May 2026. All students are requested to prepare accordingly.",1
Students are informed that annual cultural fest will commence from Monday 10AM as per the academic calendar. — Academic Section,1
Notice from The Registrar: mid-semester examination registration is now open. Last date to apply is 25th May 2026.,1
You won't believe this! fest has been delayed indefinitely. The truth is shocking! This is 100% real information.,0
"Reminder: library book submission registration deadline is Wednesday 2PM. Visit the administrative office for further queries. — Dr. Mehta, Dean Academic Affairs",1
The Registrar: The timetable for seminar on cybersecurity is now available on the college website. Check before 1st June 2026.,1
"Notice from Dr. Mehta, Dean Academic Affairs: scholarship application registration is now open. Last date to apply is 1st June 2026.",1
The Registrar: The timetable for alumni meet is now available on the college website. Check before Tuesday 9AM.,1
"Important: The venue for project viva has been changed to Auditorium A. All other details remain the same. — Dr. Mehta, Dean Academic Affairs",1
Alert from higher authorities: class rescheduled with immediate effect. Share urgently! This is 100% real information.,0
Academic Notice: alumni meet will be conducted online via the college portal on Wednesday 2PM. — The Registrar,1
🚨🚨 ALERT: university event is suspended until further notice. Tell everyone ASAP! 🚨🚨 Received from department WhatsApp group.,0
MUST SHARE!!! lab practical has been unexpectedly suspended. All students must know NOW!!! Passed on from group admin.,0
Academic Notice: annual cultural fest will be conducted online via the college portal on 1st June 2026. — Principal's Office,1
*Forwarded as received* annual function will not happen tomorrow. Reliable source confirmed. Passed on from group admin.,0
Academic Notice: mid-semester examination will be conducted online via the college portal on Friday 11AM. — Department of Information Technology,1
The Registrar announces the commencement of annual cultural fest from Friday 11AM. All students are requested to prepare accordingly.,1
WARNING: If you attend class tomorrow you might security concerns. Share to save people! Do not ignore this message.,0
Principal's Office announces the commencement of library book submission from Monday 10AM. All students are requested to prepare accordingly.,1
You won't believe this! sports day has been delayed indefinitely. The truth is shocking! Received from department WhatsApp group.,0
URGENT!!! project submission has been CANCELLED immediately. Forward this to all students NOW!!! Do not ignore this message.,0
You won't believe this! college has been postponed. The truth is shocking! Received from department WhatsApp group.,0
Academic Notice: seminar on cybersecurity will be conducted online via the college portal on Monday 10AM. — The Registrar,1
"100% confirmed: college called off. Don't ignore this, forward to everyone now! Please verify and share.",0
"100% confirmed: university event suspended. Don't ignore this, forward to everyone now! Passed on from group admin.",0
EXCLUSIVE LEAKED INFO: viva examination is completely banned. Share before it gets deleted! Please verify and share.,0
WARNING: If you attend class tomorrow you might COVID protocol. Share to save people! Received from department WhatsApp group.,0
Important: The venue for convocation ceremony has been changed to Lab Block 3. All other details remain the same. — Academic Section,1
"Dear Students, The alumni meet scheduled for 20th May 2026 will be held as per the original timetable in Lab Block 3. — Academic Section",1
Update: sports meet originally scheduled for Monday 10AM stands confirmed. No changes have been made. — Academic Section,1
Hidden truth revealed: university event is not what they tell you. Spread awareness now! Received from department WhatsApp group.,0
Important: The venue for seminar on cybersecurity has been changed to Main Hall. All other details remain the same. — The Examination Controller,1
Alert from higher authorities: sports day suspended with immediate effect. Share urgently! Please verify and share.,0
Academic Notice: scholarship application will be conducted online via the college portal on Friday 11AM. — The Registrar,1
Notice from The Examination Controller: library book submission registration is now open. Last date to apply is 25th May 2026.,1
The Registrar: The timetable for seminar on cybersecurity is now available on the college website. Check before Tuesday 9AM.,1
Urgent warning: sports day is dangerous. Forward this to protect everyone you know. Do not ignore this message.,0
WARNING: If you attend college tomorrow you might administrative decision. Share to save people! Please verify and share.,0
Students of third year are reminded that convocation ceremony is compulsory. Contact the office for any clarifications. — The Examination Controller,1
Urgent warning: annual function is dangerous. Forward this to protect everyone you know. Please verify and share.,0
The Student Affairs Office hereby informs students that seminar on cybersecurity is scheduled on Monday 10AM in Seminar Hall. Be present on time.,1
*Forwarded as received* college will not happen tomorrow. Reliable source confirmed. Do not ignore this message.,0
Hidden truth revealed: class is not what they tell you. Spread awareness now! Please verify and share.,0
"The Prof. Sharma, HOD Computer Science hereby informs students that alumni meet is scheduled on 25th May 2026 in Examination Hall. Be present on time.",1
EXCLUSIVE LEAKED INFO: convocation is completely merged with another event. Share before it gets deleted! Passed on from group admin.,0
"IMPORTANT MESSAGE: Due to safety hazard, class is now suspended. Share immediately! Received from department WhatsApp group.",0
URGENT!!! lab practical has been CANCELLED immediately. Forward this to all students NOW!!! Received from department WhatsApp group.,0
Notice from The Registrar: seminar on cybersecurity registration is now open. Last date to apply is 25th May 2026.,1
Department of Information Technology: The timetable for workshop on machine learning is now available on the college website. Check before 25th May 2026.,1
"Students are informed that sports meet will commence from Friday 11AM as per the academic calendar. — Prof. Sharma, HOD Computer Science",1
Confirmed by insiders: seminar is postponed. The real reason will shock you! Please verify and share.,0
Important: The venue for convocation ceremony has been changed to Main Hall. All other details remain the same. — Principal's Office,1
*Forwarded as received* exam will not happen tomorrow. Reliable source confirmed. Please verify and share.,0
Alert from higher authorities: lab practical merged with another event with immediate effect. Share urgently! Passed on from group admin.,0
VIRAL: convocation suspended - government trying to hide this. Share before its deleted! Passed on from group admin.,0
Confirmed by insiders: result declaration is merged with another event. The real reason will shock you! Please verify and share.,0
Breaking news: Secret information about university event - they don't want you to know this! This is 100% real information.,0
Academic Notice: scholarship application will be conducted online via the college portal on 1st June 2026. — Principal's Office,1
Notice from Student Affairs Office: scholarship application registration is now open. Last date to apply is 20th May 2026.,1
Breaking news: Secret information about convocation - they don't want you to know this! Passed on from group admin.,0
"Notice: The convocation ceremony has been rescheduled to 25th May 2026 at 10:00 AM. Please check the official portal for details. — Dr. Mehta, Dean Academic Affairs",1
WARNING: If you attend convocation tomorrow you might government order. Share to save people! Please verify and share.,0
Principal's Office: The timetable for end-semester examination is now available on the college website. Check before Monday 10AM.,1
Update: annual cultural fest originally scheduled for 15th May 2026 stands confirmed. No changes have been made. — The Registrar,1
Notice: The mid-semester examination has been rescheduled to Friday 11AM at 10:00 AM. Please check the official portal for details. — The Examination Controller,1
Don't attend lab practical! It has been delayed indefinitely due to security concerns. Spread the word! Received from department WhatsApp group.,0
"Last minute information: result declaration tomorrow is suspended. Stay home, forward this message. Do not ignore this message.",0
The Academic Section hereby informs students that scholarship application is scheduled on Monday 10AM in Room 204. Be present on time.,1
Notice from Student Affairs Office: result declaration registration is now open. Last date to apply is 20th May 2026.,1
Notice: The library book submission has been rescheduled to Friday 11AM at 9:30 AM. Please check the official portal for details. — The Examination Controller,1
Official communication: practical examination result will be declared on 1st June 2026. Check the official website for updates. — Department of Information Technology,1
Update: mid-semester examination originally scheduled for Wednesday 2PM stands confirmed. No changes have been made. — The Registrar,1
You won't believe this! convocation has been delayed indefinitely. The truth is shocking! Passed on from group admin.,0
"IMPORTANT MESSAGE: Due to unexpected maintenance, university event is now suspended. Share immediately! Do not ignore this message.",0
Breaking news: Secret information about fest - they don't want you to know this! Do not ignore this message.,0
Department of Information Technology announces the commencement of scholarship application from Monday 10AM. All students are requested to prepare accordingly.,1
This is to inform all students that practical examination will take place on Friday 11AM as announced. Attendance is mandatory. — Academic Section,1
MUST SHARE!!! annual function has been unexpectedly postponed. All students must know NOW!!! Received from department WhatsApp group.,0
Alert from higher authorities: sports day delayed indefinitely with immediate effect. Share urgently! Please verify and share.,0
Urgent warning: class is dangerous. Forward this to protect everyone you know. Received from department WhatsApp group.,0
"Last minute information: exam tomorrow is delayed indefinitely. Stay home, forward this message. Please verify and share.",0
*Forwarded as received* class will not happen tomorrow. Reliable source confirmed. This is 100% real information.,0
Students of final year are reminded that scholarship application is compulsory. Contact the office for any clarifications. — Academic Section,1
BREAKING: result declaration postponed due to government order. Share with everyone immediately! Do not ignore this message.,0
"Dear Students, The seminar on cybersecurity scheduled for Wednesday 2PM will be held as per the original timetable in Main Hall. — Student Affairs Office",1
BREAKING: lab practical postponed due to power failure. Share with everyone immediately! Do not ignore this message.,0
Message from reliable source: annual function cancelled without prior notice. Tell everyone. Do not ignore this message.,0
Principal's Office announces the commencement of fee payment from 1st June 2026. All students are requested to prepare accordingly.,1
"Dear Students, The workshop on machine learning scheduled for 20th May 2026 will be held as per the original timetable in Auditorium A. — Principal's Office",1
Hidden truth revealed: lab practical is not what they tell you. Spread awareness now! Received from department WhatsApp group.,0
This is to inform all students that sports meet will take place on 1st June 2026 as announced. Attendance is mandatory. — Department of Information Technology,1
Update: scholarship application originally scheduled for Tuesday 9AM stands confirmed. No changes have been made. — Principal's Office,1
"Last minute information: lab practical tomorrow is banned. Stay home, forward this message. Please verify and share.",0
This is to inform all students that scholarship application will take place on 1st June 2026 as announced. Attendance is mandatory. — Department of Information Technology,1
Notice from The Examination Controller: fee payment registration is now open. Last date to apply is 25th May 2026.,1
Academic Section announces the commencement of workshop on machine learning from 1st June 2026. All students are requested to prepare accordingly.,1
"Last minute information: annual function tomorrow is postponed. Stay home, forward this message. Do not ignore this message.",0
Academic Notice: workshop on machine learning will be conducted online via the college portal on Tuesday 9AM. — The Examination Controller,1
Message from reliable source: project submission cancelled without prior notice. Tell everyone. Passed on from group admin.,0
Important: The venue for seminar on cybersecurity has been changed to Computer Centre. All other details remain the same. — Principal's Office,1
EXCLUSIVE LEAKED INFO: lab practical is completely merged with another event. Share before it gets deleted! Received from department WhatsApp group.,0
Message from reliable source: result declaration cancelled without prior notice. Tell everyone. Passed on from group admin.,0
Hidden truth revealed: fest is not what they tell you. Spread awareness now! Received from department WhatsApp group.,0
The Principal's Office hereby informs students that sports meet is scheduled on 1st June 2026 in Room 204. Be present on time.,1
Urgent warning: workshop is dangerous. Forward this to protect everyone you know. Please verify and share.,0
VIRAL: annual function postponed - government trying to hide this. Share before its deleted! Received from department WhatsApp group.,0
Official communication: result declaration result will be declared on 20th May 2026. Check the official website for updates. — The Examination Controller,1
Official communication: project viva result will be declared on Monday 10AM. Check the official website for updates. — The Examination Controller,1
URGENT!!! annual function has been CANCELLED immediately. Forward this to all students NOW!!! This is 100% real information.,0
BREAKING: convocation postponed due to government order. Share with everyone immediately! Passed on from group admin.,0
"Last minute information: annual function tomorrow is delayed indefinitely. Stay home, forward this message. Please verify and share.",0
Important: The venue for practical examination has been changed to Room 204. All other details remain the same. — Academic Section,1
Official communication: sports meet result will be declared on Friday 11AM. Check the official website for updates. — The Registrar,1
Don't attend project submission! It has been delayed indefinitely due to staff absence. Spread the word! Do not ignore this message.,0
Academic Notice: convocation ceremony will be conducted online via the college portal on Wednesday 2PM. — The Registrar,1
VIRAL: viva examination called off - government trying to hide this. Share before its deleted! This is 100% real information.,0
Urgent warning: convocation is dangerous. Forward this to protect everyone you know. Received from department WhatsApp group.,0
Don't attend project submission! It has been suspended due to government order. Spread the word! Received from department WhatsApp group.,0
Important: The venue for scholarship application has been changed to Main Hall. All other details remain the same. — The Registrar,1
Student Affairs Office announces the commencement of fee payment from Wednesday 2PM. All students are requested to prepare accordingly.,1
Academic Section announces the commencement of seminar on cybersecurity from 20th May 2026. All students are requested to prepare accordingly.,1
Alert from higher authorities: project submission called off with immediate effect. Share urgently! This is 100% real information.,0
Official communication: workshop on machine learning result will be declared on 1st June 2026. Check the official website for updates. — The Registrar,1
Don't attend annual function! It has been suspended due to staff absence. Spread the word! Passed on from group admin.,0
Students are informed that seminar on cybersecurity will commence from Tuesday 9AM as per the academic calendar. — Student Affairs Office,1
Students are informed that practical examination will commence from Wednesday 2PM as per the academic calendar. — Department of Information Technology,1
Message from reliable source: fest cancelled without prior notice. Tell everyone. Received from department WhatsApp group.,0
MUST SHARE!!! viva examination has been unexpectedly cancelled. All students must know NOW!!! Passed on from group admin.,0
Official communication: industrial visit result will be declared on 15th May 2026. Check the official website for updates. — The Examination Controller,1
This is to inform all students that practical examination will take place on 25th May 2026 as announced. Attendance is mandatory. — The Registrar,1
"100% confirmed: workshop moved online. Don't ignore this, forward to everyone now! Please verify and share.",0
Circular No. 101: annual cultural fest will be held as per schedule on Wednesday 2PM. Carry your ID cards. — The Examination Controller,1
This is to inform all students that practical examination will take place on Friday 11AM as announced. Attendance is mandatory. — Academic Section,1
"Academic Notice: practical examination will be conducted online via the college portal on 1st June 2026. — Dr. Mehta, Dean Academic Affairs",1
Students are informed that fee payment will commence from Wednesday 2PM as per the academic calendar. — The Examination Controller,1
EXCLUSIVE LEAKED INFO: exam is completely suspended. Share before it gets deleted! Please verify and share.,0
This is to inform all students that end-semester examination will take place on 25th May 2026 as announced. Attendance is mandatory. — Student Affairs Office,1
"Students are informed that annual cultural fest will commence from Friday 11AM as per the academic calendar. — Dr. Mehta, Dean Academic Affairs",1
Notice: The project viva has been rescheduled to Tuesday 9AM at 11:00 AM. Please check the official portal for details. — Student Affairs Office,1
Update: sports meet originally scheduled for Tuesday 9AM stands confirmed. No changes have been made. — The Registrar,1
This is to inform all students that sports meet will take place on 15th May 2026 as announced. Attendance is mandatory. — Department of Information Technology,1
Department of Information Technology: The timetable for practical examination is now available on the college website. Check before Friday 11AM.,1
Students of second year are reminded that project viva is compulsory. Contact the office for any clarifications. — Student Affairs Office,1
"Dear Students, The workshop on machine learning scheduled for Friday 11AM will be held as per the original timetable in Computer Centre. — The Examination Controller",1
Shocking revelation: class is a complete fraud. Share this viral truth immediately! Passed on from group admin.,0
URGENT!!! sports day has been CANCELLED immediately. Forward this to all students NOW!!! Received from department WhatsApp group.,0
"Dear Students, The end-semester examination scheduled for Friday 11AM will be held as per the original timetable in Lab Block 3. — The Examination Controller",1
"Dear Students, The industrial visit scheduled for 25th May 2026 will be held as per the original timetable in Examination Hall. — Prof. Sharma, HOD Computer Science",1
EXCLUSIVE LEAKED INFO: annual function is completely cancelled. Share before it gets deleted! Received from department WhatsApp group.,0
Confirmed by insiders: fest is called off. The real reason will shock you! Please verify and share.,0
Reminder: project viva registration deadline is Monday 10AM. Visit the administrative office for further queries. — Principal's Office,1
"Reminder: sports meet registration deadline is 15th May 2026. Visit the administrative office for further queries. — Prof. Sharma, HOD Computer Science",1
Reminder: seminar on cybersecurity registration deadline is Friday 11AM. Visit the administrative office for further queries. — Department of Information Technology,1
Notice: The result declaration has been rescheduled to Friday 11AM at 2:00 PM. Please check the official portal for details. — The Examination Controller,1
Important: The venue for convocation ceremony has been changed to Room 204. All other details remain the same. — Principal's Office,1
"Dear Students, The practical examination scheduled for 1st June 2026 will be held as per the original timetable in Auditorium A. — Student Affairs Office",1
*Forwarded as received* workshop will not happen tomorrow. Reliable source confirmed. This is 100% real information.,0
This is to inform all students that scholarship application will take place on Tuesday 9AM as announced. Attendance is mandatory. — Principal's Office,1
"Students are informed that scholarship application will commence from 20th May 2026 as per the academic calendar. — Dr. Mehta, Dean Academic Affairs",1
Urgent warning: result declaration is dangerous. Forward this to protect everyone you know. Please verify and share.,0
"Students of first year are reminded that project viva is compulsory. Contact the office for any clarifications. — Prof. Sharma, HOD Computer Science",1
Notice from Department of Information Technology: end-semester examination registration is now open. Last date to apply is Friday 11AM.,1
This is to inform all students that seminar on cybersecurity will take place on Wednesday 2PM as announced. Attendance is mandatory. — Principal's Office,1
BREAKING: fest postponed due to technical issues. Share with everyone immediately! Received from department WhatsApp group.,0
WARNING: If you attend project submission tomorrow you might unexpected maintenance. Share to save people! Passed on from group admin.,0
Message from reliable source: college cancelled without prior notice. Tell everyone. Please verify and share.,0
Notice from The Examination Controller: practical examination registration is now open. Last date to apply is Monday 10AM.,1
EXCLUSIVE LEAKED INFO: convocation is completely rescheduled. Share before it gets deleted! Please verify and share.,0
Update: convocation ceremony originally scheduled for Tuesday 9AM stands confirmed. No changes have been made. — The Registrar,1
MUST SHARE!!! class has been unexpectedly suspended. All students must know NOW!!! Passed on from group admin.,0
Principal's Office announces the commencement of practical examination from 15th May 2026. All students are requested to prepare accordingly.,1
Students are informed that project viva will commence from 20th May 2026 as per the academic calendar. — The Examination Controller,1
BREAKING: viva examination postponed due to administrative decision. Share with everyone immediately! Received from department WhatsApp group.,0
*Forwarded as received* sports day will not happen tomorrow. Reliable source confirmed. Received from department WhatsApp group.,0
Shocking revelation: project submission is a complete fraud. Share this viral truth immediately! Please verify and share.,0
Reminder: scholarship application registration deadline is 1st June 2026. Visit the administrative office for further queries. — The Registrar,1
Don't attend result declaration! It has been merged with another event due to COVID protocol. Spread the word! Passed on from group admin.,0
"Update: project viva originally scheduled for 1st June 2026 stands confirmed. No changes have been made. — Dr. Mehta, Dean Academic Affairs",1
"This is to inform all students that convocation ceremony will take place on 1st June 2026 as announced. Attendance is mandatory. — Prof. Sharma, HOD Computer Science",1
Notice from Department of Information Technology: seminar on cybersecurity registration is now open. Last date to apply is 1st June 2026.,1
Circular No. 101: scholarship application will be held as per schedule on Wednesday 2PM. Carry your ID cards. — Academic Section,1
MUST SHARE!!! result declaration has been unexpectedly rescheduled. All students must know NOW!!! Do not ignore this message.,0
Shocking revelation: annual function is a complete fraud. Share this viral truth immediately! Passed on from group admin.,0
"Dear Students, The alumni meet scheduled for 1st June 2026 will be held as per the original timetable in Room 204. — Academic Section",1
"100% confirmed: convocation banned. Don't ignore this, forward to everyone now! Please verify and share.",0
BREAKING: lab practical postponed due to safety hazard. Share with everyone immediately! Please verify and share.,0
"This is to inform all students that industrial visit will take place on 20th May 2026 as announced. Attendance is mandatory. — Dr. Mehta, Dean Academic Affairs",1
You won't believe this! seminar has been moved online. The truth is shocking! This is 100% real information.,0
Notice: The seminar on cybersecurity has been rescheduled to Monday 10AM at 9:30 AM. Please check the official portal for details. — The Registrar,1
Academic Notice: mid-semester examination will be conducted online via the college portal on 25th May 2026. — Student Affairs Office,1
VIRAL: seminar moved online - government trying to hide this. Share before its deleted! This is 100% real information.,0
Urgent warning: workshop is dangerous. Forward this to protect everyone you know. Do not ignore this message.,0
Update: end-semester examination originally scheduled for 20th May 2026 stands confirmed. No changes have been made. — The Registrar,1
WARNING: If you attend fest tomorrow you might unexpected maintenance. Share to save people! This is 100% real information.,0
Notice from The Registrar: result declaration registration is now open. Last date to apply is 1st June 2026.,1
WARNING: If you attend lab practical tomorrow you might administrative decision. Share to save people! Passed on from group admin.,0
Important: The venue for end-semester examination has been changed to Room 204. All other details remain the same. — Academic Section,1
Alert from higher authorities: project submission called off with immediate effect. Share urgently! This is 100% real information.,0
Students are informed that workshop on machine learning will commence from Friday 11AM as per the academic calendar. — The Registrar,1
"IMPORTANT MESSAGE: Due to power failure, viva examination is now moved online. Share immediately! Received from department WhatsApp group.",0
"Dear Students, The practical examination scheduled for Monday 10AM will be held as per the original timetable in Lab Block 3. — Academic Section",1
Message from reliable source: convocation cancelled without prior notice. Tell everyone. This is 100% real information.,0
Shocking revelation: workshop is a complete fraud. Share this viral truth immediately! Please verify and share.,0
"Reminder: workshop on machine learning registration deadline is 1st June 2026. Visit the administrative office for further queries. — Dr. Mehta, Dean Academic Affairs",1
BREAKING: workshop postponed due to security concerns. Share with everyone immediately! Received from department WhatsApp group.,0
"Circular No. 202: alumni meet will be held as per schedule on 15th May 2026. Carry your ID cards. — Prof. Sharma, HOD Computer Science",1
The Examination Controller: The timetable for convocation ceremony is now available on the college website. Check before Tuesday 9AM.,1
Students of first year are reminded that scholarship application is compulsory. Contact the office for any clarifications. — Department of Information Technology,1
Don't attend fest! It has been delayed indefinitely due to unexpected maintenance. Spread the word! Please verify and share.,0
"The Dr. Mehta, Dean Academic Affairs hereby informs students that industrial visit is scheduled on 15th May 2026 in Auditorium A. Be present on time.",1
This is to inform all students that seminar on cybersecurity will take place on 25th May 2026 as announced. Attendance is mandatory. — Department of Information Technology,1
Department of Information Technology: The timetable for industrial visit is now available on the college website. Check before Friday 11AM.,1
Academic Section announces the commencement of sports meet from 25th May 2026. All students are requested to prepare accordingly.,1
*Forwarded as received* project submission will not happen tomorrow. Reliable source confirmed. Passed on from group admin.,0
Urgent warning: convocation is dangerous. Forward this to protect everyone you know. Do not ignore this message.,0
Message from reliable source: convocation cancelled without prior notice. Tell everyone. Passed on from group admin.,0
*Forwarded as received* fest will not happen tomorrow. Reliable source confirmed. This is 100% real information.,0
Confirmed by insiders: project submission is suspended. The real reason will shock you! Do not ignore this message.,0
Reminder: annual cultural fest registration deadline is Tuesday 9AM. Visit the administrative office for further queries. — The Examination Controller,1
🚨🚨 ALERT: exam is suspended until further notice. Tell everyone ASAP! 🚨🚨 This is 100% real information.,0
Principal's Office: The timetable for annual cultural fest is now available on the college website. Check before 25th May 2026.,1
*Forwarded as received* lab practical will not happen tomorrow. Reliable source confirmed. Please verify and share.,0
"Official communication: annual cultural fest result will be declared on Monday 10AM. Check the official website for updates. — Dr. Mehta, Dean Academic Affairs",1
"Last minute information: seminar tomorrow is merged with another event. Stay home, forward this message. This is 100% real information.",0
Academic Notice: end-semester examination will be conducted online via the college portal on Tuesday 9AM. — Department of Information Technology,1
You won't believe this! project submission has been cancelled. The truth is shocking! Passed on from group admin.,0
BREAKING: lab practical postponed due to administrative decision. Share with everyone immediately! Please verify and share.,0
"Last minute information: class tomorrow is moved online. Stay home, forward this message. Do not ignore this message.",0
EXCLUSIVE LEAKED INFO: sports day is completely moved online. Share before it gets deleted! This is 100% real information.,0
Hidden truth revealed: lab practical is not what they tell you. Spread awareness now! Passed on from group admin.,0
Message from reliable source: viva examination cancelled without prior notice. Tell everyone. Please verify and share.,0
"100% confirmed: viva examination suspended. Don't ignore this, forward to everyone now! Passed on from group admin.",0
"Academic Notice: workshop on machine learning will be conducted online via the college portal on Wednesday 2PM. — Dr. Mehta, Dean Academic Affairs",1
MUST SHARE!!! college has been unexpectedly cancelled. All students must know NOW!!! Do not ignore this message.,0
Urgent warning: exam is dangerous. Forward this to protect everyone you know. Please verify and share.,0
Circular No. 523: scholarship application will be held as per schedule on 25th May 2026. Carry your ID cards. — Department of Information Technology,1
BREAKING: workshop postponed due to security concerns. Share with everyone immediately! Please verify and share.,0
Don't attend lab practical! It has been merged with another event due to administrative decision. Spread the word! Passed on from group admin.,0
BREAKING: fest postponed due to staff absence. Share with everyone immediately! Do not ignore this message.,0
"Last minute information: annual function tomorrow is suspended. Stay home, forward this message. Please verify and share.",0
Confirmed by insiders: seminar is postponed. The real reason will shock you! Received from department WhatsApp group.,0
"Circular No. 305: industrial visit will be held as per schedule on Wednesday 2PM. Carry your ID cards. — Prof. Sharma, HOD Computer Science",1
EXCLUSIVE LEAKED INFO: workshop is completely suspended. Share before it gets deleted! Please verify and share.,0
Urgent warning: college is dangerous. Forward this to protect everyone you know. Please verify and share.,0
Alert from higher authorities: convocation moved online with immediate effect. Share urgently! Please verify and share.,0
"100% confirmed: project submission postponed. Don't ignore this, forward to everyone now! Passed on from group admin.",0
The Registrar: The timetable for sports meet is now available on the college website. Check before Wednesday 2PM.,1
Reminder: alumni meet registration deadline is 15th May 2026. Visit the administrative office for further queries. — Student Affairs Office,1
BREAKING: fest postponed due to unexpected maintenance. Share with everyone immediately! Received from department WhatsApp group.,0
VIRAL: result declaration called off - government trying to hide this. Share before its deleted! Received from department WhatsApp group.,0
"IMPORTANT MESSAGE: Due to unexpected maintenance, class is now moved online. Share immediately! This is 100% real information.",0
"100% confirmed: annual function banned. Don't ignore this, forward to everyone now! Do not ignore this message.",0
"Last minute information: result declaration tomorrow is cancelled. Stay home, forward this message. Do not ignore this message.",0
The Principal's Office hereby informs students that fee payment is scheduled on 15th May 2026 in Examination Hall. Be present on time.,1
"Notice: The practical examination has been rescheduled to 1st June 2026 at 10:00 AM. Please check the official portal for details. — Prof. Sharma, HOD Computer Science",1
Message from reliable source: convocation cancelled without prior notice. Tell everyone. Passed on from group admin.,0
Circular No. 305: practical examination will be held as per schedule on Monday 10AM. Carry your ID cards. — Department of Information Technology,1
URGENT!!! convocation has been CANCELLED immediately. Forward this to all students NOW!!! Received from department WhatsApp group.,0
"IMPORTANT MESSAGE: Due to safety hazard, fest is now postponed. Share immediately! This is 100% real information.",0
"Last minute information: annual function tomorrow is cancelled. Stay home, forward this message. Please verify and share.",0
"100% confirmed: annual function cancelled. Don't ignore this, forward to everyone now! Do not ignore this message.",0
Student Affairs Office announces the commencement of alumni meet from Monday 10AM. All students are requested to prepare accordingly.,1
The Registrar announces the commencement of alumni meet from 15th May 2026. All students are requested to prepare accordingly.,1
Notice: The fee payment has been rescheduled to 1st June 2026 at 2:00 PM. Please check the official portal for details. — The Registrar,1
"IMPORTANT MESSAGE: Due to technical issues, seminar is now banned. Share immediately! Passed on from group admin.",0
The The Registrar hereby informs students that mid-semester examination is scheduled on 15th May 2026 in Auditorium A. Be present on time.,1
"Academic Notice: alumni meet will be conducted online via the college portal on Monday 10AM. — Prof. Sharma, HOD Computer Science",1
Notice from Department of Information Technology: scholarship application registration is now open. Last date to apply is Wednesday 2PM.,1
"Important: The venue for seminar on cybersecurity has been changed to Lab Block 3. All other details remain the same. — Prof. Sharma, HOD Computer Science",1
Important: The venue for end-semester examination has been changed to Auditorium A. All other details remain the same. — Principal's Office,1
Circular No. 202: sports meet will be held as per schedule on 25th May 2026. Carry your ID cards. — Student Affairs Office,1
Urgent warning: exam is dangerous. Forward this to protect everyone you know. Received from department WhatsApp group.,0
"100% confirmed: seminar called off. Don't ignore this, forward to everyone now! Passed on from group admin.",0
"Last minute information: lab practical tomorrow is moved online. Stay home, forward this message. Passed on from group admin.",0
"100% confirmed: annual function banned. Don't ignore this, forward to everyone now! Please verify and share.",0
URGENT!!! college has been CANCELLED immediately. Forward this to all students NOW!!! Received from department WhatsApp group.,0
Important: The venue for annual cultural fest has been changed to Room 204. All other details remain the same. — The Registrar,1
Notice from Student Affairs Office: industrial visit registration is now open. Last date to apply is 25th May 2026.,1
This is to inform all students that seminar on cybersecurity will take place on 20th May 2026 as announced. Attendance is mandatory. — The Registrar,1
The The Examination Controller hereby informs students that practical examination is scheduled on 25th May 2026 in Auditorium A. Be present on time.,1
*Forwarded as received* class will not happen tomorrow. Reliable source confirmed. Received from department WhatsApp group.,0
"Notice from Dr. Mehta, Dean Academic Affairs: convocation ceremony registration is now open. Last date to apply is 1st June 2026.",1
"Dear Students, The practical examination scheduled for Monday 10AM will be held as per the original timetable in Seminar Hall. — The Examination Controller",1
"100% confirmed: convocation moved online. Don't ignore this, forward to everyone now! Passed on from group admin.",0
Students of third year are reminded that fee payment is compulsory. Contact the office for any clarifications. — The Examination Controller,1
"Students of all are reminded that seminar on cybersecurity is compulsory. Contact the office for any clarifications. — Prof. Sharma, HOD Computer Science",1
Update: mid-semester examination originally scheduled for 15th May 2026 stands confirmed. No changes have been made. — Student Affairs Office,1
You won't believe this! annual function has been merged with another event. The truth is shocking! Received from department WhatsApp group.,0
BREAKING: project submission postponed due to staff absence. Share with everyone immediately! Do not ignore this message.,0
Students of first year are reminded that end-semester examination is compulsory. Contact the office for any clarifications. — Academic Section,1
"IMPORTANT MESSAGE: Due to unexpected maintenance, seminar is now suspended. Share immediately! This is 100% real information.",0
Notice: The workshop on machine learning has been rescheduled to 1st June 2026 at 11:00 AM. Please check the official portal for details. — The Examination Controller,1
Students are informed that project viva will commence from 20th May 2026 as per the academic calendar. — Student Affairs Office,1
WARNING: If you attend project submission tomorrow you might safety hazard. Share to save people! Passed on from group admin.,0
Don't attend class! It has been rescheduled due to administrative decision. Spread the word! Passed on from group admin.,0
🚨🚨 ALERT: university event is suspended until further notice. Tell everyone ASAP! 🚨🚨 Passed on from group admin.,0
Urgent warning: result declaration is dangerous. Forward this to protect everyone you know. Do not ignore this message.,0
WARNING: If you attend seminar tomorrow you might water shortage. Share to save people! This is 100% real information.,0
MUST SHARE!!! class has been unexpectedly rescheduled. All students must know NOW!!! This is 100% real information.,0
BREAKING: exam postponed due to technical issues. Share with everyone immediately! Passed on from group admin.,0
"Update: sports meet originally scheduled for Friday 11AM stands confirmed. No changes have been made. — Prof. Sharma, HOD Computer Science",1
"Students are informed that annual cultural fest will commence from 20th May 2026 as per the academic calendar. — Dr. Mehta, Dean Academic Affairs",1
Urgent warning: college is dangerous. Forward this to protect everyone you know. This is 100% real information.,0
URGENT!!! workshop has been CANCELLED immediately. Forward this to all students NOW!!! This is 100% real information.,0
You won't believe this! convocation has been moved online. The truth is shocking! This is 100% real information.,0
Principal's Office announces the commencement of annual cultural fest from Monday 10AM. All students are requested to prepare accordingly.,1
The Registrar: The timetable for sports meet is now available on the college website. Check before Monday 10AM.,1
"Last minute information: fest tomorrow is rescheduled. Stay home, forward this message. This is 100% real information.",0
Message from reliable source: fest cancelled without prior notice. Tell everyone. Please verify and share.,0
Message from reliable source: viva examination cancelled without prior notice. Tell everyone. Please verify and share.,0
"Dear Students, The industrial visit scheduled for Tuesday 9AM will be held as per the original timetable in Lab Block 3. — Prof. Sharma, HOD Computer Science",1
"100% confirmed: fest cancelled. Don't ignore this, forward to everyone now! This is 100% real information.",0
Important: The venue for annual cultural fest has been changed to Main Hall. All other details remain the same. — The Registrar,1
🚨🚨 ALERT: college is suspended until further notice. Tell everyone ASAP! 🚨🚨 Received from department WhatsApp group.,0
Alert from higher authorities: lab practical postponed with immediate effect. Share urgently! Do not ignore this message.,0
Students are informed that practical examination will commence from Wednesday 2PM as per the academic calendar. — Student Affairs Office,1
Important: The venue for seminar on cybersecurity has been changed to Computer Centre. All other details remain the same. — Department of Information Technology,1
Notice: The convocation ceremony has been rescheduled to Friday 11AM at 9:30 AM. Please check the official portal for details. — Academic Section,1
Academic Notice: alumni meet will be conducted online via the college portal on 25th May 2026. — Principal's Office,1
"Academic Notice: practical examination will be conducted online via the college portal on 15th May 2026. — Dr. Mehta, Dean Academic Affairs",1
Student Affairs Office: The timetable for project viva is now available on the college website. Check before Tuesday 9AM.,1
Students are informed that sports meet will commence from Tuesday 9AM as per the academic calendar. — The Examination Controller,1
Official communication: alumni meet result will be declared on 20th May 2026. Check the official website for updates. — Department of Information Technology,1
You won't believe this! convocation has been merged with another event. The truth is shocking! Do not ignore this message.,0
VIRAL: exam delayed indefinitely - government trying to hide this. Share before its deleted! This is 100% real information.,0
"Official communication: mid-semester examination result will be declared on Wednesday 2PM. Check the official website for updates. — Dr. Mehta, Dean Academic Affairs",1
"100% confirmed: viva examination merged with another event. Don't ignore this, forward to everyone now! Please verify and share.",0
"Dear Students, The scholarship application scheduled for 20th May 2026 will be held as per the original timetable in Computer Centre. — Department of Information Technology",1
Message from reliable source: annual function cancelled without prior notice. Tell everyone. Received from department WhatsApp group.,0
Alert from higher authorities: fest moved online with immediate effect. Share urgently! This is 100% real information.,0
Update: end-semester examination originally scheduled for Tuesday 9AM stands confirmed. No changes have been made. — The Examination Controller,1
Confirmed by insiders: seminar is called off. The real reason will shock you! This is 100% real information.,0
"Circular No. 202: end-semester examination will be held as per schedule on Wednesday 2PM. Carry your ID cards. — Prof. Sharma, HOD Computer Science",1
🚨🚨 ALERT: exam is suspended until further notice. Tell everyone ASAP! 🚨🚨 Do not ignore this message.,0
Urgent warning: viva examination is dangerous. Forward this to protect everyone you know. This is 100% real information.,0
Student Affairs Office announces the commencement of scholarship application from 25th May 2026. All students are requested to prepare accordingly.,1
This is to inform all students that industrial visit will take place on 15th May 2026 as announced. Attendance is mandatory. — Academic Section,1
Confirmed by insiders: lab practical is rescheduled. The real reason will shock you! Do not ignore this message.,0
"Students are informed that annual cultural fest will commence from 15th May 2026 as per the academic calendar. — Dr. Mehta, Dean Academic Affairs",1
Academic Notice: industrial visit will be conducted online via the college portal on Tuesday 9AM. — Academic Section,1
*Forwarded as received* lab practical will not happen tomorrow. Reliable source confirmed. Please verify and share.,0
The Registrar: The timetable for annual cultural fest is now available on the college website. Check before Friday 11AM.,1
🚨🚨 ALERT: seminar is suspended until further notice. Tell everyone ASAP! 🚨🚨 This is 100% real information.,0
Important: The venue for industrial visit has been changed to Lab Block 3. All other details remain the same. — The Registrar,1
Notice: The practical examination has been rescheduled to Tuesday 9AM at 2:00 PM. Please check the official portal for details. — The Examination Controller,1
EXCLUSIVE LEAKED INFO: university event is completely banned. Share before it gets deleted! This is 100% real information.,0
Students of third year are reminded that convocation ceremony is compulsory. Contact the office for any clarifications. — Principal's Office,1
Student Affairs Office: The timetable for mid-semester examination is now available on the college website. Check before Friday 11AM.,1
Notice: The scholarship application has been rescheduled to Friday 11AM at 10:00 AM. Please check the official portal for details. — Student Affairs Office,1
Confirmed by insiders: fest is cancelled. The real reason will shock you! This is 100% real information.,0
VIRAL: university event moved online - government trying to hide this. Share before its deleted! Passed on from group admin.,0
"Notice: The practical examination has been rescheduled to Friday 11AM at 11:00 AM. Please check the official portal for details. — Prof. Sharma, HOD Computer Science",1
Official communication: seminar on cybersecurity result will be declared on Friday 11AM. Check the official website for updates. — Principal's Office,1
VIRAL: seminar suspended - government trying to hide this. Share before its deleted! This is 100% real information.,0
🚨🚨 ALERT: fest is suspended until further notice. Tell everyone ASAP! 🚨🚨 Received from department WhatsApp group.,0
*Forwarded as received* lab practical will not happen tomorrow. Reliable source confirmed. Please verify and share.,0
Update: annual cultural fest originally scheduled for Wednesday 2PM stands confirmed. No changes have been made. — The Registrar,1
Don't attend exam! It has been delayed indefinitely due to unexpected maintenance. Spread the word! Received from department WhatsApp group.,0
"Academic Notice: scholarship application will be conducted online via the college portal on 25th May 2026. — Prof. Sharma, HOD Computer Science",1
Important: The venue for scholarship application has been changed to Lab Block 3. All other details remain the same. — The Registrar,1
"Students of final year are reminded that workshop on machine learning is compulsory. Contact the office for any clarifications. — Prof. Sharma, HOD Computer Science",1
EXCLUSIVE LEAKED INFO: lab practical is completely cancelled. Share before it gets deleted! Passed on from group admin.,0
Important: The venue for scholarship application has been changed to Room 204. All other details remain the same. — The Examination Controller,1
*Forwarded as received* sports day will not happen tomorrow. Reliable source confirmed. Received from department WhatsApp group.,0
EXCLUSIVE LEAKED INFO: annual function is completely delayed indefinitely. Share before it gets deleted! This is 100% real information.,0
The Principal's Office hereby informs students that alumni meet is scheduled on 15th May 2026 in Lab Block 3. Be present on time.,1
Students of third year are reminded that end-semester examination is compulsory. Contact the office for any clarifications. — Department of Information Technology,1
🚨🚨 ALERT: seminar is suspended until further notice. Tell everyone ASAP! 🚨🚨 This is 100% real information.,0
Don't attend project submission! It has been banned due to technical issues. Spread the word! Do not ignore this message.,0
Urgent warning: university event is dangerous. Forward this to protect everyone you know. Do not ignore this message.,0
Breaking news: Secret information about seminar - they don't want you to know this! Do not ignore this message.,0
EXCLUSIVE LEAKED INFO: fest is completely rescheduled. Share before it gets deleted! This is 100% real information.,0
*Forwarded as received* annual function will not happen tomorrow. Reliable source confirmed. Do not ignore this message.,0
"IMPORTANT MESSAGE: Due to COVID protocol, university event is now moved online. Share immediately! Received from department WhatsApp group.",0
Update: end-semester examination originally scheduled for Tuesday 9AM stands confirmed. No changes have been made. — Academic Section,1
Notice: The workshop on machine learning has been rescheduled to Monday 10AM at 10:00 AM. Please check the official portal for details. — Academic Section,1
"Reminder: industrial visit registration deadline is 1st June 2026. Visit the administrative office for further queries. — Prof. Sharma, HOD Computer Science",1
Don't attend fest! It has been delayed indefinitely due to safety hazard. Spread the word! This is 100% real information.,0
"IMPORTANT MESSAGE: Due to government order, project submission is now moved online. Share immediately! Do not ignore this message.",0
VIRAL: viva examination postponed - government trying to hide this. Share before its deleted! Do not ignore this message.,0
Urgent warning: exam is dangerous. Forward this to protect everyone you know. Please verify and share.,0
EXCLUSIVE LEAKED INFO: annual function is completely postponed. Share before it gets deleted! Passed on from group admin.,0
BREAKING: class postponed due to technical issues. Share with everyone immediately! Do not ignore this message.,0
"Dear Students, The mid-semester examination scheduled for 15th May 2026 will be held as per the original timetable in Examination Hall. — Academic Section",1
Breaking news: Secret information about class - they don't want you to know this! This is 100% real information.,0
Academic Notice: end-semester examination will be conducted online via the college portal on 15th May 2026. — Department of Information Technology,1
Notice: The fee payment has been rescheduled to 15th May 2026 at 2:00 PM. Please check the official portal for details. — Student Affairs Office,1
Notice from Academic Section: end-semester examination registration is now open. Last date to apply is 25th May 2026.,1
Students of first year are reminded that practical examination is compulsory. Contact the office for any clarifications. — Academic Section,1
"Dear Students, The workshop on machine learning scheduled for Friday 11AM will be held as per the original timetable in Main Hall. — Academic Section",1
🚨🚨 ALERT: viva examination is suspended until further notice. Tell everyone ASAP! 🚨🚨 This is 100% real information.,0
The Examination Controller: The timetable for library book submission is now available on the college website. Check before 1st June 2026.,1
"Dear Students, The annual cultural fest scheduled for Wednesday 2PM will be held as per the original timetable in Lab Block 3. — The Registrar",1
"Last minute information: class tomorrow is delayed indefinitely. Stay home, forward this message. Please verify and share.",0
Student Affairs Office: The timetable for fee payment is now available on the college website. Check before 20th May 2026.,1
Department of Information Technology announces the commencement of sports meet from Tuesday 9AM. All students are requested to prepare accordingly.,1
MUST SHARE!!! convocation has been unexpectedly moved online. All students must know NOW!!! Please verify and share.,0
Students of second year are reminded that library book submission is compulsory. Contact the office for any clarifications. — The Registrar,1
"100% confirmed: convocation postponed. Don't ignore this, forward to everyone now! Do not ignore this message.",0
"The Dr. Mehta, Dean Academic Affairs hereby informs students that result declaration is scheduled on Wednesday 2PM in Lab Block 3. Be present on time.",1
Reminder: scholarship application registration deadline is 20th May 2026. Visit the administrative office for further queries. — Department of Information Technology,1
Important: The venue for workshop on machine learning has been changed to Room 204. All other details remain the same. — The Examination Controller,1
You won't believe this! lab practical has been called off. The truth is shocking! Please verify and share.,0
Students are informed that sports meet will commence from 20th May 2026 as per the academic calendar. — Principal's Office,1
WARNING: If you attend college tomorrow you might water shortage. Share to save people! Passed on from group admin.,0
This is to inform all students that project viva will take place on Tuesday 9AM as announced. Attendance is mandatory. — Student Affairs Office,1
"Dear Students, The project viva scheduled for 25th May 2026 will be held as per the original timetable in Seminar Hall. — Principal's Office",1
URGENT!!! university event has been CANCELLED immediately. Forward this to all students NOW!!! Please verify and share.,0
"IMPORTANT MESSAGE: Due to staff absence, class is now rescheduled. Share immediately! Do not ignore this message.",0
WARNING: If you attend annual function tomorrow you might water shortage. Share to save people! Do not ignore this message.,0
Official communication: seminar on cybersecurity result will be declared on 1st June 2026. Check the official website for updates. — The Examination Controller,1
The Registrar: The timetable for sports meet is now available on the college website. Check before 1st June 2026.,1
Students are informed that workshop on machine learning will commence from Wednesday 2PM as per the academic calendar. — The Examination Controller,1
"Last minute information: college tomorrow is postponed. Stay home, forward this message. Received from department WhatsApp group.",0
"IMPORTANT MESSAGE: Due to technical issues, project submission is now cancelled. Share immediately! Passed on from group admin.",0
Notice: The end-semester examination has been rescheduled to 1st June 2026 at 10:00 AM. Please check the official portal for details. — Student Affairs Office,1
"The Prof. Sharma, HOD Computer Science hereby informs students that library book submission is scheduled on Tuesday 9AM in Auditorium A. Be present on time.",1
"Students are informed that workshop on machine learning will commence from 15th May 2026 as per the academic calendar. — Dr. Mehta, Dean Academic Affairs",1
Academic Notice: mid-semester examination will be conducted online via the college portal on Friday 11AM. — The Examination Controller,1
Circular No. 305: sports meet will be held as per schedule on 1st June 2026. Carry your ID cards. — Student Affairs Office,1
"Students are informed that convocation ceremony will commence from 15th May 2026 as per the academic calendar. — Dr. Mehta, Dean Academic Affairs",1
BREAKING: result declaration postponed due to security concerns. Share with everyone immediately! Please verify and share.,0
Shocking revelation: viva examination is a complete fraud. Share this viral truth immediately! Please verify and share.,0
MUST SHARE!!! sports day has been unexpectedly called off. All students must know NOW!!! Do not ignore this message.,0
"Dear Students, The annual cultural fest scheduled for Tuesday 9AM will be held as per the original timetable in Computer Centre. — Prof. Sharma, HOD Computer Science",1
The Principal's Office hereby informs students that industrial visit is scheduled on Wednesday 2PM in Room 204. Be present on time.,1
Academic Notice: seminar on cybersecurity will be conducted online via the college portal on 15th May 2026. — The Examination Controller,1
"Dear Students, The fee payment scheduled for Wednesday 2PM will be held as per the original timetable in Room 204. — Prof. Sharma, HOD Computer Science",1
Hidden truth revealed: university event is not what they tell you. Spread awareness now! Do not ignore this message.,0
"Last minute information: college tomorrow is cancelled. Stay home, forward this message. This is 100% real information.",0
"100% confirmed: seminar suspended. Don't ignore this, forward to everyone now! Do not ignore this message.",0
🚨🚨 ALERT: convocation is suspended until further notice. Tell everyone ASAP! 🚨🚨 This is 100% real information.,0
"Notice: The scholarship application has been rescheduled to Monday 10AM at 9:30 AM. Please check the official portal for details. — Prof. Sharma, HOD Computer Science",1
You won't believe this! seminar has been suspended. The truth is shocking! Please verify and share.,0
"Last minute information: workshop tomorrow is rescheduled. Stay home, forward this message. Received from department WhatsApp group.",0
Notice: The project viva has been rescheduled to 15th May 2026 at 2:00 PM. Please check the official portal for details. — Department of Information Technology,1
"IMPORTANT MESSAGE: Due to technical issues, fest is now suspended. Share immediately! Please verify and share.",0
Department of Information Technology: The timetable for scholarship application is now available on the college website. Check before Friday 11AM.,1
MUST SHARE!!! viva examination has been unexpectedly suspended. All students must know NOW!!! Please verify and share.,0
MUST SHARE!!! workshop has been unexpectedly delayed indefinitely. All students must know NOW!!! Received from department WhatsApp group.,0
Confirmed by insiders: sports day is suspended. The real reason will shock you! Received from department WhatsApp group.,0
Reminder: workshop on machine learning registration deadline is Monday 10AM. Visit the administrative office for further queries. — Student Affairs Office,1
Official communication: library book submission result will be declared on 20th May 2026. Check the official website for updates. — Academic Section,1
Academic Section announces the commencement of result declaration from Monday 10AM. All students are requested to prepare accordingly.,1
"Last minute information: university event tomorrow is merged with another event. Stay home, forward this message. Do not ignore this message.",0
URGENT!!! project submission has been CANCELLED immediately. Forward this to all students NOW!!! Received from department WhatsApp group.,0
You won't believe this! annual function has been banned. The truth is shocking! Passed on from group admin.,0
"Last minute information: project submission tomorrow is cancelled. Stay home, forward this message. Please verify and share.",0
BREAKING: seminar postponed due to technical issues. Share with everyone immediately! This is 100% real information.,0
"Students of all are reminded that convocation ceremony is compulsory. Contact the office for any clarifications. — Dr. Mehta, Dean Academic Affairs",1
The Department of Information Technology hereby informs students that mid-semester examination is scheduled on Wednesday 2PM in Auditorium A. Be present on time.,1
Notice: The seminar on cybersecurity has been rescheduled to Wednesday 2PM at 2:00 PM. Please check the official portal for details. — Student Affairs Office,1
VIRAL: lab practical postponed - government trying to hide this. Share before its deleted! This is 100% real information.,0
Shocking revelation: annual function is a complete fraud. Share this viral truth immediately! This is 100% real information.,0
"Last minute information: annual function tomorrow is cancelled. Stay home, forward this message. This is 100% real information.",0
Academic Notice: project viva will be conducted online via the college portal on 25th May 2026. — The Registrar,1
"This is to inform all students that result declaration will take place on Wednesday 2PM as announced. Attendance is mandatory. — Dr. Mehta, Dean Academic Affairs",1
"Last minute information: class tomorrow is delayed indefinitely. Stay home, forward this message. Passed on from group admin.",0
Important: The venue for project viva has been changed to Room 204. All other details remain the same. — Department of Information Technology,1
BREAKING: fest postponed due to power failure. Share with everyone immediately! This is 100% real information.,0
You won't believe this! project submission has been rescheduled. The truth is shocking! Passed on from group admin.,0
Message from reliable source: class cancelled without prior notice. Tell everyone. Passed on from group admin.,0
"IMPORTANT MESSAGE: Due to water shortage, fest is now rescheduled. Share immediately! Do not ignore this message.",0
BREAKING: annual function postponed due to power failure. Share with everyone immediately! This is 100% real information.,0
"Dear Students, The sports meet scheduled for 1st June 2026 will be held as per the original timetable in Seminar Hall. — Prof. Sharma, HOD Computer Science",1
"100% confirmed: workshop delayed indefinitely. Don't ignore this, forward to everyone now! Do not ignore this message.",0
MUST SHARE!!! exam has been unexpectedly called off. All students must know NOW!!! Please verify and share.,0
BREAKING: lab practical postponed due to administrative decision. Share with everyone immediately! Received from department WhatsApp group.,0
Students of final year are reminded that workshop on machine learning is compulsory. Contact the office for any clarifications. — The Registrar,1
MUST SHARE!!! annual function has been unexpectedly rescheduled. All students must know NOW!!! Passed on from group admin.,0
"Circular No. 202: alumni meet will be held as per schedule on Friday 11AM. Carry your ID cards. — Prof. Sharma, HOD Computer Science",1
You won't believe this! sports day has been suspended. The truth is shocking! This is 100% real information.,0
Shocking revelation: fest is a complete fraud. Share this viral truth immediately! Received from department WhatsApp group.,0
Academic Section announces the commencement of fee payment from Tuesday 9AM. All students are requested to prepare accordingly.,1
Circular No. 523: seminar on cybersecurity will be held as per schedule on Tuesday 9AM. Carry your ID cards. — The Registrar,1
🚨🚨 ALERT: university event is suspended until further notice. Tell everyone ASAP! 🚨🚨 Do not ignore this message.,0
Don't attend seminar! It has been merged with another event due to technical issues. Spread the word! Do not ignore this message.,0
You won't believe this! workshop has been postponed. The truth is shocking! Do not ignore this message.,0
Official communication: fee payment result will be declared on 15th May 2026. Check the official website for updates. — Principal's Office,1
EXCLUSIVE LEAKED INFO: convocation is completely delayed indefinitely. Share before it gets deleted! Received from department WhatsApp group.,0
*Forwarded as received* workshop will not happen tomorrow. Reliable source confirmed. Passed on from group admin.,0
Notice: The alumni meet has been rescheduled to 1st June 2026 at 2:00 PM. Please check the official portal for details. — Department of Information Technology,1
EXCLUSIVE LEAKED INFO: college is completely cancelled. Share before it gets deleted! This is 100% real information.,0
Circular No. 202: workshop on machine learning will be held as per schedule on 1st June 2026. Carry your ID cards. — Department of Information Technology,1
"Last minute information: lab practical tomorrow is merged with another event. Stay home, forward this message. Please verify and share.",0
*Forwarded as received* convocation will not happen tomorrow. Reliable source confirmed. Passed on from group admin.,0
The Department of Information Technology hereby informs students that scholarship application is scheduled on 20th May 2026 in Seminar Hall. Be present on time.,1
"Last minute information: convocation tomorrow is delayed indefinitely. Stay home, forward this message. Passed on from group admin.",0
WARNING: If you attend workshop tomorrow you might COVID protocol. Share to save people! This is 100% real information.,0
URGENT!!! fest has been CANCELLED immediately. Forward this to all students NOW!!! Do not ignore this message.,0
BREAKING: exam postponed due to safety hazard. Share with everyone immediately! Please verify and share.,0
"Prof. Sharma, HOD Computer Science announces the commencement of mid-semester examination from 25th May 2026. All students are requested to prepare accordingly.",1
"Last minute information: college tomorrow is suspended. Stay home, forward this message. Please verify and share.",0
"Last minute information: sports day tomorrow is rescheduled. Stay home, forward this message. Passed on from group admin.",0
You won't believe this! class has been banned. The truth is shocking! Passed on from group admin.,0
Update: end-semester examination originally scheduled for 1st June 2026 stands confirmed. No changes have been made. — Student Affairs Office,1
"Last minute information: convocation tomorrow is called off. Stay home, forward this message. Do not ignore this message.",0
"Notice from Dr. Mehta, Dean Academic Affairs: fee payment registration is now open. Last date to apply is Monday 10AM.",1
MUST SHARE!!! class has been unexpectedly banned. All students must know NOW!!! Do not ignore this message.,0
"Academic Notice: scholarship application will be conducted online via the college portal on Tuesday 9AM. — Prof. Sharma, HOD Computer Science",1
"Dear Students, The result declaration scheduled for 15th May 2026 will be held as per the original timetable in Room 204. — The Examination Controller",1
This is to inform all students that mid-semester examination will take place on 1st June 2026 as announced. Attendance is mandatory. — Principal's Office,1
MUST SHARE!!! workshop has been unexpectedly delayed indefinitely. All students must know NOW!!! Passed on from group admin.,0
This is to inform all students that sports meet will take place on Tuesday 9AM as announced. Attendance is mandatory. — Academic Section,1
MUST SHARE!!! workshop has been unexpectedly rescheduled. All students must know NOW!!! This is 100% real information.,0
Don't attend exam! It has been merged with another event due to unexpected maintenance. Spread the word! Received from department WhatsApp group.,0
EXCLUSIVE LEAKED INFO: college is completely cancelled. Share before it gets deleted! Passed on from group admin.,0
Reminder: alumni meet registration deadline is 25th May 2026. Visit the administrative office for further queries. — Department of Information Technology,1
Notice: The library book submission has been rescheduled to Tuesday 9AM at 9:30 AM. Please check the official portal for details. — Department of Information Technology,1
VIRAL: college delayed indefinitely - government trying to hide this. Share before its deleted! Do not ignore this message.,0
EXCLUSIVE LEAKED INFO: convocation is completely merged with another event. Share before it gets deleted! Passed on from group admin.,0
"The Dr. Mehta, Dean Academic Affairs hereby informs students that end-semester examination is scheduled on Tuesday 9AM in Lab Block 3. Be present on time.",1
MUST SHARE!!! result declaration has been unexpectedly moved online. All students must know NOW!!! Please verify and share.,0
"Dear Students, The library book submission scheduled for Friday 11AM will be held as per the original timetable in Seminar Hall. — Academic Section",1
Reminder: workshop on machine learning registration deadline is Tuesday 9AM. Visit the administrative office for further queries. — Principal's Office,1
Official communication: result declaration result will be declared on Friday 11AM. Check the official website for updates. — The Examination Controller,1
BREAKING: seminar postponed due to water shortage. Share with everyone immediately! Passed on from group admin.,0
"IMPORTANT MESSAGE: Due to security concerns, workshop is now moved online. Share immediately! This is 100% real information.",0
"Notice: The convocation ceremony has been rescheduled to 25th May 2026 at 2:00 PM. Please check the official portal for details. — Prof. Sharma, HOD Computer Science",1
Notice: The annual cultural fest has been rescheduled to 20th May 2026 at 2:00 PM. Please check the official portal for details. — Student Affairs Office,1
VIRAL: exam merged with another event - government trying to hide this. Share before its deleted! This is 100% real information.,0
The Academic Section hereby informs students that convocation ceremony is scheduled on Tuesday 9AM in Computer Centre. Be present on time.,1
Students of final year are reminded that fee payment is compulsory. Contact the office for any clarifications. — Principal's Office,1
Students are informed that end-semester examination will commence from 20th May 2026 as per the academic calendar. — The Registrar,1
Message from reliable source: seminar cancelled without prior notice. Tell everyone. This is 100% real information.,0
Academic Notice: library book submission will be conducted online via the college portal on Tuesday 9AM. — Principal's Office,1
The Examination Controller: The timetable for project viva is now available on the college website. Check before 15th May 2026.,1
BREAKING: college postponed due to security concerns. Share with everyone immediately! Do not ignore this message.,0
"Last minute information: workshop tomorrow is called off. Stay home, forward this message. Passed on from group admin.",0
The Department of Information Technology hereby informs students that sports meet is scheduled on Tuesday 9AM in Room 204. Be present on time.,1
Important: The venue for convocation ceremony has been changed to Computer Centre. All other details remain the same. — Academic Section,1
EXCLUSIVE LEAKED INFO: annual function is completely called off. Share before it gets deleted! Passed on from group admin.,0
"Dr. Mehta, Dean Academic Affairs: The timetable for mid-semester examination is now available on the college website. Check before Monday 10AM.",1
"Students of second year are reminded that practical examination is compulsory. Contact the office for any clarifications. — Dr. Mehta, Dean Academic Affairs",1
You won't believe this! sports day has been rescheduled. The truth is shocking! Please verify and share.,0
Notice: The convocation ceremony has been rescheduled to Wednesday 2PM at 11:00 AM. Please check the official portal for details. — Department of Information Technology,1
"Last minute information: exam tomorrow is banned. Stay home, forward this message. Passed on from group admin.",0
Circular No. 523: industrial visit will be held as per schedule on Friday 11AM. Carry your ID cards. — Student Affairs Office,1
You won't believe this! sports day has been cancelled. The truth is shocking! Do not ignore this message.,0
"Circular No. 202: industrial visit will be held as per schedule on 15th May 2026. Carry your ID cards. — Dr. Mehta, Dean Academic Affairs",1
MUST SHARE!!! result declaration has been unexpectedly rescheduled. All students must know NOW!!! Passed on from group admin.,0
Urgent warning: seminar is dangerous. Forward this to protect everyone you know. This is 100% real information.,0
Shocking revelation: convocation is a complete fraud. Share this viral truth immediately! This is 100% real information.,0
You won't believe this! fest has been rescheduled. The truth is shocking! Please verify and share.,0
VIRAL: viva examination rescheduled - government trying to hide this. Share before its deleted! Do not ignore this message.,0
"Dear Students, The scholarship application scheduled for 15th May 2026 will be held as per the original timetable in Examination Hall. — The Examination Controller",1
Urgent warning: annual function is dangerous. Forward this to protect everyone you know. Please verify and share.,0
VIRAL: sports day cancelled - government trying to hide this. Share before its deleted! Received from department WhatsApp group.,0
BREAKING: result declaration postponed due to water shortage. Share with everyone immediately! This is 100% real information.,0
BREAKING: class postponed due to administrative decision. Share with everyone immediately! Received from department WhatsApp group.,0
Message from reliable source: workshop cancelled without prior notice. Tell everyone. This is 100% real information.,0
"Dear Students, The convocation ceremony scheduled for Monday 10AM will be held as per the original timetable in Lab Block 3. — Prof. Sharma, HOD Computer Science",1
"Dear Students, The project viva scheduled for Monday 10AM will be held as per the original timetable in Computer Centre. — Academic Section",1
🚨🚨 ALERT: annual function is suspended until further notice. Tell everyone ASAP! 🚨🚨 Please verify and share.,0
Breaking news: Secret information about project submission - they don't want you to know this! Passed on from group admin.,0
Update: library book submission originally scheduled for 25th May 2026 stands confirmed. No changes have been made. — Department of Information Technology,1
Alert from higher authorities: viva examination banned with immediate effect. Share urgently! This is 100% real information.,0
Students are informed that industrial visit will commence from Friday 11AM as per the academic calendar. — Student Affairs Office,1
Shocking revelation: result declaration is a complete fraud. Share this viral truth immediately! Do not ignore this message.,0
Don't attend convocation! It has been merged with another event due to water shortage. Spread the word! This is 100% real information.,0
Reminder: scholarship application registration deadline is 25th May 2026. Visit the administrative office for further queries. — Principal's Office,1
Shocking revelation: fest is a complete fraud. Share this viral truth immediately! Do not ignore this message.,0
Reminder: sports meet registration deadline is 15th May 2026. Visit the administrative office for further queries. — Principal's Office,1
"100% confirmed: convocation called off. Don't ignore this, forward to everyone now! This is 100% real information.",0
The The Examination Controller hereby informs students that practical examination is scheduled on 20th May 2026 in Main Hall. Be present on time.,1
WARNING: If you attend class tomorrow you might technical issues. Share to save people! Please verify and share.,0
MUST SHARE!!! annual function has been unexpectedly delayed indefinitely. All students must know NOW!!! Passed on from group admin.,0
The The Registrar hereby informs students that industrial visit is scheduled on 25th May 2026 in Main Hall. Be present on time.,1
"Last minute information: lab practical tomorrow is postponed. Stay home, forward this message. This is 100% real information.",0
Alert from higher authorities: university event cancelled with immediate effect. Share urgently! This is 100% real information.,0
Academic Notice: seminar on cybersecurity will be conducted online via the college portal on 25th May 2026. — Department of Information Technology,1
Reminder: practical examination registration deadline is Tuesday 9AM. Visit the administrative office for further queries. — Student Affairs Office,1
"Official communication: fee payment result will be declared on 20th May 2026. Check the official website for updates. — Prof. Sharma, HOD Computer Science",1
Important: The venue for fee payment has been changed to Auditorium A. All other details remain the same. — Student Affairs Office,1
"Dr. Mehta, Dean Academic Affairs announces the commencement of project viva from Tuesday 9AM. All students are requested to prepare accordingly.",1
Notice: The library book submission has been rescheduled to Tuesday 9AM at 11:00 AM. Please check the official portal for details. — The Registrar,1
BREAKING: result declaration postponed due to water shortage. Share with everyone immediately! Passed on from group admin.,0
The Principal's Office hereby informs students that industrial visit is scheduled on 25th May 2026 in Computer Centre. Be present on time.,1
"Students of third year are reminded that annual cultural fest is compulsory. Contact the office for any clarifications. — Prof. Sharma, HOD Computer Science",1
The Student Affairs Office hereby informs students that scholarship application is scheduled on 1st June 2026 in Computer Centre. Be present on time.,1
"This is to inform all students that library book submission will take place on Wednesday 2PM as announced. Attendance is mandatory. — Dr. Mehta, Dean Academic Affairs",1
Notice from Department of Information Technology: end-semester examination registration is now open. Last date to apply is Wednesday 2PM.,1
Student Affairs Office announces the commencement of industrial visit from 1st June 2026. All students are requested to prepare accordingly.,1
Reminder: fee payment registration deadline is 25th May 2026. Visit the administrative office for further queries. — Academic Section,1
"100% confirmed: college merged with another event. Don't ignore this, forward to everyone now! Received from department WhatsApp group.",0
VIRAL: seminar merged with another event - government trying to hide this. Share before its deleted! Do not ignore this message.,0
Students are informed that sports meet will commence from Tuesday 9AM as per the academic calendar. — Academic Section,1
Reminder: seminar on cybersecurity registration deadline is Wednesday 2PM. Visit the administrative office for further queries. — The Registrar,1
Update: project viva originally scheduled for 20th May 2026 stands confirmed. No changes have been made. — Academic Section,1
"100% confirmed: lab practical postponed. Don't ignore this, forward to everyone now! Do not ignore this message.",0
Hidden truth revealed: convocation is not what they tell you. Spread awareness now! Received from department WhatsApp group.,0
EXCLUSIVE LEAKED INFO: university event is completely cancelled. Share before it gets deleted! Do not ignore this message.,0
EXCLUSIVE LEAKED INFO: workshop is completely postponed. Share before it gets deleted! Please verify and share.,0
Students are informed that fee payment will commence from 1st June 2026 as per the academic calendar. — Academic Section,1
The Registrar announces the commencement of convocation ceremony from 1st June 2026. All students are requested to prepare accordingly.,1
"100% confirmed: result declaration moved online. Don't ignore this, forward to everyone now! Please verify and share.",0
Update: convocation ceremony originally scheduled for 15th May 2026 stands confirmed. No changes have been made. — The Registrar,1
Update: sports meet originally scheduled for Wednesday 2PM stands confirmed. No changes have been made. — The Examination Controller,1
"Students are informed that industrial visit will commence from 20th May 2026 as per the academic calendar. — Dr. Mehta, Dean Academic Affairs",1
"Dr. Mehta, Dean Academic Affairs announces the commencement of result declaration from Monday 10AM. All students are requested to prepare accordingly.",1
Update: library book submission originally scheduled for 15th May 2026 stands confirmed. No changes have been made. — The Examination Controller,1
WARNING: If you attend seminar tomorrow you might technical issues. Share to save people! This is 100% real information.,0
"Students of second year are reminded that alumni meet is compulsory. Contact the office for any clarifications. — Dr. Mehta, Dean Academic Affairs",1
Notice from The Registrar: practical examination registration is now open. Last date to apply is 25th May 2026.,1
Academic Notice: end-semester examination will be conducted online via the college portal on 15th May 2026. — The Registrar,1
"Last minute information: lab practical tomorrow is rescheduled. Stay home, forward this message. Do not ignore this message.",0
Students of all are reminded that result declaration is compulsory. Contact the office for any clarifications. — Department of Information Technology,1
Urgent warning: convocation is dangerous. Forward this to protect everyone you know. Please verify and share.,0
🚨🚨 ALERT: university event is suspended until further notice. Tell everyone ASAP! 🚨🚨 Do not ignore this message.,0
Confirmed by insiders: sports day is merged with another event. The real reason will shock you! This is 100% real information.,0
Circular No. 202: seminar on cybersecurity will be held as per schedule on 15th May 2026. Carry your ID cards. — The Registrar,1
You won't believe this! fest has been moved online. The truth is shocking! Received from department WhatsApp group.,0
BREAKING: lab practical postponed due to unexpected maintenance. Share with everyone immediately! Received from department WhatsApp group.,0
"100% confirmed: convocation called off. Don't ignore this, forward to everyone now! Received from department WhatsApp group.",0
"Notice from Prof. Sharma, HOD Computer Science: practical examination registration is now open. Last date to apply is Tuesday 9AM.",1
Reminder: annual cultural fest registration deadline is Friday 11AM. Visit the administrative office for further queries. — The Examination Controller,1
Notice from Department of Information Technology: fee payment registration is now open. Last date to apply is 1st June 2026.,1
Notice: The seminar on cybersecurity has been rescheduled to 1st June 2026 at 2:00 PM. Please check the official portal for details. — Student Affairs Office,1
"100% confirmed: college banned. Don't ignore this, forward to everyone now! Do not ignore this message.",0
"The Prof. Sharma, HOD Computer Science hereby informs students that mid-semester examination is scheduled on Monday 10AM in Seminar Hall. Be present on time.",1
WARNING: If you attend college tomorrow you might technical issues. Share to save people! Received from department WhatsApp group.,0
"Update: industrial visit originally scheduled for Wednesday 2PM stands confirmed. No changes have been made. — Dr. Mehta, Dean Academic Affairs",1
*Forwarded as received* college will not happen tomorrow. Reliable source confirmed. Passed on from group admin.,0
Hidden truth revealed: sports day is not what they tell you. Spread awareness now! This is 100% real information.,0
Update: seminar on cybersecurity originally scheduled for Tuesday 9AM stands confirmed. No changes have been made. — Academic Section,1
🚨🚨 ALERT: annual function is suspended until further notice. Tell everyone ASAP! 🚨🚨 Passed on from group admin.,0
"Last minute information: college tomorrow is postponed. Stay home, forward this message. Received from department WhatsApp group.",0
Academic Notice: fee payment will be conducted online via the college portal on 1st June 2026. — The Registrar,1
"Last minute information: university event tomorrow is delayed indefinitely. Stay home, forward this message. This is 100% real information.",0
The Examination Controller announces the commencement of mid-semester examination from 20th May 2026. All students are requested to prepare accordingly.,1
WARNING: If you attend annual function tomorrow you might staff absence. Share to save people! Passed on from group admin.,0
Shocking revelation: seminar is a complete fraud. Share this viral truth immediately! Passed on from group admin.,0
Alert from higher authorities: sports day called off with immediate effect. Share urgently! Received from department WhatsApp group.,0
"Circular No. 202: practical examination will be held as per schedule on Monday 10AM. Carry your ID cards. — Prof. Sharma, HOD Computer Science",1
"Students of first year are reminded that workshop on machine learning is compulsory. Contact the office for any clarifications. — Dr. Mehta, Dean Academic Affairs",1
URGENT!!! exam has been CANCELLED immediately. Forward this to all students NOW!!! Please verify and share.,0
Shocking revelation: seminar is a complete fraud. Share this viral truth immediately! Please verify and share.,0
Alert from higher authorities: convocation banned with immediate effect. Share urgently! Please verify and share.,0
"Academic Notice: result declaration will be conducted online via the college portal on 1st June 2026. — Prof. Sharma, HOD Computer Science",1
Alert from higher authorities: viva examination rescheduled with immediate effect. Share urgently! Please verify and share.,0
"Reminder: library book submission registration deadline is 20th May 2026. Visit the administrative office for further queries. — Prof. Sharma, HOD Computer Science",1
Alert from higher authorities: workshop moved online with immediate effect. Share urgently! This is 100% real information.,0
"IMPORTANT MESSAGE: Due to unexpected maintenance, university event is now suspended. Share immediately! Received from department WhatsApp group.",0
*Forwarded as received* lab practical will not happen tomorrow. Reliable source confirmed. Do not ignore this message.,0
"Dear Students, The sports meet scheduled for 25th May 2026 will be held as per the original timetable in Main Hall. — Student Affairs Office",1
Hidden truth revealed: seminar is not what they tell you. Spread awareness now! Do not ignore this message.,0
"Notice: The industrial visit has been rescheduled to 1st June 2026 at 9:30 AM. Please check the official portal for details. — Dr. Mehta, Dean Academic Affairs",1
Alert from higher authorities: fest banned with immediate effect. Share urgently! Please verify and share.,0
Academic Notice: library book submission will be conducted online via the college portal on 15th May 2026. — Academic Section,1
Message from reliable source: result declaration cancelled without prior notice. Tell everyone. Passed on from group admin.,0
Students are informed that scholarship application will commence from 15th May 2026 as per the academic calendar. — Principal's Office,1
"Important: The venue for alumni meet has been changed to Main Hall. All other details remain the same. — Prof. Sharma, HOD Computer Science",1
Message from reliable source: convocation cancelled without prior notice. Tell everyone. Do not ignore this message.,0
Don't attend sports day! It has been rescheduled due to security concerns. Spread the word! Please verify and share.,0
*Forwarded as received* workshop will not happen tomorrow. Reliable source confirmed. Passed on from group admin.,0
"Dear Students, The library book submission scheduled for Friday 11AM will be held as per the original timetable in Main Hall. — Principal's Office",1
You won't believe this! lab practical has been called off. The truth is shocking! Please verify and share.,0
"Reminder: convocation ceremony registration deadline is Monday 10AM. Visit the administrative office for further queries. — Prof. Sharma, HOD Computer Science",1
Department of Information Technology announces the commencement of annual cultural fest from 15th May 2026. All students are requested to prepare accordingly.,1
"Students are informed that project viva will commence from Monday 10AM as per the academic calendar. — Prof. Sharma, HOD Computer Science",1
Hidden truth revealed: convocation is not what they tell you. Spread awareness now! This is 100% real information.,0
URGENT!!! viva examination has been CANCELLED immediately. Forward this to all students NOW!!! Please verify and share.,0
Reminder: sports meet registration deadline is 25th May 2026. Visit the administrative office for further queries. — Principal's Office,1
"Reminder: alumni meet registration deadline is 1st June 2026. Visit the administrative office for further queries. — Dr. Mehta, Dean Academic Affairs",1
"IMPORTANT MESSAGE: Due to staff absence, convocation is now suspended. Share immediately! Passed on from group admin.",0
"Students are informed that alumni meet will commence from 20th May 2026 as per the academic calendar. — Dr. Mehta, Dean Academic Affairs",1
URGENT!!! fest has been CANCELLED immediately. Forward this to all students NOW!!! Please verify and share.,0
"Last minute information: exam tomorrow is merged with another event. Stay home, forward this message. Received from department WhatsApp group.",0
Notice: The alumni meet has been rescheduled to 25th May 2026 at 9:30 AM. Please check the official portal for details. — Student Affairs Office,1
Notice: The end-semester examination has been rescheduled to Monday 10AM at 9:30 AM. Please check the official portal for details. — Student Affairs Office,1
WARNING: If you attend college tomorrow you might technical issues. Share to save people! Do not ignore this message.,0
MUST SHARE!!! class has been unexpectedly postponed. All students must know NOW!!! Do not ignore this message.,0
Don't attend annual function! It has been merged with another event due to security concerns. Spread the word! This is 100% real information.,0
Confirmed by insiders: college is cancelled. The real reason will shock you! Received from department WhatsApp group.,0
"IMPORTANT MESSAGE: Due to power failure, viva examination is now moved online. Share immediately! This is 100% real information.",0
URGENT!!! annual function has been CANCELLED immediately. Forward this to all students NOW!!! Do not ignore this message.,0
The Examination Controller announces the commencement of result declaration from Friday 11AM. All students are requested to prepare accordingly.,1
Hidden truth revealed: convocation is not what they tell you. Spread awareness now! Passed on from group admin.,0
MUST SHARE!!! convocation has been unexpectedly delayed indefinitely. All students must know NOW!!! This is 100% real information.,0
Official communication: seminar on cybersecurity result will be declared on Friday 11AM. Check the official website for updates. — Student Affairs Office,1
You won't believe this! convocation has been delayed indefinitely. The truth is shocking! Passed on from group admin.,0
Hidden truth revealed: lab practical is not what they tell you. Spread awareness now! This is 100% real information.,0
Urgent warning: seminar is dangerous. Forward this to protect everyone you know. Do not ignore this message.,0
The Examination Controller: The timetable for result declaration is now available on the college website. Check before Wednesday 2PM.,1
Don't attend seminar! It has been cancelled due to unexpected maintenance. Spread the word! Please verify and share.,0
"Students of third year are reminded that scholarship application is compulsory. Contact the office for any clarifications. — Dr. Mehta, Dean Academic Affairs",1
"Dear Students, The scholarship application scheduled for Friday 11AM will be held as per the original timetable in Main Hall. — Student Affairs Office",1
Urgent warning: viva examination is dangerous. Forward this to protect everyone you know. Please verify and share.,0
Academic Notice: alumni meet will be conducted online via the college portal on Monday 10AM. — Student Affairs Office,1
Official communication: annual cultural fest result will be declared on Tuesday 9AM. Check the official website for updates. — Student Affairs Office,1
EXCLUSIVE LEAKED INFO: sports day is completely delayed indefinitely. Share before it gets deleted! Received from department WhatsApp group.,0
Official communication: workshop on machine learning result will be declared on 1st June 2026. Check the official website for updates. — Department of Information Technology,1
Students of first year are reminded that result declaration is compulsory. Contact the office for any clarifications. — Principal's Office,1
"Last minute information: college tomorrow is called off. Stay home, forward this message. Received from department WhatsApp group.",0
*Forwarded as received* annual function will not happen tomorrow. Reliable source confirmed. Passed on from group admin.,0
Hidden truth revealed: result declaration is not what they tell you. Spread awareness now! Received from department WhatsApp group.,0
EXCLUSIVE LEAKED INFO: lab practical is completely banned. Share before it gets deleted! Do not ignore this message.,0
*Forwarded as received* class will not happen tomorrow. Reliable source confirmed. Passed on from group admin.,0
WARNING: If you attend lab practical tomorrow you might administrative decision. Share to save people! This is 100% real information.,0
"This is to inform all students that sports meet will take place on 25th May 2026 as announced. Attendance is mandatory. — Prof. Sharma, HOD Computer Science",1
MUST SHARE!!! lab practical has been unexpectedly banned. All students must know NOW!!! Received from department WhatsApp group.,0
Important: The venue for project viva has been changed to Computer Centre. All other details remain the same. — Principal's Office,1
Important: The venue for fee payment has been changed to Seminar Hall. All other details remain the same. — The Registrar,1
Student Affairs Office: The timetable for sports meet is now available on the college website. Check before Wednesday 2PM.,1
Department of Information Technology announces the commencement of workshop on machine learning from Monday 10AM. All students are requested to prepare accordingly.,1
"Last minute information: workshop tomorrow is postponed. Stay home, forward this message. Please verify and share.",0
*Forwarded as received* university event will not happen tomorrow. Reliable source confirmed. Passed on from group admin.,0
"Last minute information: result declaration tomorrow is moved online. Stay home, forward this message. Please verify and share.",0
Circular No. 101: sports meet will be held as per schedule on 20th May 2026. Carry your ID cards. — Principal's Office,1
Student Affairs Office: The timetable for practical examination is now available on the college website. Check before Friday 11AM.,1
Reminder: mid-semester examination registration deadline is Friday 11AM. Visit the administrative office for further queries. — The Registrar,1
Academic Section: The timetable for convocation ceremony is now available on the college website. Check before Monday 10AM.,1
Department of Information Technology: The timetable for fee payment is now available on the college website. Check before 15th May 2026.,1
EXCLUSIVE LEAKED INFO: college is completely merged with another event. Share before it gets deleted! Passed on from group admin.,0
Principal's Office: The timetable for mid-semester examination is now available on the college website. Check before Monday 10AM.,1
*Forwarded as received* fest will not happen tomorrow. Reliable source confirmed. Please verify and share.,0
EXCLUSIVE LEAKED INFO: class is completely moved online. Share before it gets deleted! Please verify and share.,0
"Circular No. 523: alumni meet will be held as per schedule on Monday 10AM. Carry your ID cards. — Prof. Sharma, HOD Computer Science",1
Students are informed that fee payment will commence from 1st June 2026 as per the academic calendar. — Student Affairs Office,1
Notice: The workshop on machine learning has been rescheduled to 1st June 2026 at 9:30 AM. Please check the official portal for details. — Department of Information Technology,1
Academic Notice: annual cultural fest will be conducted online via the college portal on 15th May 2026. — Department of Information Technology,1
🚨🚨 ALERT: seminar is suspended until further notice. Tell everyone ASAP! 🚨🚨 Please verify and share.,0
Urgent warning: sports day is dangerous. Forward this to protect everyone you know. Do not ignore this message.,0
Students are informed that end-semester examination will commence from 20th May 2026 as per the academic calendar. — Academic Section,1
"Dear Students, The library book submission scheduled for 1st June 2026 will be held as per the original timetable in Lab Block 3. — Dr. Mehta, Dean Academic Affairs",1
"Prof. Sharma, HOD Computer Science: The timetable for end-semester examination is now available on the college website. Check before Tuesday 9AM.",1
The Examination Controller: The timetable for convocation ceremony is now available on the college website. Check before 20th May 2026.,1
URGENT!!! university event has been CANCELLED immediately. Forward this to all students NOW!!! Received from department WhatsApp group.,0
The Academic Section hereby informs students that mid-semester examination is scheduled on 25th May 2026 in Seminar Hall. Be present on time.,1
*Forwarded as received* college will not happen tomorrow. Reliable source confirmed. Please verify and share.,0
"Last minute information: sports day tomorrow is suspended. Stay home, forward this message. Do not ignore this message.",0
Hidden truth revealed: sports day is not what they tell you. Spread awareness now! Please verify and share.,0
WARNING: If you attend annual function tomorrow you might administrative decision. Share to save people! Passed on from group admin.,0
Student Affairs Office: The timetable for result declaration is now available on the college website. Check before 20th May 2026.,1
Reminder: scholarship application registration deadline is 25th May 2026. Visit the administrative office for further queries. — Academic Section,1
Don't attend college! It has been delayed indefinitely due to water shortage. Spread the word! Passed on from group admin.,0
"The Prof. Sharma, HOD Computer Science hereby informs students that sports meet is scheduled on Wednesday 2PM in Auditorium A. Be present on time.",1
VIRAL: seminar cancelled - government trying to hide this. Share before its deleted! Please verify and share.,0
*Forwarded as received* lab practical will not happen tomorrow. Reliable source confirmed. Do not ignore this message.,0
Students are informed that library book submission will commence from Friday 11AM as per the academic calendar. — Department of Information Technology,1
Student Affairs Office: The timetable for result declaration is now available on the college website. Check before 25th May 2026.,1
This is to inform all students that project viva will take place on Monday 10AM as announced. Attendance is mandatory. — The Registrar,1
